upazila_code,type,param,area,percent,len
100447,pktp,P4,1528416,100,40-50 days
100447,krgp,K5,1528416,100,210-220/120-140 days
100447,cwz,T3,1528416,100,50-70 days
100447,hsz,E1,1528416,100,less than 0.5 days
100419,pktp,P4,218792,17.03,40-50 days
100419,pktp,P5,1065774,82.97,50-60 days
100419,krgp,K5,1284565,100,210-220/120-140 days
100419,cwz,T3,1284565,100,50-70 days
100419,hsz,E1,1284565,100,less than 0.5 days
100485,pktp,P4,8401,0.37,40-50 days
100485,pktp,P5,2235458,99.63,50-60 days
100485,krgp,K5,2243859,100,210-220/120-140 days
100485,cwz,T3,2243859,100,50-70 days
100485,hsz,E1,2243859,100,less than 0.5 days
100602,pktp,P4,1544496,100,40-50 days
100602,krgp,K6,1544496,100,220-230/120-145 days
100602,cwz,T3,1544496,100,50-70 days
100602,hsz,E1,1544496,100,less than 0.5 days
100409,pktp,P4,4017829,100,40-50 days
100409,krgp,K5,4017829,100,210-220/120-140 days
100409,cwz,T2,46371,1.15,40-50 days
100409,cwz,T1,11816,0.29,30-40 days
100409,cwz,T3,3959642,98.55,50-70 days
100409,hsz,E1,4017829,100,less than 0.5 days
100603,pktp,P4,1471683,100,40-50 days
100603,krgp,K6,1450601,98.57,220-230/120-145 days
100603,krgp,K7,21082,1.43,230-240/120-145 days
100603,cwz,T3,1471683,100,50-70 days
100603,hsz,E1,1471683,100,less than 0.5 days
100492,pktp,P4,3577825,100,40-50 days
100492,krgp,K5,3577825,100,210-220/120-140 days
100492,cwz,T3,3577825,100,50-70 days
100492,hsz,E1,3577825,100,less than 0.5 days
100428,pktp,P4,4416078,90.7,40-50 days
100428,pktp,P5,452910,9.3,50-60 days
100428,krgp,K5,4868989,100,210-220/120-140 days
100428,cwz,T2,65700,1.35,40-50 days
100428,cwz,T1,26329,0.54,30-40 days
100428,cwz,T3,4776960,98.11,50-70 days
100428,hsz,E1,4868989,100,less than 0.5 days
100651,pktp,P4,2109962,100,40-50 days
100651,krgp,K6,774650,36.71,220-230/120-145 days
100651,krgp,K7,1335312,63.29,230-240/120-145 days
100651,cwz,T3,2109962,100,50-70 days
100651,hsz,E1,2109962,100,less than 0.5 days
100607,pktp,P4,3538098,100,40-50 days
100607,krgp,K5,1664175,47.04,210-220/120-140 days
100607,krgp,K6,1766880,49.94,220-230/120-145 days
100607,krgp,K7,107042,3.03,230-240/120-145 days
100607,cwz,T3,3538098,100,50-70 days
100607,hsz,E1,3538098,100,less than 0.5 days
100610,pktp,P4,1600855,100,40-50 days
100610,krgp,K5,104808,6.55,210-220/120-140 days
100610,krgp,K6,1496047,93.45,220-230/120-145 days
100610,cwz,T3,1600855,100,50-70 days
100610,hsz,E1,1600855,100,less than 0.5 days
100662,pktp,P4,3520213,100,40-50 days
100662,krgp,K6,1614924,45.88,220-230/120-145 days
100662,krgp,K7,1905289,54.12,230-240/120-145 days
100662,cwz,T3,3520213,100,50-70 days
100662,hsz,E1,3520213,100,less than 0.5 days
100632,pktp,P4,1893305,100,40-50 days
100632,krgp,K6,1893305,100,220-230/120-145 days
100632,cwz,T3,1893305,100,50-70 days
100632,hsz,E1,1893305,100,less than 0.5 days
100636,pktp,P4,4861231,100,40-50 days
100636,krgp,K6,4797288,98.68,220-230/120-145 days
100636,krgp,K7,63943,1.32,230-240/120-145 days
100636,cwz,T3,4861231,100,50-70 days
100636,hsz,E1,4861231,100,less than 0.5 days
100669,pktp,P4,2962531,100,40-50 days
100669,krgp,K6,2962531,100,220-230/120-145 days
100669,cwz,T3,2962531,100,50-70 days
100669,hsz,E1,2962531,100,less than 0.5 days
100694,pktp,P4,2638752,100,40-50 days
100694,krgp,K5,12589,0.48,210-220/120-140 days
100694,krgp,K6,2626163,99.52,220-230/120-145 days
100694,cwz,T3,2638752,100,50-70 days
100694,hsz,E1,2638752,100,less than 0.5 days
100929,pktp,P4,3953310,100,40-50 days
100929,krgp,K6,14381,0.36,220-230/120-145 days
100929,krgp,K7,3938929,99.64,230-240/120-145 days
100929,cwz,T3,3953310,100,50-70 days
100929,hsz,E1,3953310,100,less than 0.5 days
100965,pktp,P4,1661563,100,40-50 days
100965,krgp,K6,1132652,68.17,220-230/120-145 days
100965,krgp,K7,528911,31.83,230-240/120-145 days
100965,cwz,T2,1661563,100,40-50 days
100965,hsz,E1,1661563,100,less than 0.5 days
100921,pktp,P4,3634446,100,40-50 days
100921,krgp,K6,2676127,73.63,220-230/120-145 days
100921,krgp,K7,958319,26.37,230-240/120-145 days
100921,cwz,T3,3634446,100,50-70 days
100921,hsz,E1,3634446,100,less than 0.5 days
100925,pktp,P4,6280206,100,40-50 days
100925,krgp,K6,6280206,100,220-230/120-145 days
100925,cwz,T2,1439454,22.92,40-50 days
100925,cwz,T3,4840751,77.08,50-70 days
100925,hsz,E1,6280206,100,less than 0.5 days
100954,pktp,P4,4882755,100,40-50 days
100954,krgp,K6,4882755,100,220-230/120-145 days
100954,cwz,T2,1419956,29.08,40-50 days
100954,cwz,T3,3462799,70.92,50-70 days
100954,hsz,E1,4882755,100,less than 0.5 days
100991,pktp,P4,1877657,100,40-50 days
100991,krgp,K6,597855,31.84,220-230/120-145 days
100991,krgp,K7,1279803,68.16,230-240/120-145 days
100991,cwz,T2,833570,44.39,40-50 days
100991,cwz,T3,1044087,55.61,50-70 days
100991,hsz,E1,1877657,100,less than 0.5 days
104240,pktp,P4,2589277,100,40-50 days
104240,krgp,K5,1123239,43.38,210-220/120-140 days
104240,krgp,K6,1466038,56.62,220-230/120-145 days
104240,cwz,T3,2589277,100,50-70 days
104240,hsz,E1,2589277,100,less than 0.5 days
100918,pktp,P4,5596433,100,40-50 days
100918,krgp,K6,299540,5.35,220-230/120-145 days
100918,krgp,K7,5296893,94.65,230-240/120-145 days
100918,cwz,T3,5596433,100,50-70 days
100918,hsz,E1,5596433,100,less than 0.5 days
107855,pktp,P4,789388,100,40-50 days
107855,krgp,K5,789388,100,210-220/120-140 days
107855,cwz,T3,789388,100,50-70 days
107855,hsz,E1,789388,100,less than 0.5 days
104243,pktp,P4,809772,53.99,40-50 days
104243,pktp,P5,690134,46.01,50-60 days
104243,krgp,K5,1499906,100,210-220/120-140 days
104243,cwz,T3,1499906,100,50-70 days
104243,hsz,E1,1499906,100,less than 0.5 days
107852,pktp,P4,2199915,100,40-50 days
107852,krgp,K6,2199915,100,220-230/120-145 days
107852,cwz,T3,2199915,100,50-70 days
107852,hsz,E1,2199915,100,less than 0.5 days
104273,pktp,P4,1940975,100,40-50 days
104273,krgp,K5,1046155,53.9,210-220/120-140 days
104273,krgp,K6,894820,46.1,220-230/120-145 days
104273,cwz,T3,1940975,100,50-70 days
104273,hsz,E1,1940975,100,less than 0.5 days
104284,pktp,P4,1489258,96.69,40-50 days
104284,pktp,P5,50982,3.31,50-60 days
104284,krgp,K5,1540241,100,210-220/120-140 days
104284,cwz,T3,1540241,100,50-70 days
104284,hsz,E1,1540241,100,less than 0.5 days
107838,pktp,P4,4156269,100,40-50 days
107838,krgp,K5,409082,9.84,210-220/120-140 days
107838,krgp,K6,3747187,90.16,220-230/120-145 days
107838,cwz,T3,4156269,100,50-70 days
107838,hsz,E1,4156269,100,less than 0.5 days
107866,pktp,P4,6276803,100,40-50 days
107866,krgp,K5,5178692,82.51,210-220/120-140 days
107866,krgp,K6,1098111,17.49,220-230/120-145 days
107866,cwz,T2,30711,0.49,40-50 days
107866,cwz,T3,6246092,99.51,50-70 days
107866,hsz,E1,6276803,100,less than 0.5 days
107857,pktp,P4,4382478,100,40-50 days
107857,krgp,K5,1280139,29.21,210-220/120-140 days
107857,krgp,K6,3102339,70.79,220-230/120-145 days
107857,cwz,T3,4382478,100,50-70 days
107857,hsz,E1,4382478,100,less than 0.5 days
107897,pktp,P4,5147596,100,40-50 days
107897,krgp,K5,2942,0.06,210-220/120-140 days
107897,krgp,K6,5144654,99.94,220-230/120-145 days
107897,cwz,T2,479667,9.32,40-50 days
107897,cwz,T3,4667929,90.68,50-70 days
107897,hsz,E1,5147596,100,less than 0.5 days
107947,pktp,P4,652174,62.46,40-50 days
107947,pktp,P5,392055,37.54,50-60 days
107947,krgp,K5,1044230,100,210-220/120-140 days
107947,cwz,T3,1044230,100,50-70 days
107947,hsz,E1,1044230,100,less than 0.5 days
107914,pktp,P4,193329,13.21,40-50 days
107914,pktp,P5,1270425,86.79,50-60 days
107914,krgp,K5,1463754,100,210-220/120-140 days
107914,cwz,T3,1463754,100,50-70 days
107914,hsz,E1,1463754,100,less than 0.5 days
107895,pktp,P4,4710364,100,40-50 days
107895,krgp,K5,4637849,98.46,210-220/120-140 days
107895,krgp,K6,72515,1.54,220-230/120-145 days
107895,cwz,T3,4710364,100,50-70 days
107895,hsz,E1,4710364,100,less than 0.5 days
107990,pktp,P5,859202,100,50-60 days
107990,krgp,K5,496154,57.75,210-220/120-140 days
107990,krgp,K4,363048,42.25,200-210/115-135 days
107990,cwz,T3,859202,100,50-70 days
107990,hsz,E1,859202,100,less than 0.5 days
107876,pktp,P4,1541067,100,40-50 days
107876,krgp,K5,1541067,100,210-220/120-140 days
107876,cwz,T3,1541067,100,50-70 days
107876,hsz,E1,1541067,100,less than 0.5 days
107976,pktp,P4,1247025,56.4,40-50 days
107976,pktp,P5,964116,43.6,50-60 days
107976,krgp,K5,2208199,99.87,210-220/120-140 days
107976,krgp,K6,2942,0.13,220-230/120-145 days
107976,cwz,T3,2211140,100,50-70 days
107976,hsz,E1,2211140,100,less than 0.5 days
107958,pktp,P5,3164245,100,50-60 days
107958,krgp,K5,3123097,98.7,210-220/120-140 days
107958,krgp,K4,41148,1.3,200-210/115-135 days
107958,cwz,T3,3164245,100,50-70 days
107958,hsz,E1,3164245,100,less than 0.5 days
107987,pktp,P4,2294663,97.69,40-50 days
107987,pktp,P5,54349,2.31,50-60 days
107987,krgp,K5,1914482,81.5,210-220/120-140 days
107987,krgp,K6,434530,18.5,220-230/120-145 days
107987,cwz,T3,2349012,100,50-70 days
107987,hsz,E1,2349012,100,less than 0.5 days
107980,pktp,P4,8958,0.43,40-50 days
107980,pktp,P5,2075922,99.57,50-60 days
107980,krgp,K5,2084879,100,210-220/120-140 days
107980,cwz,T3,2084879,100,50-70 days
107980,hsz,E1,2084879,100,less than 0.5 days
200304,pktp,P4,9941291,100,40-50 days
200304,krgp,K6,9941291,100,220-230/120-145 days
200304,cwz,T2,81349,0.82,40-50 days
200304,cwz,T1,9859942,99.18,30-40 days
200304,hsz,E1,9941291,100,less than 0.5 days
200314,pktp,P4,5285467,100,40-50 days
200314,krgp,K6,5285467,100,220-230/120-145 days
200314,cwz,T2,2894080,54.76,40-50 days
200314,cwz,T3,2391387,45.24,50-70 days
200314,hsz,E1,5285467,100,less than 0.5 days
200389,pktp,P4,4279327,100,40-50 days
200389,krgp,K6,4279327,100,220-230/120-145 days
200389,cwz,T2,1208145,28.23,40-50 days
200389,cwz,T3,3071182,71.77,50-70 days
200389,hsz,E1,4279327,100,less than 0.5 days
200351,pktp,P4,8942578,100,40-50 days
200351,krgp,K6,8942578,100,220-230/120-145 days
200351,cwz,T2,1711665,19.14,40-50 days
200351,cwz,T1,7230913,80.86,30-40 days
200351,hsz,E1,8942578,100,less than 0.5 days
200373,pktp,P4,6531030,100,40-50 days
200373,krgp,K6,6531030,100,220-230/120-145 days
200373,cwz,T1,6531030,100,30-40 days
200373,hsz,E1,6531030,100,less than 0.5 days
200391,pktp,P4,7979868,100,40-50 days
200391,krgp,K6,7979868,100,220-230/120-145 days
200391,cwz,T2,7304451,91.54,40-50 days
200391,cwz,T3,675417,8.46,50-70 days
200391,hsz,E1,7979868,100,less than 0.5 days
200395,pktp,P4,9675067,100,40-50 days
200395,krgp,K6,9675067,100,220-230/120-145 days
200395,cwz,T2,4519838,46.72,40-50 days
200395,cwz,T1,5155229,53.28,30-40 days
200395,hsz,E1,9675067,100,less than 0.5 days
201202,pktp,P3,1095619,100,30-40 days
201202,krgp,K7,1095619,100,230-240/120-145 days
201202,cwz,T3,1095619,100,50-70 days
201202,hsz,E1,1095619,100,less than 0.5 days
201233,pktp,P3,775505,100,30-40 days
201233,krgp,K7,775505,100,230-240/120-145 days
201233,cwz,T3,775505,100,50-70 days
201233,hsz,E1,775505,100,less than 0.5 days
201204,pktp,P3,1302,2.1,30-40 days
201204,pktp,P4,60802,97.9,40-50 days
201204,krgp,K6,62103,100,220-230/120-145 days
201204,cwz,T3,62103,100,50-70 days
201204,hsz,E1,62103,100,less than 0.5 days
201207,pktp,P3,2287268,100,30-40 days
201207,krgp,K7,2287268,100,230-240/120-145 days
201207,cwz,T4,1205726,52.71,70-90 days
201207,cwz,T3,1081542,47.29,50-70 days
201207,hsz,E1,2287268,100,less than 0.5 days
201213,pktp,P3,2130573,100,30-40 days
201213,krgp,K7,2130573,100,230-240/120-145 days
201213,cwz,T4,1583,0.07,70-90 days
201213,cwz,T3,2128990,99.93,50-70 days
201213,hsz,E1,2130573,100,less than 0.5 days
201285,pktp,P3,3774609,82.55,30-40 days
201285,pktp,P4,797929,17.45,40-50 days
201285,krgp,K6,1392288,30.45,220-230/120-145 days
201285,krgp,K7,3180250,69.55,230-240/120-145 days
201285,cwz,T3,4572538,100,50-70 days
201285,hsz,E1,4572538,100,less than 0.5 days
201294,pktp,P3,2202172,100,30-40 days
201294,krgp,K7,2202172,100,230-240/120-145 days
201294,cwz,T4,1163779,52.85,70-90 days
201294,cwz,T3,1038393,47.15,50-70 days
201294,hsz,E1,2202172,100,less than 0.5 days
201290,pktp,P3,4025778,100,30-40 days
201290,krgp,K8,817362,20.3,240-250/135-150 days
201290,krgp,K7,3208417,79.7,230-240/120-145 days
201290,cwz,T4,4006892,99.53,70-90 days
201290,cwz,T3,18887,0.47,50-70 days
201290,hsz,E1,4025778,100,less than 0.5 days
201263,pktp,P3,2740949,100,30-40 days
201263,krgp,K7,2740949,100,230-240/120-145 days
201263,cwz,T3,2740949,100,50-70 days
201263,hsz,E1,2740949,100,less than 0.5 days
201322,pktp,P4,2743306,100,40-50 days
201322,krgp,K6,2743306,100,220-230/120-145 days
201322,cwz,T3,2743306,100,50-70 days
201322,hsz,E1,2743306,100,less than 0.5 days
201345,pktp,P3,122277,4.09,30-40 days
201345,pktp,P4,2865445,95.91,40-50 days
201345,krgp,K6,2987722,100,220-230/120-145 days
201345,cwz,T3,2987722,100,50-70 days
201345,hsz,E1,2987722,100,less than 0.5 days
201347,pktp,P4,892328,100,40-50 days
201347,krgp,K6,892328,100,220-230/120-145 days
201347,cwz,T3,892328,100,50-70 days
201347,hsz,E1,892328,100,less than 0.5 days
201349,pktp,P3,1640164,87.43,30-40 days
201349,pktp,P4,235895,12.57,40-50 days
201349,krgp,K6,1876060,100,220-230/120-145 days
201349,cwz,T3,1876060,100,50-70 days
201349,hsz,E1,1876060,100,less than 0.5 days
201358,pktp,P3,3016747,100,30-40 days
201358,krgp,K6,3016747,100,220-230/120-145 days
201358,cwz,T3,3016747,100,50-70 days
201358,hsz,E1,3016747,100,less than 0.5 days
201379,pktp,P3,7664,13.59,30-40 days
201379,pktp,P4,48717,86.41,40-50 days
201379,krgp,K6,56381,100,220-230/120-145 days
201379,cwz,T3,56381,100,50-70 days
201379,hsz,E1,56381,100,less than 0.5 days
201376,pktp,P3,867800,53.07,30-40 days
201376,pktp,P4,767543,46.93,40-50 days
201376,krgp,K6,1635342,100,220-230/120-145 days
201376,cwz,T3,1635342,100,50-70 days
201376,hsz,E1,1635342,100,less than 0.5 days
201395,pktp,P3,1512181,100,30-40 days
201395,krgp,K6,1512181,100,220-230/120-145 days
201395,cwz,T3,1512181,100,50-70 days
201395,hsz,E1,1512181,100,less than 0.5 days
201504,pktp,P4,1430126,100,40-50 days
201504,krgp,K6,1430126,100,220-230/120-145 days
201504,cwz,T2,1430126,100,40-50 days
201504,hsz,E1,1430126,100,less than 0.5 days
201508,pktp,P4,3406391,100,40-50 days
201508,krgp,K6,3406391,100,220-230/120-145 days
201508,cwz,T2,1163018,34.14,40-50 days
201508,cwz,T1,2243373,65.86,30-40 days
201508,hsz,E1,3406391,100,less than 0.5 days
201512,pktp,P4,1311457,100,40-50 days
201512,krgp,K6,1311457,100,220-230/120-145 days
201512,cwz,T2,640367,48.83,40-50 days
201512,cwz,T3,671090,51.17,50-70 days
201512,hsz,E1,1311457,100,less than 0.5 days
201518,pktp,P4,1990723,100,40-50 days
201518,krgp,K6,1990723,100,220-230/120-145 days
201518,cwz,T2,1723159,86.56,40-50 days
201518,cwz,T3,267565,13.44,50-70 days
201518,hsz,E1,1990723,100,less than 0.5 days
201539,pktp,P4,478562,100,40-50 days
201539,krgp,K6,478562,100,220-230/120-145 days
201539,cwz,T2,478562,100,40-50 days
201539,hsz,E1,478562,100,less than 0.5 days
201533,pktp,P4,9623290,100,40-50 days
201533,krgp,K5,3752912,39,210-220/120-140 days
201533,krgp,K6,5870378,61,220-230/120-145 days
201533,cwz,T3,9623290,100,50-70 days
201533,hsz,E1,9623290,100,less than 0.5 days
201570,pktp,P4,69331,100,40-50 days
201570,krgp,K6,69331,100,220-230/120-145 days
201570,cwz,T3,69331,100,50-70 days
201570,hsz,E1,69331,100,less than 0.5 days
201547,pktp,P4,3303908,100,40-50 days
201547,krgp,K6,3303908,100,220-230/120-145 days
201547,cwz,T2,1641741,49.69,40-50 days
201547,cwz,T1,1662167,50.31,30-40 days
201547,hsz,E1,3303908,100,less than 0.5 days
201537,pktp,P4,2268506,100,40-50 days
201537,krgp,K5,779941,34.38,210-220/120-140 days
201537,krgp,K6,1488565,65.62,220-230/120-145 days
201537,cwz,T4,4605,0.2,70-90 days
201537,cwz,T2,39304,1.73,40-50 days
201537,cwz,T3,2224596,98.06,50-70 days
201537,hsz,E1,2268506,100,less than 0.5 days
201553,pktp,P4,6525654,100,40-50 days
201553,krgp,K6,2055362,31.5,220-230/120-145 days
201553,krgp,K7,4470292,68.5,230-240/120-145 days
201553,cwz,T3,6525654,100,50-70 days
201553,hsz,E1,6525654,100,less than 0.5 days
201561,pktp,P4,2525079,100,40-50 days
201561,krgp,K6,2525079,100,220-230/120-145 days
201561,cwz,T2,2278715,90.24,40-50 days
201561,cwz,T3,246364,9.76,50-70 days
201561,hsz,E1,2525079,100,less than 0.5 days
201578,pktp,P4,4994863,100,40-50 days
201578,krgp,K7,4994863,100,230-240/120-145 days
201578,cwz,T2,4526062,90.61,40-50 days
201578,cwz,T3,468801,9.39,50-70 days
201578,hsz,E1,4994863,100,less than 0.5 days
201574,pktp,P4,3094947,100,40-50 days
201574,krgp,K5,223155,7.21,210-220/120-140 days
201574,krgp,K6,2871792,92.79,220-230/120-145 days
201574,cwz,T2,2814,0.09,40-50 days
201574,cwz,T3,3092133,99.91,50-70 days
201574,hsz,E1,3094947,100,less than 0.5 days
202216,pktp,P4,98548,100,40-50 days
202216,krgp,K6,98548,100,220-230/120-145 days
202216,cwz,T1,98548,100,30-40 days
202216,hsz,E1,98548,100,less than 0.5 days
201582,pktp,P4,2690146,100,40-50 days
201582,krgp,K6,2690146,100,220-230/120-145 days
201582,cwz,T2,2641707,98.2,40-50 days
201582,cwz,T1,48440,1.8,30-40 days
201582,hsz,E1,2690146,100,less than 0.5 days
201586,pktp,P4,2632669,100,40-50 days
201586,krgp,K6,2358576,89.59,220-230/120-145 days
201586,krgp,K7,274093,10.41,230-240/120-145 days
201586,cwz,T4,10275,0.39,70-90 days
201586,cwz,T2,208148,7.91,40-50 days
201586,cwz,T3,2414246,91.7,50-70 days
201586,hsz,E1,2632669,100,less than 0.5 days
202224,pktp,P4,1567117,100,40-50 days
202224,krgp,K6,1567117,100,220-230/120-145 days
202224,cwz,T1,1567117,100,30-40 days
202224,hsz,E1,1567117,100,less than 0.5 days
202232,pktp,P4,1096815,100,40-50 days
202232,krgp,K6,1096815,100,220-230/120-145 days
202232,cwz,T1,1096815,100,30-40 days
202232,hsz,E1,1096815,100,less than 0.5 days
202245,pktp,P4,630053,100,40-50 days
202245,krgp,K6,630053,100,220-230/120-145 days
202245,cwz,T1,630053,100,30-40 days
202245,hsz,E1,630053,100,less than 0.5 days
202249,pktp,P4,4928484,100,40-50 days
202249,krgp,K6,4928484,100,220-230/120-145 days
202249,cwz,T1,4928484,100,30-40 days
202249,hsz,E1,4928484,100,less than 0.5 days
202256,pktp,P4,1261744,100,40-50 days
202256,krgp,K6,1261744,100,220-230/120-145 days
202256,cwz,T1,1261744,100,30-40 days
202256,hsz,E1,1261744,100,less than 0.5 days
202290,pktp,P4,2975956,100,40-50 days
202290,krgp,K6,2975956,100,220-230/120-145 days
202290,cwz,T1,2975956,100,30-40 days
202290,hsz,E1,2975956,100,less than 0.5 days
202266,pktp,P4,4864846,100,40-50 days
202266,krgp,K6,4864846,100,220-230/120-145 days
202266,cwz,T1,4864846,100,30-40 days
202266,hsz,E1,4864846,100,less than 0.5 days
202294,pktp,P4,2503343,100,40-50 days
202294,krgp,K6,2503343,100,220-230/120-145 days
202294,cwz,T1,2503343,100,30-40 days
202294,hsz,E1,2503343,100,less than 0.5 days
201967,pktp,P3,1228194,100,30-40 days
201967,krgp,K7,1228194,100,230-240/120-145 days
201967,cwz,T3,1228194,100,50-70 days
201967,hsz,E1,1228194,100,less than 0.5 days
201909,pktp,P3,2435631,100,30-40 days
201909,krgp,K6,1054039,43.28,220-230/120-145 days
201909,krgp,K7,1381593,56.72,230-240/120-145 days
201909,cwz,T3,2435631,100,50-70 days
201909,hsz,E1,2435631,100,less than 0.5 days
201918,pktp,P3,1670014,100,30-40 days
201918,krgp,K7,1670014,100,230-240/120-145 days
201918,cwz,T3,1670014,100,50-70 days
201918,hsz,E1,1670014,100,less than 0.5 days
201927,pktp,P3,2034533,100,30-40 days
201927,krgp,K6,1767687,86.88,220-230/120-145 days
201927,krgp,K7,266846,13.12,230-240/120-145 days
201927,cwz,T3,2034533,100,50-70 days
201927,hsz,E1,2034533,100,less than 0.5 days
201915,pktp,P3,1286434,100,30-40 days
201915,krgp,K7,1286434,100,230-240/120-145 days
201915,cwz,T3,1286434,100,50-70 days
201915,hsz,E1,1286434,100,less than 0.5 days
201931,pktp,P3,3451502,100,30-40 days
201931,krgp,K6,20944,0.61,220-230/120-145 days
201931,krgp,K7,3430559,99.39,230-240/120-145 days
201931,cwz,T3,3451502,100,50-70 days
201931,hsz,E1,3451502,100,less than 0.5 days
201972,pktp,P3,1384747,100,30-40 days
201972,krgp,K6,1175309,84.88,220-230/120-145 days
201972,krgp,K7,209438,15.12,230-240/120-145 days
201972,cwz,T3,1384747,100,50-70 days
201972,hsz,E1,1384747,100,less than 0.5 days
201936,pktp,P3,2148052,100,30-40 days
201936,krgp,K6,2148052,100,220-230/120-145 days
201936,cwz,T3,2148052,100,50-70 days
201936,hsz,E1,2148052,100,less than 0.5 days
201940,pktp,P3,2338222,100,30-40 days
201940,krgp,K6,1504334,64.34,220-230/120-145 days
201940,krgp,K7,833888,35.66,230-240/120-145 days
201940,cwz,T3,2338222,100,50-70 days
201940,hsz,E1,2338222,100,less than 0.5 days
201954,pktp,P3,656150,53.97,30-40 days
201954,pktp,P4,559676,46.03,40-50 days
201954,krgp,K6,1215826,100,220-230/120-145 days
201954,cwz,T3,1215826,100,50-70 days
201954,hsz,E1,1215826,100,less than 0.5 days
201974,pktp,P3,1778414,100,30-40 days
201974,krgp,K6,1778414,100,220-230/120-145 days
201974,cwz,T3,1778414,100,50-70 days
201974,hsz,E1,1778414,100,less than 0.5 days
201973,pktp,P3,1546262,100,30-40 days
201973,krgp,K7,1546262,100,230-240/120-145 days
201973,cwz,T3,1546262,100,50-70 days
201973,hsz,E1,1546262,100,less than 0.5 days
201975,pktp,P3,388642,27.91,30-40 days
201975,pktp,P4,1003921,72.09,40-50 days
201975,krgp,K6,1392563,100,220-230/120-145 days
201975,cwz,T3,1392563,100,50-70 days
201975,hsz,E1,1392563,100,less than 0.5 days
201981,pktp,P3,68284,100,30-40 days
201981,pktp,P4,0,0,40-50 days
201981,krgp,K6,63772,93.39,220-230/120-145 days
201981,krgp,K7,4512,6.61,230-240/120-145 days
201981,cwz,T3,68284,100,50-70 days
201981,hsz,E1,68284,100,less than 0.5 days
201987,pktp,P3,2304447,100,30-40 days
201987,krgp,K6,1817506,78.87,220-230/120-145 days
201987,krgp,K7,486941,21.13,230-240/120-145 days
201987,cwz,T3,2304447,100,50-70 days
201987,hsz,E1,2304447,100,less than 0.5 days
201933,pktp,P3,1507697,100,30-40 days
201933,krgp,K7,1507697,100,230-240/120-145 days
201933,cwz,T3,1507697,100,50-70 days
201933,hsz,E1,1507697,100,less than 0.5 days
203014,pktp,P3,1021165,75.86,30-40 days
203014,pktp,P4,324937,24.14,40-50 days
203014,krgp,K7,1346102,100,230-240/120-145 days
203014,cwz,T3,1346102,100,50-70 days
203014,hsz,E1,1346102,100,less than 0.5 days
203025,pktp,P3,1409946,100,30-40 days
203025,krgp,K7,1409946,100,230-240/120-145 days
203025,cwz,T3,1409946,100,50-70 days
203025,hsz,E1,1409946,100,less than 0.5 days
203041,pktp,P3,1288152,100,30-40 days
203041,krgp,K7,1288152,100,230-240/120-145 days
203041,cwz,T3,1288152,100,50-70 days
203041,hsz,E1,1288152,100,less than 0.5 days
201994,pktp,P3,1420294,100,30-40 days
201994,krgp,K6,1420294,100,220-230/120-145 days
201994,cwz,T3,1420294,100,50-70 days
201994,hsz,E1,1420294,100,less than 0.5 days
203029,pktp,P3,1971033,92.04,30-40 days
203029,pktp,P4,170548,7.96,40-50 days
203029,krgp,K7,2141581,100,230-240/120-145 days
203029,cwz,T3,2141581,100,50-70 days
203029,hsz,E1,2141581,100,less than 0.5 days
203051,pktp,P3,998033,100,30-40 days
203051,krgp,K7,998033,100,230-240/120-145 days
203051,cwz,T3,998033,100,50-70 days
203051,hsz,E1,998033,100,less than 0.5 days
203094,pktp,P3,455397,20.36,30-40 days
203094,pktp,P4,1781500,79.64,40-50 days
203094,krgp,K7,2236897,100,230-240/120-145 days
203094,cwz,T3,2236897,100,50-70 days
203094,hsz,E1,2236897,100,less than 0.5 days
204647,pktp,P4,2827723,100,40-50 days
204647,krgp,K6,2827723,100,220-230/120-145 days
204647,cwz,T3,2827723,100,50-70 days
204647,hsz,E1,2827723,100,less than 0.5 days
204643,pktp,P4,11256454,100,40-50 days
204643,krgp,K6,11256454,100,220-230/120-145 days
204643,cwz,T3,11256454,100,50-70 days
204643,hsz,E1,11256454,100,less than 0.5 days
204649,pktp,P4,2618231,100,40-50 days
204649,krgp,K6,2618231,100,220-230/120-145 days
204649,cwz,T3,2618231,100,50-70 days
204649,hsz,E1,2618231,100,less than 0.5 days
204661,pktp,P4,2677449,100,40-50 days
204661,krgp,K6,2677449,100,220-230/120-145 days
204661,cwz,T3,2677449,100,50-70 days
204661,hsz,E1,2677449,100,less than 0.5 days
204665,pktp,P4,3022426,100,40-50 days
204665,krgp,K6,3022426,100,220-230/120-145 days
204665,cwz,T3,3022426,100,50-70 days
204665,hsz,E1,3022426,100,less than 0.5 days
204667,pktp,P4,1780929,100,40-50 days
204667,krgp,K6,1780929,100,220-230/120-145 days
204667,cwz,T3,1780929,100,50-70 days
204667,hsz,E1,1780929,100,less than 0.5 days
204670,pktp,P4,5824596,100,40-50 days
204670,krgp,K6,5824596,100,220-230/120-145 days
204670,cwz,T3,5824596,100,50-70 days
204670,hsz,E1,5824596,100,less than 0.5 days
204677,pktp,P4,4238088,100,40-50 days
204677,krgp,K6,4238088,100,220-230/120-145 days
204677,cwz,T3,4238088,100,50-70 days
204677,hsz,E1,4238088,100,less than 0.5 days
204680,pktp,P4,1901168,100,40-50 days
204680,krgp,K6,1901168,100,220-230/120-145 days
204680,cwz,T3,1901168,100,50-70 days
204680,hsz,E1,1901168,100,less than 0.5 days
205133,pktp,P4,3344858,100,40-50 days
205133,krgp,K7,3344858,100,230-240/120-145 days
205133,cwz,T2,286722,8.57,40-50 days
205133,cwz,T3,3058135,91.43,50-70 days
205133,hsz,E1,3344858,100,less than 0.5 days
205165,pktp,P3,503792,29.74,30-40 days
205165,pktp,P4,1190096,70.26,40-50 days
205165,krgp,K6,1693888,100,220-230/120-145 days
205165,cwz,T3,1693888,100,50-70 days
205165,hsz,E1,1693888,100,less than 0.5 days
205173,pktp,P4,1576226,100,40-50 days
205173,krgp,K7,1576226,100,230-240/120-145 days
205173,cwz,T2,631589,40.07,40-50 days
205173,cwz,T3,944637,59.93,50-70 days
205173,hsz,E1,1576226,100,less than 0.5 days
205143,pktp,P4,4586601,100,40-50 days
205143,krgp,K6,2739176,59.72,220-230/120-145 days
205143,krgp,K7,1847425,40.28,230-240/120-145 days
205143,cwz,T2,1118693,24.39,40-50 days
205143,cwz,T3,3467908,75.61,50-70 days
205143,hsz,E1,4586601,100,less than 0.5 days
205158,pktp,P4,2430112,100,40-50 days
205158,krgp,K6,2430112,100,220-230/120-145 days
205158,cwz,T3,2430112,100,50-70 days
205158,hsz,E1,2430112,100,less than 0.5 days
207507,pktp,P3,1154708,48.87,30-40 days
207507,pktp,P4,1207917,51.13,40-50 days
207507,krgp,K6,340001,14.39,220-230/120-145 days
207507,krgp,K7,2022624,85.61,230-240/120-145 days
207507,cwz,T2,2355182,99.68,40-50 days
207507,cwz,T3,7443,0.32,50-70 days
207507,hsz,E1,2362626,100,less than 0.5 days
207510,pktp,P3,766899,55.63,30-40 days
207510,pktp,P4,611782,44.37,40-50 days
207510,krgp,K6,1378681,100,220-230/120-145 days
207510,cwz,T2,149810,10.87,40-50 days
207510,cwz,T3,1228871,89.13,50-70 days
207510,hsz,E1,1378681,100,less than 0.5 days
207521,pktp,P3,186898,6.55,30-40 days
207521,pktp,P4,2665557,93.45,40-50 days
207521,krgp,K7,2852455,100,230-240/120-145 days
207521,cwz,T2,1394286,48.88,40-50 days
207521,cwz,T3,1458169,51.12,50-70 days
207521,hsz,E1,2852455,100,less than 0.5 days
207536,pktp,P4,17711332,100,40-50 days
207536,krgp,K6,988609,5.58,220-230/120-145 days
207536,krgp,K7,16722723,94.42,230-240/120-145 days
207536,cwz,T2,17711332,100,40-50 days
207536,hsz,E1,17711332,100,less than 0.5 days
207580,pktp,P3,1601663,98.01,30-40 days
207580,pktp,P4,32516,1.99,40-50 days
207580,krgp,K6,570619,34.92,220-230/120-145 days
207580,krgp,K7,1063560,65.08,230-240/120-145 days
207580,cwz,T2,326280,19.97,40-50 days
207580,cwz,T3,1307899,80.03,50-70 days
207580,hsz,E1,1634179,100,less than 0.5 days
207547,pktp,P3,8199,0.51,30-40 days
207547,pktp,P4,1584489,99.49,40-50 days
207547,krgp,K7,1592688,100,230-240/120-145 days
207547,cwz,T2,1592688,100,40-50 days
207547,hsz,E1,1592688,100,less than 0.5 days
207587,pktp,P4,3400432,100,40-50 days
207587,krgp,K7,3400432,100,230-240/120-145 days
207587,cwz,T2,3365730,98.98,40-50 days
207587,cwz,T3,34702,1.02,50-70 days
207587,hsz,E1,3400432,100,less than 0.5 days
207583,pktp,P3,2132107,98.4,30-40 days
207583,pktp,P4,34610,1.6,40-50 days
207583,krgp,K6,2055818,94.88,220-230/120-145 days
207583,krgp,K7,110899,5.12,230-240/120-145 days
207583,cwz,T2,1008009,46.52,40-50 days
207583,cwz,T3,1158708,53.48,50-70 days
207583,hsz,E1,2166717,100,less than 0.5 days
207585,pktp,P4,6115089,100,40-50 days
207585,krgp,K7,6115089,100,230-240/120-145 days
207585,cwz,T2,6115089,100,40-50 days
207585,hsz,E1,6115089,100,less than 0.5 days
208421,pktp,P4,8437343,100,40-50 days
208421,krgp,K6,8437343,100,220-230/120-145 days
208421,cwz,T3,8437343,100,50-70 days
208421,hsz,E1,8437343,100,less than 0.5 days
208407,pktp,P4,18877271,100,40-50 days
208407,krgp,K6,18877271,100,220-230/120-145 days
208407,cwz,T4,99130,0.53,70-90 days
208407,cwz,T3,18778141,99.47,50-70 days
208407,hsz,E1,18877271,100,less than 0.5 days
208429,pktp,P4,9569794,100,40-50 days
208429,krgp,K6,9569794,100,220-230/120-145 days
208429,cwz,T2,1929139,20.16,40-50 days
208429,cwz,T3,7640655,79.84,50-70 days
208429,hsz,E1,9569794,100,less than 0.5 days
208447,pktp,P4,8202416,100,40-50 days
208447,krgp,K6,8202416,100,220-230/120-145 days
208447,cwz,T3,8202416,100,50-70 days
208447,hsz,E1,8202416,100,less than 0.5 days
208436,pktp,P4,2482344,100,40-50 days
208436,krgp,K6,2482344,100,220-230/120-145 days
208436,cwz,T3,2482344,100,50-70 days
208436,hsz,E1,2482344,100,less than 0.5 days
208425,pktp,P4,3068425,100,40-50 days
208425,krgp,K6,3068425,100,220-230/120-145 days
208425,cwz,T3,3068425,100,50-70 days
208425,hsz,E1,3068425,100,less than 0.5 days
208458,pktp,P4,6279968,100,40-50 days
208458,krgp,K6,6279968,100,220-230/120-145 days
208458,cwz,T3,6279968,100,50-70 days
208458,hsz,E1,6279968,100,less than 0.5 days
208478,pktp,P4,1454781,100,40-50 days
208478,krgp,K6,1454781,100,220-230/120-145 days
208478,cwz,T3,1454781,100,50-70 days
208478,hsz,E1,1454781,100,less than 0.5 days
208475,pktp,P4,4274084,100,40-50 days
208475,krgp,K6,4274084,100,220-230/120-145 days
208475,cwz,T3,4274084,100,50-70 days
208475,hsz,E1,4274084,100,less than 0.5 days
208487,pktp,P4,6067424,100,40-50 days
208487,krgp,K6,6067424,100,220-230/120-145 days
208487,cwz,T3,6067424,100,50-70 days
208487,hsz,E1,6067424,100,less than 0.5 days
302618,pktp,P4,1834024,100,40-50 days
302618,krgp,K6,1834024,100,220-230/120-145 days
302618,cwz,T3,1834024,100,50-70 days
302618,hsz,E1,1834024,100,less than 0.5 days
302614,pktp,P4,3098529,100,40-50 days
302614,krgp,K5,398270,12.85,210-220/120-140 days
302614,krgp,K6,2700259,87.15,220-230/120-145 days
302614,cwz,T4,29929,0.97,70-90 days
302614,cwz,T3,3068600,99.03,50-70 days
302614,hsz,E2,168137,5.43,0.5-5 days
302614,hsz,E1,2930392,94.57,less than 0.5 days
302638,pktp,P4,2324385,100,40-50 days
302638,krgp,K6,2324385,100,220-230/120-145 days
302638,cwz,T3,2324385,100,50-70 days
302638,hsz,E1,2324385,100,less than 0.5 days
302662,pktp,P4,3136180,100,40-50 days
302662,krgp,K6,3136180,100,220-230/120-145 days
302662,cwz,T3,3136180,100,50-70 days
302662,hsz,E1,3136180,100,less than 0.5 days
302672,pktp,P4,3616921,100,40-50 days
302672,krgp,K6,3616921,100,220-230/120-145 days
302672,cwz,T3,3616921,100,50-70 days
302672,hsz,E1,3616921,100,less than 0.5 days
302903,pktp,P4,1326427,100,40-50 days
302903,krgp,K5,1326427,100,210-220/120-140 days
302903,cwz,T3,1326427,100,50-70 days
302903,hsz,E2,1326427,100,0.5-5 days
302910,pktp,P4,2145230,100,40-50 days
302910,krgp,K6,2145230,100,220-230/120-145 days
302910,cwz,T3,2145230,100,50-70 days
302910,hsz,E1,2145230,100,less than 0.5 days
302918,pktp,P4,2765981,100,40-50 days
302918,krgp,K5,1884127,68.12,210-220/120-140 days
302918,krgp,K6,881854,31.88,220-230/120-145 days
302918,cwz,T3,2765981,100,50-70 days
302918,hsz,E2,2765878,100,0.5-5 days
302918,hsz,E1,103,0,less than 0.5 days
302921,pktp,P4,1313342,100,40-50 days
302921,krgp,K6,1313342,100,220-230/120-145 days
302921,cwz,T3,1313342,100,50-70 days
302921,hsz,E1,1313342,100,less than 0.5 days
302947,pktp,P4,3761197,100,40-50 days
302947,krgp,K6,3761197,100,220-230/120-145 days
302947,cwz,T3,3761197,100,50-70 days
302947,hsz,E2,250277,6.65,0.5-5 days
302947,hsz,E1,3510920,93.35,less than 0.5 days
302956,pktp,P4,2302734,100,40-50 days
302956,krgp,K5,579624,25.17,210-220/120-140 days
302956,krgp,K6,1723110,74.83,220-230/120-145 days
302956,cwz,T4,124253,5.4,70-90 days
302956,cwz,T3,2178481,94.6,50-70 days
302956,hsz,E2,2302734,100,0.5-5 days
302962,pktp,P4,1957197,100,40-50 days
302962,krgp,K6,1957197,100,220-230/120-145 days
302962,cwz,T3,1957197,100,50-70 days
302962,hsz,E2,90316,4.61,0.5-5 days
302962,hsz,E1,1866881,95.39,less than 0.5 days
302984,pktp,P4,3490413,100,40-50 days
302984,krgp,K6,3490413,100,220-230/120-145 days
302984,cwz,T3,3490413,100,50-70 days
302984,hsz,E1,3490413,100,less than 0.5 days
303331,pktp,P4,4076115,100,40-50 days
303331,krgp,K6,4076115,100,220-230/120-145 days
303331,cwz,T3,4076115,100,50-70 days
303331,hsz,E1,4076115,100,less than 0.5 days
302990,pktp,P4,1879753,100,40-50 days
302990,krgp,K5,14283,0.76,210-220/120-140 days
302990,krgp,K6,1865470,99.24,220-230/120-145 days
302990,cwz,T3,1879753,100,50-70 days
302990,hsz,E2,1305694,69.46,0.5-5 days
302990,hsz,E1,574060,30.54,less than 0.5 days
303330,pktp,P4,1347661,100,40-50 days
303330,krgp,K6,1347661,100,220-230/120-145 days
303330,cwz,T3,1347661,100,50-70 days
303330,hsz,E1,1347661,100,less than 0.5 days
303332,pktp,P4,3066973,100,40-50 days
303332,krgp,K6,3066973,100,220-230/120-145 days
303332,cwz,T3,3066973,100,50-70 days
303332,hsz,E1,3066973,100,less than 0.5 days
303334,pktp,P4,2817687,100,40-50 days
303334,krgp,K6,2817687,100,220-230/120-145 days
303334,cwz,T3,2817687,100,50-70 days
303334,hsz,E1,2817687,100,less than 0.5 days
303336,pktp,P4,4594687,100,40-50 days
303336,krgp,K6,2555970,55.63,220-230/120-145 days
303336,krgp,K7,2038718,44.37,230-240/120-145 days
303336,cwz,T3,4594687,100,50-70 days
303336,hsz,E1,4594687,100,less than 0.5 days
303532,pktp,P4,90604,79.04,40-50 days
303532,pktp,P5,24025,20.96,50-60 days
303532,krgp,K5,98692,86.1,210-220/120-140 days
303532,krgp,K6,15936,13.9,220-230/120-145 days
303532,cwz,T3,114628,100,50-70 days
303532,hsz,E2,35921,31.34,0.5-5 days
303532,hsz,E1,78707,68.66,less than 0.5 days
303386,pktp,P4,4510083,100,40-50 days
303386,krgp,K6,4212490,93.4,220-230/120-145 days
303386,krgp,K7,297594,6.6,230-240/120-145 days
303386,cwz,T4,134098,2.97,70-90 days
303386,cwz,T3,4375985,97.03,50-70 days
303386,hsz,E1,4510083,100,less than 0.5 days
303551,pktp,P4,4688345,100,40-50 days
303551,krgp,K5,1014234,21.63,210-220/120-140 days
303551,krgp,K6,3674110,78.37,220-230/120-145 days
303551,cwz,T3,4688345,100,50-70 days
303551,hsz,E1,4688345,100,less than 0.5 days
303543,pktp,P4,2839610,99.76,40-50 days
303543,pktp,P5,6831,0.24,50-60 days
303543,krgp,K5,2768613,97.27,210-220/120-140 days
303543,krgp,K6,77828,2.73,220-230/120-145 days
303543,cwz,T3,2846441,100,50-70 days
303543,hsz,E2,2188883,76.9,0.5-5 days
303543,hsz,E1,657558,23.1,less than 0.5 days
303558,pktp,P4,3115043,100,40-50 days
303558,krgp,K5,270011,8.67,210-220/120-140 days
303558,krgp,K6,2845032,91.33,220-230/120-145 days
303558,cwz,T3,3115043,100,50-70 days
303558,hsz,E2,280891,9.02,0.5-5 days
303558,hsz,E1,2834152,90.98,less than 0.5 days
303591,pktp,P4,1416170,86.04,40-50 days
303591,pktp,P5,229759,13.96,50-60 days
303591,krgp,K5,1645929,100,210-220/120-140 days
303591,cwz,T3,1645929,100,50-70 days
303591,hsz,E1,1645929,100,less than 0.5 days
304802,pktp,P3,61025,100,30-40 days
304802,krgp,K9,7054,11.56,250-260/135-150 days
304802,krgp,K8,48084,78.79,240-250/135-150 days
304802,krgp,K7,5887,9.65,230-240/120-145 days
304802,cwz,T4,61025,100,70-90 days
304802,hsz,E1,61025,100,less than 0.5 days
304806,pktp,P3,1849988,100,30-40 days
304806,krgp,K8,60885,3.29,240-250/135-150 days
304806,krgp,K7,1789103,96.71,230-240/120-145 days
304806,cwz,T4,442173,23.9,70-90 days
304806,cwz,T3,1407816,76.1,50-70 days
304806,hsz,E1,1849988,100,less than 0.5 days
304811,pktp,P3,23678,100,30-40 days
304811,krgp,K7,23678,100,230-240/120-145 days
304811,cwz,T3,23678,100,50-70 days
304811,hsz,E1,23678,100,less than 0.5 days
304827,pktp,P3,905971,74.81,30-40 days
304827,pktp,P4,305025,25.19,40-50 days
304827,krgp,K7,1210995,100,230-240/120-145 days
304827,cwz,T4,1210995,100,70-90 days
304827,hsz,E1,1210995,100,less than 0.5 days
304842,pktp,P3,2023492,100,30-40 days
304842,krgp,K8,2023492,100,240-250/135-150 days
304842,cwz,T4,2023492,100,70-90 days
304842,hsz,E1,2023492,100,less than 0.5 days
304854,pktp,P3,21280,100,30-40 days
304854,krgp,K7,21280,100,230-240/120-145 days
304854,cwz,T3,21280,100,50-70 days
304854,hsz,E1,21280,100,less than 0.5 days
304833,pktp,P2,2995022,60.43,20-30 days
304833,pktp,P3,1960955,39.57,30-40 days
304833,krgp,K9,3399385,68.59,250-260/135-150 days
304833,krgp,K10,623444,12.58,260-270/135-150 days
304833,krgp,K8,933149,18.83,240-250/135-150 days
304833,cwz,T4,4955978,100,70-90 days
304833,hsz,E1,4955978,100,less than 0.5 days
304849,pktp,P3,1735871,100,30-40 days
304849,krgp,K8,1189361,68.52,240-250/135-150 days
304849,krgp,K7,546510,31.48,230-240/120-145 days
304849,cwz,T4,1733026,99.84,70-90 days
304849,cwz,T3,2846,0.16,50-70 days
304849,hsz,E1,1735871,100,less than 0.5 days
304845,pktp,P3,2728026,100,30-40 days
304845,krgp,K8,506064,18.55,240-250/135-150 days
304845,krgp,K7,2221963,81.45,230-240/120-145 days
304845,cwz,T4,892449,32.71,70-90 days
304845,cwz,T3,1835577,67.29,50-70 days
304845,hsz,E1,2728026,100,less than 0.5 days
304859,pktp,P2,185915,6.58,20-30 days
304859,pktp,P3,2639905,93.42,30-40 days
304859,krgp,K9,1352530,47.86,250-260/135-150 days
304859,krgp,K8,1473290,52.14,240-250/135-150 days
304859,cwz,T4,2825820,100,70-90 days
304859,hsz,E1,2825820,100,less than 0.5 days
304876,pktp,P3,2554153,100,30-40 days
304876,krgp,K8,1955363,76.56,240-250/135-150 days
304876,krgp,K7,598790,23.44,230-240/120-145 days
304876,cwz,T4,2141948,83.86,70-90 days
304876,cwz,T3,412205,16.14,50-70 days
304876,hsz,E1,2554153,100,less than 0.5 days
304879,pktp,P3,1636510,73.28,30-40 days
304879,pktp,P4,596716,26.72,40-50 days
304879,krgp,K7,2233226,100,230-240/120-145 days
304879,cwz,T4,497722,22.29,70-90 days
304879,cwz,T3,1735504,77.71,50-70 days
304879,hsz,E1,2233226,100,less than 0.5 days
304892,pktp,P2,2665,0.19,20-30 days
304892,pktp,P3,1418277,99.81,30-40 days
304892,krgp,K8,1420943,100,240-250/135-150 days
304892,cwz,T4,1420943,100,70-90 days
304892,hsz,E1,1420943,100,less than 0.5 days
305418,pktp,P4,971911,100,40-50 days
305418,krgp,K6,971911,100,220-230/120-145 days
305418,cwz,T3,971911,100,50-70 days
305418,hsz,E1,971911,100,less than 0.5 days
305480,pktp,P4,2366748,100,40-50 days
305480,krgp,K6,2366748,100,220-230/120-145 days
305480,cwz,T3,2366748,100,50-70 days
305480,hsz,E1,2366748,100,less than 0.5 days
305440,pktp,P4,2661185,100,40-50 days
305440,krgp,K6,2661185,100,220-230/120-145 days
305440,cwz,T3,2661185,100,50-70 days
305440,hsz,E1,2661185,100,less than 0.5 days
305487,pktp,P4,4653155,100,40-50 days
305487,krgp,K6,4653155,100,220-230/120-145 days
305487,cwz,T3,4653155,100,50-70 days
305487,hsz,E1,4653155,100,less than 0.5 days
305610,pktp,P4,1086072,51.06,40-50 days
305610,pktp,P5,1040878,48.94,50-60 days
305610,krgp,K5,2126951,100,210-220/120-140 days
305610,cwz,T4,1206930,56.74,70-90 days
305610,cwz,T3,920021,43.26,50-70 days
305610,hsz,E2,2126951,100,0.5-5 days
305454,pktp,P4,3571632,100,40-50 days
305454,krgp,K6,3571632,100,220-230/120-145 days
305454,cwz,T3,3571632,100,50-70 days
305454,hsz,E1,3571632,100,less than 0.5 days
305622,pktp,P4,29094,100,40-50 days
305622,krgp,K5,25674,88.25,210-220/120-140 days
305622,krgp,K6,3420,11.75,220-230/120-145 days
305622,cwz,T3,29094,100,50-70 days
305622,hsz,E2,26058,89.56,0.5-5 days
305622,hsz,E1,3036,10.44,less than 0.5 days
305628,pktp,P4,3374849,100,40-50 days
305628,krgp,K5,132617,3.93,210-220/120-140 days
305628,krgp,K6,3242231,96.07,220-230/120-145 days
305628,cwz,T3,3374849,100,50-70 days
305628,hsz,E2,188867,5.6,0.5-5 days
305628,hsz,E1,3185982,94.4,less than 0.5 days
305670,pktp,P4,1789165,100,40-50 days
305670,krgp,K5,1560963,87.25,210-220/120-140 days
305670,krgp,K6,228202,12.75,220-230/120-145 days
305670,cwz,T4,230714,12.9,70-90 days
305670,cwz,T3,1558451,87.1,50-70 days
305670,hsz,E2,932729,52.13,0.5-5 days
305670,hsz,E1,856436,47.87,less than 0.5 days
305646,pktp,P4,2175723,100,40-50 days
305646,krgp,K5,455374,20.93,210-220/120-140 days
305646,krgp,K6,1720349,79.07,220-230/120-145 days
305646,cwz,T3,2175723,100,50-70 days
305646,hsz,E2,198537,9.13,0.5-5 days
305646,hsz,E1,1977186,90.87,less than 0.5 days
305678,pktp,P4,1945090,99.86,40-50 days
305678,pktp,P5,2653,0.14,50-60 days
305678,krgp,K5,1871407,96.08,210-220/120-140 days
305678,krgp,K6,76335,3.92,220-230/120-145 days
305678,cwz,T4,10999,0.56,70-90 days
305678,cwz,T3,1936744,99.44,50-70 days
305678,hsz,E2,1893230,97.2,0.5-5 days
305678,hsz,E1,54513,2.8,less than 0.5 days
305682,pktp,P4,2141522,100,40-50 days
305682,krgp,K6,2141522,100,220-230/120-145 days
305682,cwz,T3,2141522,100,50-70 days
305682,hsz,E1,2141522,100,less than 0.5 days
305924,pktp,P3,278625,16.27,30-40 days
305924,pktp,P4,1433447,83.73,40-50 days
305924,krgp,K6,1712072,100,220-230/120-145 days
305924,cwz,T3,1712072,100,50-70 days
305924,hsz,E1,1712072,100,less than 0.5 days
305944,pktp,P4,1356894,100,40-50 days
305944,krgp,K6,1356894,100,220-230/120-145 days
305944,cwz,T3,1356894,100,50-70 days
305944,hsz,E1,1356894,100,less than 0.5 days
305956,pktp,P4,1843088,100,40-50 days
305956,krgp,K6,1843088,100,220-230/120-145 days
305956,cwz,T3,1843088,100,50-70 days
305956,hsz,E1,1843088,100,less than 0.5 days
305974,pktp,P4,1760925,100,40-50 days
305974,krgp,K6,1760925,100,220-230/120-145 days
305974,cwz,T3,1760925,100,50-70 days
305974,hsz,E1,1760925,100,less than 0.5 days
305984,pktp,P4,2573452,100,40-50 days
305984,krgp,K6,2573452,100,220-230/120-145 days
305984,cwz,T3,2573452,100,50-70 days
305984,hsz,E1,2573452,100,less than 0.5 days
305994,pktp,P4,1461009,100,40-50 days
305994,krgp,K6,1461009,100,220-230/120-145 days
305994,cwz,T3,1461009,100,50-70 days
305994,hsz,E1,1461009,100,less than 0.5 days
306706,pktp,P4,521718,100,40-50 days
306706,krgp,K6,521718,100,220-230/120-145 days
306706,cwz,T3,521718,100,50-70 days
306706,hsz,E1,521718,100,less than 0.5 days
306758,pktp,P4,15853,100,40-50 days
306758,krgp,K6,15853,100,220-230/120-145 days
306758,cwz,T3,15853,100,50-70 days
306758,hsz,E1,15853,100,less than 0.5 days
306702,pktp,P4,1768749,100,40-50 days
306702,krgp,K6,1768749,100,220-230/120-145 days
306702,cwz,T3,1768749,100,50-70 days
306702,hsz,E1,1768749,100,less than 0.5 days
306768,pktp,P4,1806365,100,40-50 days
306768,krgp,K6,1806365,100,220-230/120-145 days
306768,cwz,T3,1806365,100,50-70 days
306768,hsz,E1,1806365,100,less than 0.5 days
306704,pktp,P4,1834978,100,40-50 days
306704,krgp,K6,1834978,100,220-230/120-145 days
306704,cwz,T3,1834978,100,50-70 days
306704,hsz,E1,1834978,100,less than 0.5 days
306807,pktp,P3,738277,62.08,30-40 days
306807,pktp,P4,451026,37.92,40-50 days
306807,krgp,K7,1189303,100,230-240/120-145 days
306807,cwz,T3,1189303,100,50-70 days
306807,hsz,E1,1189303,100,less than 0.5 days
306852,pktp,P3,503646,25.97,30-40 days
306852,pktp,P4,1435687,74.03,40-50 days
306852,krgp,K6,84354,4.35,220-230/120-145 days
306852,krgp,K7,1854980,95.65,230-240/120-145 days
306852,cwz,T3,1939334,100,50-70 days
306852,hsz,E1,1939334,100,less than 0.5 days
306860,pktp,P4,2221355,100,40-50 days
306860,krgp,K6,2221355,100,220-230/120-145 days
306860,cwz,T3,2221355,100,50-70 days
306860,hsz,E1,2221355,100,less than 0.5 days
306863,pktp,P4,950046,100,40-50 days
306863,krgp,K6,950046,100,220-230/120-145 days
306863,cwz,T3,950046,100,50-70 days
306863,hsz,E1,950046,100,less than 0.5 days
306864,pktp,P3,955879,23.35,30-40 days
306864,pktp,P4,3137905,76.65,40-50 days
306864,krgp,K6,741845,18.12,220-230/120-145 days
306864,krgp,K7,3351939,81.88,230-240/120-145 days
306864,cwz,T3,4093784,100,50-70 days
306864,hsz,E1,4093784,100,less than 0.5 days
306876,pktp,P4,2091982,100,40-50 days
306876,krgp,K6,768819,36.75,220-230/120-145 days
306876,krgp,K7,1323163,63.25,230-240/120-145 days
306876,cwz,T3,2091982,100,50-70 days
306876,hsz,E1,2091982,100,less than 0.5 days
308229,pktp,P4,29702,100,40-50 days
308229,krgp,K5,14120,47.54,210-220/120-140 days
308229,krgp,K6,15581,52.46,220-230/120-145 days
308229,cwz,T3,29702,100,50-70 days
308229,hsz,E2,24626,82.91,0.5-5 days
308229,hsz,E1,5076,17.09,less than 0.5 days
308207,pktp,P4,2943805,100,40-50 days
308207,krgp,K5,699203,23.75,210-220/120-140 days
308207,krgp,K6,2244602,76.25,220-230/120-145 days
308207,cwz,T4,1059596,35.99,70-90 days
308207,cwz,T3,1884210,64.01,50-70 days
308207,hsz,E2,2943805,100,0.5-5 days
308247,pktp,P4,1696934,100,40-50 days
308247,krgp,K5,1693458,99.8,210-220/120-140 days
308247,krgp,K6,3476,0.2,220-230/120-145 days
308247,cwz,T4,1687136,99.42,70-90 days
308247,cwz,T3,9797,0.58,50-70 days
308247,hsz,E2,1696934,100,0.5-5 days
308273,pktp,P4,956299,36.96,40-50 days
308273,pktp,P5,1631085,63.04,50-60 days
308273,krgp,K5,2587384,100,210-220/120-140 days
308273,cwz,T4,2587384,100,70-90 days
308273,hsz,E2,2587384,100,0.5-5 days
308625,pktp,P4,961034,100,40-50 days
308625,krgp,K6,961034,100,220-230/120-145 days
308625,cwz,T3,961034,100,50-70 days
308625,hsz,E1,961034,100,less than 0.5 days
308276,pktp,P4,3282903,100,40-50 days
308276,krgp,K5,1305537,39.77,210-220/120-140 days
308276,krgp,K6,1977367,60.23,220-230/120-145 days
308276,cwz,T4,398709,12.14,70-90 days
308276,cwz,T3,2884195,87.86,50-70 days
308276,hsz,E2,3192194,97.24,0.5-5 days
308276,hsz,E1,90709,2.76,less than 0.5 days
308636,pktp,P4,2298106,100,40-50 days
308636,krgp,K6,2298106,100,220-230/120-145 days
308636,cwz,T3,2298106,100,50-70 days
308636,hsz,E1,2298106,100,less than 0.5 days
308614,pktp,P4,3524086,100,40-50 days
308614,krgp,K6,3524086,100,220-230/120-145 days
308614,cwz,T3,3524086,100,50-70 days
308614,hsz,E1,3524086,100,less than 0.5 days
308665,pktp,P4,2961430,100,40-50 days
308665,krgp,K6,2961430,100,220-230/120-145 days
308665,cwz,T3,2961430,100,50-70 days
308665,hsz,E1,2961430,100,less than 0.5 days
308669,pktp,P4,1710099,100,40-50 days
308669,krgp,K6,1710099,100,220-230/120-145 days
308669,cwz,T3,1710099,100,50-70 days
308669,hsz,E1,1710099,100,less than 0.5 days
308694,pktp,P4,3011297,100,40-50 days
308694,krgp,K6,3011297,100,220-230/120-145 days
308694,cwz,T3,3011297,100,50-70 days
308694,hsz,E1,3011297,100,less than 0.5 days
309309,pktp,P4,1043435,66.91,40-50 days
309309,pktp,P5,515996,33.09,50-60 days
309309,krgp,K5,1559431,100,210-220/120-140 days
309309,cwz,T4,1559431,100,70-90 days
309309,hsz,E1,1559431,100,less than 0.5 days
309323,pktp,P4,102438,4.75,40-50 days
309323,pktp,P5,2054884,95.25,50-60 days
309323,krgp,K5,1553924,72.03,210-220/120-140 days
309323,krgp,K4,603399,27.97,200-210/115-135 days
309323,cwz,T4,2157323,100,70-90 days
309323,hsz,E2,10500,0.49,0.5-5 days
309323,hsz,E1,2146823,99.51,less than 0.5 days
309319,pktp,P4,293612,12.63,40-50 days
309319,pktp,P5,2031823,87.37,50-60 days
309319,krgp,K5,2078647,89.39,210-220/120-140 days
309319,krgp,K4,246788,10.61,200-210/115-135 days
309319,cwz,T4,2325435,100,70-90 days
309319,hsz,E2,2304206,99.09,0.5-5 days
309319,hsz,E1,21229,0.91,less than 0.5 days
309325,pktp,P4,1375926,100,40-50 days
309325,krgp,K5,1375926,100,210-220/120-140 days
309325,cwz,T4,1375926,100,70-90 days
309325,hsz,E2,1375926,100,0.5-5 days
309328,pktp,P4,4293352,94.79,40-50 days
309328,pktp,P5,235814,5.21,50-60 days
309328,krgp,K5,2511789,55.46,210-220/120-140 days
309328,krgp,K6,2017377,44.54,220-230/120-145 days
309328,cwz,T4,4529166,100,70-90 days
309328,hsz,E2,1394988,30.8,0.5-5 days
309328,hsz,E1,3134177,69.2,less than 0.5 days
309338,pktp,P4,2412196,99.94,40-50 days
309338,pktp,P5,1389,0.06,50-60 days
309338,krgp,K5,2413585,100,210-220/120-140 days
309338,cwz,T4,2413585,100,70-90 days
309338,hsz,E2,2413585,100,0.5-5 days
309347,pktp,P4,1393198,36.55,40-50 days
309347,pktp,P5,2418643,63.45,50-60 days
309347,krgp,K5,2838771,74.47,210-220/120-140 days
309347,krgp,K6,49482,1.3,220-230/120-145 days
309347,krgp,K4,923588,24.23,200-210/115-135 days
309347,cwz,T4,3811841,100,70-90 days
309347,hsz,E2,571603,15,0.5-5 days
309347,hsz,E1,3240238,85,less than 0.5 days
309376,pktp,P4,637782,24.6,40-50 days
309376,pktp,P5,1954658,75.4,50-60 days
309376,krgp,K5,2181099,84.13,210-220/120-140 days
309376,krgp,K4,411340,15.87,200-210/115-135 days
309376,cwz,T4,2576125,99.37,70-90 days
309376,cwz,T3,16314,0.63,50-70 days
309376,hsz,E2,2093972,80.77,0.5-5 days
309376,hsz,E1,498467,19.23,less than 0.5 days
309366,pktp,P4,3626850,98.91,40-50 days
309366,pktp,P5,39998,1.09,50-60 days
309366,krgp,K5,1941951,52.96,210-220/120-140 days
309366,krgp,K6,1724897,47.04,220-230/120-145 days
309366,cwz,T4,2566003,69.98,70-90 days
309366,cwz,T3,1100845,30.02,50-70 days
309366,hsz,E2,68519,1.87,0.5-5 days
309366,hsz,E1,3598329,98.13,less than 0.5 days
309357,pktp,P4,3755795,100,40-50 days
309357,krgp,K5,1599102,42.58,210-220/120-140 days
309357,krgp,K6,2156693,57.42,220-230/120-145 days
309357,cwz,T4,3755795,100,70-90 days
309357,hsz,E2,1966321,52.35,0.5-5 days
309357,hsz,E1,1789474,47.65,less than 0.5 days
309395,pktp,P5,3854886,100,50-60 days
309395,krgp,K5,369927,9.6,210-220/120-140 days
309395,krgp,K4,3484959,90.4,200-210/115-135 days
309395,cwz,T4,3854886,100,70-90 days
309395,hsz,E2,252791,6.56,0.5-5 days
309395,hsz,E1,3602095,93.44,less than 0.5 days
400114,pktp,P4,148476,7.74,40-50 days
400114,pktp,P5,1770282,92.26,50-60 days
400114,krgp,K5,1814203,94.55,210-220/120-140 days
400114,krgp,K4,104555,5.45,200-210/115-135 days
400114,cwz,T3,1918758,100,50-70 days
400114,hsz,E1,1918758,100,less than 0.5 days
309385,pktp,P4,5610807,100,40-50 days
309385,krgp,K5,1083345,19.31,210-220/120-140 days
309385,krgp,K6,4527462,80.69,220-230/120-145 days
309385,cwz,T4,5463892,97.38,70-90 days
309385,cwz,T3,146915,2.62,50-70 days
309385,hsz,E1,5610807,100,less than 0.5 days
400108,pktp,P5,3104783,100,50-60 days
400108,krgp,K5,30481,0.98,210-220/120-140 days
400108,krgp,K4,3074302,99.02,200-210/115-135 days
400108,cwz,T3,3104783,100,50-70 days
400108,hsz,E1,3104783,100,less than 0.5 days
400134,pktp,P5,1585040,100,50-60 days
400134,krgp,K4,1585040,100,200-210/115-135 days
400134,cwz,T3,1585040,100,50-70 days
400134,hsz,E1,1585040,100,less than 0.5 days
400138,pktp,P5,1224334,100,50-60 days
400138,krgp,K5,594368,48.55,210-220/120-140 days
400138,krgp,K4,629966,51.45,200-210/115-135 days
400138,cwz,T3,1224334,100,50-70 days
400138,hsz,E1,1224334,100,less than 0.5 days
400156,pktp,P5,1765527,100,50-60 days
400156,krgp,K5,1444698,81.83,210-220/120-140 days
400156,krgp,K4,320829,18.17,200-210/115-135 days
400156,cwz,T3,1765527,100,50-70 days
400156,hsz,E2,30146,1.71,0.5-5 days
400156,hsz,E1,1735381,98.29,less than 0.5 days
400177,pktp,P4,193109,1.68,40-50 days
400177,pktp,P5,11277838,98.32,50-60 days
400177,krgp,K5,7332419,63.92,210-220/120-140 days
400177,krgp,K4,4138528,36.08,200-210/115-135 days
400177,cwz,T3,11470947,100,50-70 days
400177,hsz,E1,11470947,100,less than 0.5 days
400173,pktp,P5,2655262,100,50-60 days
400173,krgp,K4,2655262,100,200-210/115-135 days
400173,cwz,T3,2655262,100,50-70 days
400173,hsz,E2,83679,3.15,0.5-5 days
400173,hsz,E1,2571583,96.85,less than 0.5 days
400160,pktp,P5,4158037,100,50-60 days
400160,krgp,K5,474471,11.41,210-220/120-140 days
400160,krgp,K4,3683566,88.59,200-210/115-135 days
400160,cwz,T3,4158037,100,50-70 days
400160,hsz,E1,4158037,100,less than 0.5 days
401807,pktp,P5,3579324,100,50-60 days
401807,krgp,K5,3245876,90.68,210-220/120-140 days
401807,krgp,K4,333448,9.32,200-210/115-135 days
401807,cwz,T4,3579324,100,70-90 days
401807,hsz,E2,3579324,100,0.5-5 days
400158,pktp,P5,12003766,100,50-60 days
400158,krgp,K5,997314,8.31,210-220/120-140 days
400158,krgp,K4,11006452,91.69,200-210/115-135 days
400158,cwz,T2,154761,1.29,40-50 days
400158,cwz,T3,11849005,98.71,50-70 days
400158,hsz,E1,12003766,100,less than 0.5 days
401823,pktp,P5,3739682,100,50-60 days
401823,krgp,K5,1916996,51.26,210-220/120-140 days
401823,krgp,K4,1822686,48.74,200-210/115-135 days
401823,cwz,T4,3739682,100,70-90 days
401823,hsz,E2,3739682,100,0.5-5 days
401831,pktp,P5,3805403,100,50-60 days
401831,krgp,K4,3805403,100,200-210/115-135 days
401831,cwz,T4,3805403,100,70-90 days
401831,hsz,E2,3805403,100,0.5-5 days
401855,pktp,P6,322463,16.58,60-70 days
401855,pktp,P5,1622449,83.42,50-60 days
401855,krgp,K4,1944912,100,200-210/115-135 days
401855,cwz,T4,1944912,100,70-90 days
401855,hsz,E2,1944912,100,0.5-5 days
404104,pktp,P5,2435518,100,50-60 days
404104,krgp,K4,2435518,100,200-210/115-135 days
404104,cwz,T4,481113,19.75,70-90 days
404104,cwz,T3,1954405,80.25,50-70 days
404104,hsz,E2,2435518,100,0.5-5 days
404109,pktp,P5,2752624,100,50-60 days
404109,krgp,K5,2272945,82.57,210-220/120-140 days
404109,krgp,K4,479679,17.43,200-210/115-135 days
404109,cwz,T4,2752624,100,70-90 days
404109,hsz,E2,2752624,100,0.5-5 days
404147,pktp,P6,1406154,32.25,60-70 days
404147,pktp,P5,2953439,67.75,50-60 days
404147,krgp,K5,210739,4.83,210-220/120-140 days
404147,krgp,K4,4148854,95.17,200-210/115-135 days
404147,cwz,T4,4359593,100,70-90 days
404147,hsz,E2,4359593,100,0.5-5 days
404123,pktp,P6,3067353,100,60-70 days
404123,krgp,K4,3067353,100,200-210/115-135 days
404123,cwz,T4,2930353,95.53,70-90 days
404123,cwz,T3,137000,4.47,50-70 days
404123,hsz,E2,3067353,100,0.5-5 days
404111,pktp,P6,2363316,86.73,60-70 days
404111,pktp,P5,361524,13.27,50-60 days
404111,krgp,K4,2724841,100,200-210/115-135 days
404111,cwz,T4,2724841,100,70-90 days
404111,hsz,E2,2724841,100,0.5-5 days
404138,pktp,P6,2086961,82.51,60-70 days
404138,pktp,P5,442412,17.49,50-60 days
404138,krgp,K4,2529373,100,200-210/115-135 days
404138,cwz,T3,2529373,100,50-70 days
404138,hsz,E2,2529373,100,0.5-5 days
404161,pktp,P6,4145504,72.68,60-70 days
404161,pktp,P5,1558454,27.32,50-60 days
404161,krgp,K4,5703958,100,200-210/115-135 days
404161,cwz,T4,4133001,72.46,70-90 days
404161,cwz,T3,1570958,27.54,50-70 days
404161,hsz,E2,5703958,100,0.5-5 days
404414,pktp,P5,2254168,100,50-60 days
404414,krgp,K5,2254168,100,210-220/120-140 days
404414,cwz,T4,2254168,100,70-90 days
404414,hsz,E2,2254168,100,0.5-5 days
404190,pktp,P6,3349141,100,60-70 days
404190,krgp,K4,3349141,100,200-210/115-135 days
404190,cwz,T4,2921600,87.23,70-90 days
404190,cwz,T3,427541,12.77,50-70 days
404190,hsz,E2,3349141,100,0.5-5 days
404442,pktp,P5,1694142,100,50-60 days
404442,krgp,K5,778656,45.96,210-220/120-140 days
404442,krgp,K4,915487,54.04,200-210/115-135 days
404442,cwz,T4,1694142,100,70-90 days
404442,hsz,E2,1694142,100,0.5-5 days
404419,pktp,P5,5915202,100,50-60 days
404419,krgp,K5,5915202,100,210-220/120-140 days
404419,cwz,T4,5915202,100,70-90 days
404419,hsz,E2,5915202,100,0.5-5 days
404433,pktp,P6,12059,0.31,60-70 days
404433,pktp,P5,3903259,99.69,50-60 days
404433,krgp,K5,2630537,67.19,210-220/120-140 days
404433,krgp,K4,1284781,32.81,200-210/115-135 days
404433,cwz,T4,3915318,100,70-90 days
404433,hsz,E2,3915318,100,0.5-5 days
404471,pktp,P6,4245921,87.93,60-70 days
404471,pktp,P5,582916,12.07,50-60 days
404471,krgp,K4,4828837,100,200-210/115-135 days
404471,cwz,T4,4828837,100,70-90 days
404471,hsz,E2,4828837,100,0.5-5 days
404480,pktp,P4,381893,7.96,40-50 days
404480,pktp,P5,4414723,92.04,50-60 days
404480,krgp,K5,4796617,100,210-220/120-140 days
404480,cwz,T4,4796617,100,70-90 days
404480,hsz,E2,4796617,100,0.5-5 days
404712,pktp,P5,2375048,100,50-60 days
404712,krgp,K4,2375048,100,200-210/115-135 days
404712,cwz,T3,2375048,100,50-70 days
404712,hsz,E2,399579,16.82,0.5-5 days
404712,hsz,E1,1975469,83.18,less than 0.5 days
404740,pktp,P5,787419,100,50-60 days
404740,krgp,K4,787419,100,200-210/115-135 days
404740,cwz,T3,787419,100,50-70 days
404740,hsz,E2,770811,97.89,0.5-5 days
404740,hsz,E1,16608,2.11,less than 0.5 days
404717,pktp,P5,14006140,100,50-60 days
404717,krgp,K5,745066,5.32,210-220/120-140 days
404717,krgp,K4,13261074,94.68,200-210/115-135 days
404717,cwz,T3,14006140,100,50-70 days
404717,hsz,E2,2088294,14.91,0.5-5 days
404717,hsz,E1,11917846,85.09,less than 0.5 days
404730,pktp,P6,314432,6.85,60-70 days
404730,pktp,P5,4273955,93.15,50-60 days
404730,krgp,K4,4588387,100,200-210/115-135 days
404730,cwz,T3,4588387,100,50-70 days
404730,hsz,E2,4097045,89.29,0.5-5 days
404730,hsz,E1,491341,10.71,less than 0.5 days
404769,pktp,P5,775963,100,50-60 days
404769,krgp,K4,775963,100,200-210/115-135 days
404769,cwz,T3,775963,100,50-70 days
404769,hsz,E2,775963,100,0.5-5 days
404764,pktp,P6,100988,2.74,60-70 days
404764,pktp,P5,3586755,97.26,50-60 days
404764,krgp,K4,3687743,100,200-210/115-135 days
404764,cwz,T3,3687743,100,50-70 days
404764,hsz,E2,3687743,100,0.5-5 days
404753,pktp,P5,22550342,100,50-60 days
404753,krgp,K4,22550342,100,200-210/115-135 days
404753,cwz,T3,22550342,100,50-70 days
404753,hsz,E2,11261755,49.94,0.5-5 days
404753,hsz,E1,11288588,50.06,less than 0.5 days
404794,pktp,P5,1917621,100,50-60 days
404794,krgp,K5,708787,36.96,210-220/120-140 days
404794,krgp,K4,1208834,63.04,200-210/115-135 days
404794,cwz,T3,1917621,100,50-70 days
404794,hsz,E2,1525746,79.56,0.5-5 days
404794,hsz,E1,391875,20.44,less than 0.5 days
404775,pktp,P5,1201440,100,50-60 days
404775,krgp,K4,1201440,100,200-210/115-135 days
404775,cwz,T3,1201440,100,50-70 days
404775,hsz,E2,129356,10.77,0.5-5 days
404775,hsz,E1,1072085,89.23,less than 0.5 days
405015,pktp,P5,1496575,100,50-60 days
405015,krgp,K5,1322259,88.35,210-220/120-140 days
405015,krgp,K4,174316,11.65,200-210/115-135 days
405015,cwz,T4,1496575,100,70-90 days
405015,hsz,E2,1496575,100,0.5-5 days
405039,pktp,P5,4722533,100,50-60 days
405039,krgp,K5,1363078,28.86,210-220/120-140 days
405039,krgp,K4,3359456,71.14,200-210/115-135 days
405039,cwz,T4,4722533,100,70-90 days
405039,hsz,E2,4722533,100,0.5-5 days
405063,pktp,P5,1085945,100,50-60 days
405063,krgp,K5,1085945,100,210-220/120-140 days
405063,cwz,T4,1085945,100,70-90 days
405063,hsz,E2,1085945,100,0.5-5 days
405071,pktp,P5,2689283,100,50-60 days
405071,krgp,K5,2689283,100,210-220/120-140 days
405071,cwz,T4,2689283,100,70-90 days
405071,hsz,E2,2689283,100,0.5-5 days
405094,pktp,P5,3948772,100,50-60 days
405094,krgp,K5,3948772,100,210-220/120-140 days
405094,cwz,T4,3948772,100,70-90 days
405094,hsz,E2,3948772,100,0.5-5 days
405079,pktp,P5,3184409,100,50-60 days
405079,krgp,K5,3184409,100,210-220/120-140 days
405079,cwz,T4,3184409,100,70-90 days
405079,hsz,E2,3184409,100,0.5-5 days
405566,pktp,P4,1913556,86.73,40-50 days
405566,pktp,P5,292817,13.27,50-60 days
405566,krgp,K5,2206374,100,210-220/120-140 days
405566,cwz,T4,55929,2.53,70-90 days
405566,cwz,T3,2150445,97.47,50-70 days
405566,hsz,E2,2206374,100,0.5-5 days
405557,pktp,P4,1919833,47.58,40-50 days
405557,pktp,P5,2115026,52.42,50-60 days
405557,krgp,K5,4034858,100,210-220/120-140 days
405557,cwz,T4,3836234,95.08,70-90 days
405557,cwz,T3,198624,4.92,50-70 days
405557,hsz,E2,4034858,100,0.5-5 days
405585,pktp,P5,2251710,100,50-60 days
405585,krgp,K5,2251710,100,210-220/120-140 days
405585,cwz,T4,2251710,100,70-90 days
405585,hsz,E2,2251710,100,0.5-5 days
405595,pktp,P4,1811019,100,40-50 days
405595,krgp,K5,1811019,100,210-220/120-140 days
405595,cwz,T4,1791003,98.89,70-90 days
405595,cwz,T3,20017,1.11,50-70 days
405595,hsz,E2,1811019,100,0.5-5 days
405747,pktp,P5,3420570,100,50-60 days
405747,krgp,K5,574835,16.81,210-220/120-140 days
405747,krgp,K4,2845735,83.19,200-210/115-135 days
405747,cwz,T4,3420570,100,70-90 days
405747,hsz,E2,3420570,100,0.5-5 days
405787,pktp,P5,3330486,100,50-60 days
405787,krgp,K4,3330486,100,200-210/115-135 days
405787,cwz,T4,3330486,100,70-90 days
405787,hsz,E2,3330486,100,0.5-5 days
405760,pktp,P5,1444961,100,50-60 days
405760,krgp,K4,1444961,100,200-210/115-135 days
405760,cwz,T4,1444961,100,70-90 days
405760,hsz,E2,1444961,100,0.5-5 days
406552,pktp,P4,903509,26.76,40-50 days
406552,pktp,P5,2473076,73.24,50-60 days
406552,krgp,K5,3376585,100,210-220/120-140 days
406552,cwz,T4,57916,1.72,70-90 days
406552,cwz,T3,3318669,98.28,50-70 days
406552,hsz,E2,3376585,100,0.5-5 days
406576,pktp,P5,3834025,100,50-60 days
406576,krgp,K5,3114840,81.24,210-220/120-140 days
406576,krgp,K4,719184,18.76,200-210/115-135 days
406576,cwz,T4,1054679,27.51,70-90 days
406576,cwz,T3,2779345,72.49,50-70 days
406576,hsz,E2,3834025,100,0.5-5 days
406528,pktp,P5,3855315,100,50-60 days
406528,krgp,K5,3259129,84.54,210-220/120-140 days
406528,krgp,K4,596185,15.46,200-210/115-135 days
406528,cwz,T3,3855315,100,50-70 days
406528,hsz,E2,3790518,98.32,0.5-5 days
406528,hsz,E1,64796,1.68,less than 0.5 days
408725,pktp,P6,1693538,100,60-70 days
408725,krgp,K3,1529918,90.34,190-200/115-135 days
408725,krgp,K4,163620,9.66,200-210/115-135 days
408725,cwz,T3,1693538,100,50-70 days
408725,hsz,E2,1686301,99.57,0.5-5 days
408725,hsz,E1,7237,0.43,less than 0.5 days
408704,pktp,P6,1879693,39.15,60-70 days
408704,pktp,P5,2921537,60.85,50-60 days
408704,krgp,K3,392779,8.18,190-200/115-135 days
408704,krgp,K4,4408451,91.82,200-210/115-135 days
408704,cwz,T3,4801231,100,50-70 days
408704,hsz,E2,4801231,100,0.5-5 days
408747,pktp,P6,1526198,48.18,60-70 days
408747,pktp,P5,1641298,51.82,50-60 days
408747,krgp,K3,3014177,95.16,190-200/115-135 days
408747,krgp,K4,153319,4.84,200-210/115-135 days
408747,cwz,T3,3167496,100,50-70 days
408747,hsz,E2,3167496,100,0.5-5 days
408743,pktp,P6,2332238,100,60-70 days
408743,krgp,K4,2332238,100,200-210/115-135 days
408743,cwz,T3,2332238,100,50-70 days
408743,hsz,E2,2332238,100,0.5-5 days
408782,pktp,P6,3977763,100,60-70 days
408782,krgp,K3,1313422,33.02,190-200/115-135 days
408782,krgp,K4,2664341,66.98,200-210/115-135 days
408782,cwz,T3,3977763,100,50-70 days
408782,hsz,E2,3934128,98.9,0.5-5 days
408782,hsz,E1,43635,1.1,less than 0.5 days
453907,pktp,P3,8301,19.87,30-40 days
453907,pktp,P4,33468,80.13,40-50 days
453907,krgp,K6,33468,80.13,220-230/120-145 days
453907,krgp,K7,8301,19.87,230-240/120-145 days
453907,cwz,T4,41770,100,70-90 days
453907,hsz,E2,41770,100,0.5-5 days
408790,pktp,P6,3055720,90.11,60-70 days
408790,pktp,P5,335246,9.89,50-60 days
408790,krgp,K4,3390967,100,200-210/115-135 days
408790,cwz,T3,3390967,100,50-70 days
408790,hsz,E2,3379174,99.65,0.5-5 days
408790,hsz,E1,11793,0.35,less than 0.5 days
408786,pktp,P5,26968057,100,50-60 days
408786,krgp,K3,2298475,8.52,190-200/115-135 days
408786,krgp,K4,24669582,91.48,200-210/115-135 days
408786,cwz,T3,26968057,100,50-70 days
408786,hsz,E2,26968057,100,0.5-5 days
453915,pktp,P3,1000610,38.73,30-40 days
453915,pktp,P4,1583059,61.27,40-50 days
453915,krgp,K5,321445,12.44,210-220/120-140 days
453915,krgp,K6,1261613,48.83,220-230/120-145 days
453915,krgp,K7,1000610,38.73,230-240/120-145 days
453915,cwz,T4,2583669,100,70-90 days
453915,hsz,E2,2464415,95.38,0.5-5 days
453915,hsz,E1,119254,4.62,less than 0.5 days
453929,pktp,P4,4318799,100,40-50 days
453929,krgp,K5,4024713,93.19,210-220/120-140 days
453929,krgp,K6,294087,6.81,220-230/120-145 days
453929,cwz,T4,4318799,100,70-90 days
453929,hsz,E2,4318799,100,0.5-5 days
453958,pktp,P4,44883,100,40-50 days
453958,krgp,K5,44883,100,210-220/120-140 days
453958,cwz,T4,44883,100,70-90 days
453958,hsz,E2,44883,100,0.5-5 days
453961,pktp,P4,2628222,100,40-50 days
453961,krgp,K5,2628222,100,210-220/120-140 days
453961,cwz,T4,2628222,100,70-90 days
453961,hsz,E2,2628222,100,0.5-5 days
453985,pktp,P4,2601110,100,40-50 days
453985,krgp,K5,2601110,100,210-220/120-140 days
453985,cwz,T4,2601110,100,70-90 days
453985,hsz,E2,2601110,100,0.5-5 days
453936,pktp,P4,6312991,100,40-50 days
453936,krgp,K5,5148581,81.56,210-220/120-140 days
453936,krgp,K6,1164410,18.44,220-230/120-145 days
453936,cwz,T4,6312991,100,70-90 days
453936,hsz,E2,3759266,59.55,0.5-5 days
453936,hsz,E1,2553725,40.45,less than 0.5 days
456113,pktp,P4,5665800,100,40-50 days
456113,krgp,K6,3768829,66.52,220-230/120-145 days
456113,krgp,K7,1896971,33.48,230-240/120-145 days
456113,cwz,T4,5247166,92.61,70-90 days
456113,cwz,T3,418634,7.39,50-70 days
456113,hsz,E1,5665800,100,less than 0.5 days
456116,pktp,P2,2398944,95.26,20-30 days
456116,pktp,P3,119469,4.74,30-40 days
456116,krgp,K8,373083,14.81,240-250/135-150 days
456116,krgp,K7,2145331,85.19,230-240/120-145 days
456116,cwz,T4,2518414,100,70-90 days
456116,hsz,E1,2518414,100,less than 0.5 days
456120,pktp,P4,3962454,100,40-50 days
456120,krgp,K6,3278287,82.73,220-230/120-145 days
456120,krgp,K7,684167,17.27,230-240/120-145 days
456120,cwz,T4,3962454,100,70-90 days
456120,hsz,E1,3962454,100,less than 0.5 days
456124,pktp,P2,6928,9.84,20-30 days
456124,pktp,P3,37904,53.85,30-40 days
456124,pktp,P4,25555,36.31,40-50 days
456124,krgp,K6,25555,36.31,220-230/120-145 days
456124,krgp,K7,44831,63.69,230-240/120-145 days
456124,cwz,T4,70387,100,70-90 days
456124,hsz,E1,70387,100,less than 0.5 days
456123,pktp,P2,4174,0.15,20-30 days
456123,pktp,P3,1572510,55.71,30-40 days
456123,pktp,P4,1245977,44.14,40-50 days
456123,krgp,K6,10018,0.35,220-230/120-145 days
456123,krgp,K7,2812643,99.65,230-240/120-145 days
456123,cwz,T4,2822661,100,70-90 days
456123,hsz,E1,2822661,100,less than 0.5 days
456122,pktp,P3,61829,1.23,30-40 days
456122,pktp,P4,4981966,98.77,40-50 days
456122,krgp,K7,5043795,100,230-240/120-145 days
456122,cwz,T4,3738712,74.12,70-90 days
456122,cwz,T3,1305083,25.88,50-70 days
456122,hsz,E1,5043795,100,less than 0.5 days
456131,pktp,P3,1143048,40.88,30-40 days
456131,pktp,P4,1652913,59.12,40-50 days
456131,krgp,K8,12897,0.46,240-250/135-150 days
456131,krgp,K7,2783064,99.54,230-240/120-145 days
456131,cwz,T4,2795961,100,70-90 days
456131,hsz,E1,2795961,100,less than 0.5 days
456152,pktp,P4,3813193,100,40-50 days
456152,krgp,K6,3201953,83.97,220-230/120-145 days
456152,krgp,K7,611240,16.03,230-240/120-145 days
456152,cwz,T4,3813193,100,70-90 days
456152,hsz,E1,3813193,100,less than 0.5 days
456165,pktp,P4,3132832,100,40-50 days
456165,krgp,K5,18630,0.59,210-220/120-140 days
456165,krgp,K6,3114202,99.41,220-230/120-145 days
456165,cwz,T4,3132832,100,70-90 days
456165,hsz,E1,3132832,100,less than 0.5 days
456172,pktp,P3,3065064,74,30-40 days
456172,pktp,P4,1077004,26,40-50 days
456172,krgp,K8,992836,23.97,240-250/135-150 days
456172,krgp,K7,3149231,76.03,230-240/120-145 days
456172,cwz,T4,4142067,100,70-90 days
456172,hsz,E1,4142067,100,less than 0.5 days
456181,pktp,P3,320002,11.22,30-40 days
456181,pktp,P4,2531619,88.78,40-50 days
456181,krgp,K6,2531619,88.78,220-230/120-145 days
456181,krgp,K7,320002,11.22,230-240/120-145 days
456181,cwz,T4,2851621,100,70-90 days
456181,hsz,E1,2851621,100,less than 0.5 days
456188,pktp,P3,201558,7.33,30-40 days
456188,pktp,P4,2549420,92.67,40-50 days
456188,krgp,K6,2247909,81.71,220-230/120-145 days
456188,krgp,K7,503069,18.29,230-240/120-145 days
456188,cwz,T4,2750978,100,70-90 days
456188,hsz,E1,2750978,100,less than 0.5 days
456194,pktp,P4,3363611,100,40-50 days
456194,krgp,K6,69801,2.08,220-230/120-145 days
456194,krgp,K7,3293810,97.92,230-240/120-145 days
456194,cwz,T4,3363611,100,70-90 days
456194,hsz,E1,3363611,100,less than 0.5 days
457204,pktp,P2,2434610,100,20-30 days
457204,krgp,K9,1072346,44.05,250-260/135-150 days
457204,krgp,K8,1330967,54.67,240-250/135-150 days
457204,krgp,K7,31296,1.29,230-240/120-145 days
457204,cwz,T4,2434610,100,70-90 days
457204,hsz,E1,2434610,100,less than 0.5 days
457209,pktp,P2,2173198,100,20-30 days
457209,krgp,K9,1458455,67.11,250-260/135-150 days
457209,krgp,K10,446321,20.54,260-270/135-150 days
457209,krgp,K8,268422,12.35,240-250/135-150 days
457209,cwz,T4,2173198,100,70-90 days
457209,hsz,E1,2173198,100,less than 0.5 days
457218,pktp,P2,3529730,100,20-30 days
457218,krgp,K9,599954,17,250-260/135-150 days
457218,krgp,K8,2329734,66,240-250/135-150 days
457218,krgp,K7,600042,17,230-240/120-145 days
457218,cwz,T4,3529730,100,70-90 days
457218,hsz,E1,3529730,100,less than 0.5 days
457240,pktp,P2,4921438,100,20-30 days
457240,krgp,K9,1739054,35.34,250-260/135-150 days
457240,krgp,K10,3066787,62.31,260-270/135-150 days
457240,krgp,K8,115597,2.35,240-250/135-150 days
457240,cwz,T4,4921438,100,70-90 days
457240,hsz,E1,4921438,100,less than 0.5 days
457247,pktp,P2,1302046,32.87,20-30 days
457247,pktp,P3,2659299,67.13,30-40 days
457247,krgp,K8,2807458,70.87,240-250/135-150 days
457247,krgp,K7,1153888,29.13,230-240/120-145 days
457247,cwz,T4,3961346,100,70-90 days
457247,hsz,E1,3961346,100,less than 0.5 days
457256,pktp,P2,2890705,99.77,20-30 days
457256,pktp,P3,6658,0.23,30-40 days
457256,krgp,K9,2108884,72.79,250-260/135-150 days
457256,krgp,K10,13367,0.46,260-270/135-150 days
457256,krgp,K8,775112,26.75,240-250/135-150 days
457256,cwz,T4,2897363,100,70-90 days
457256,hsz,E1,2897363,100,less than 0.5 days
457238,pktp,P2,3736360,100,20-30 days
457238,krgp,K9,605278,16.2,250-260/135-150 days
457238,krgp,K10,3131082,83.8,260-270/135-150 days
457238,cwz,T4,3736360,100,70-90 days
457238,hsz,E1,3736360,100,less than 0.5 days
457263,pktp,P2,2390096,100,20-30 days
457263,krgp,K9,737287,30.85,250-260/135-150 days
457263,krgp,K10,1652809,69.15,260-270/135-150 days
457263,cwz,T4,2390096,100,70-90 days
457263,hsz,E1,2390096,100,less than 0.5 days
457274,pktp,P2,4028684,95.4,20-30 days
457274,pktp,P3,194315,4.6,30-40 days
457274,krgp,K9,50803,1.2,250-260/135-150 days
457274,krgp,K8,1472148,34.86,240-250/135-150 days
457274,krgp,K7,2700047,63.94,230-240/120-145 days
457274,cwz,T4,4222998,100,70-90 days
457274,hsz,E1,4222998,100,less than 0.5 days
457283,pktp,P2,1714625,54.91,20-30 days
457283,pktp,P3,1408024,45.09,30-40 days
457283,krgp,K8,19547,0.63,240-250/135-150 days
457283,krgp,K7,3103102,99.37,230-240/120-145 days
457283,cwz,T4,3122649,100,70-90 days
457283,hsz,E1,3122649,100,less than 0.5 days
458967,pktp,P4,1674752,100,40-50 days
458967,krgp,K6,1674752,100,220-230/120-145 days
458967,cwz,T4,1674752,100,70-90 days
458967,hsz,E1,1674752,100,less than 0.5 days
458937,pktp,P3,888177,43.84,30-40 days
458937,pktp,P4,1137649,56.16,40-50 days
458937,krgp,K6,1137649,56.16,220-230/120-145 days
458937,krgp,K7,888177,43.84,230-240/120-145 days
458937,cwz,T4,2025826,100,70-90 days
458937,hsz,E2,1084536,53.54,0.5-5 days
458937,hsz,E1,941289,46.46,less than 0.5 days
458990,pktp,P3,10256,19.05,30-40 days
458990,pktp,P4,43577,80.95,40-50 days
458990,krgp,K5,1725,3.2,210-220/120-140 days
458990,krgp,K6,41853,77.75,220-230/120-145 days
458990,krgp,K7,10256,19.05,230-240/120-145 days
458990,cwz,T4,53833,100,70-90 days
458990,hsz,E2,53833,100,0.5-5 days
458988,pktp,P4,3389640,100,40-50 days
458988,krgp,K5,2392851,70.59,210-220/120-140 days
458988,krgp,K6,996788,29.41,220-230/120-145 days
458988,cwz,T4,3389640,100,70-90 days
458988,hsz,E2,1791330,52.85,0.5-5 days
458988,hsz,E1,1598310,47.15,less than 0.5 days
458970,pktp,P3,1076937,32.43,30-40 days
458970,pktp,P4,2244257,67.57,40-50 days
458970,krgp,K6,2244257,67.57,220-230/120-145 days
458970,krgp,K7,1076937,32.43,230-240/120-145 days
458970,cwz,T4,3321194,100,70-90 days
458970,hsz,E1,3321194,100,less than 0.5 days
501020,pktp,P4,433393,24.35,40-50 days
501020,pktp,P5,1346214,75.65,50-60 days
501020,krgp,K5,22901,1.29,210-220/120-140 days
501020,krgp,K4,1756706,98.71,200-210/115-135 days
501020,cwz,T4,1779607,100,70-90 days
501020,hsz,E2,1756850,98.72,0.5-5 days
501020,hsz,E1,22757,1.28,less than 0.5 days
501006,pktp,P5,2163572,100,50-60 days
501006,krgp,K3,765109,35.36,190-200/115-135 days
501006,krgp,K4,1398462,64.64,200-210/115-135 days
501006,cwz,T4,2163572,100,70-90 days
501006,hsz,E2,2163572,100,0.5-5 days
501027,pktp,P4,87065,3.46,40-50 days
501027,pktp,P5,2427657,96.54,50-60 days
501027,krgp,K5,2478893,98.58,210-220/120-140 days
501027,krgp,K4,35830,1.42,200-210/115-135 days
501027,cwz,T4,2514723,100,70-90 days
501027,hsz,E2,2514723,100,0.5-5 days
501040,pktp,P4,1618905,66.39,40-50 days
501040,pktp,P5,819394,33.61,50-60 days
501040,krgp,K5,1917969,78.66,210-220/120-140 days
501040,krgp,K4,520330,21.34,200-210/115-135 days
501040,cwz,T4,2438299,100,70-90 days
501040,hsz,E2,2431927,99.74,0.5-5 days
501040,hsz,E1,6372,0.26,less than 0.5 days
501067,pktp,P5,3448238,100,50-60 days
501067,krgp,K4,3448238,100,200-210/115-135 days
501067,cwz,T4,3448238,100,70-90 days
501067,hsz,E2,3448238,100,0.5-5 days
501081,pktp,P4,5164465,97.41,40-50 days
501081,pktp,P5,137393,2.59,50-60 days
501081,krgp,K5,5301858,100,210-220/120-140 days
501081,cwz,T4,5301858,100,70-90 days
501081,hsz,E2,5301858,100,0.5-5 days
501033,pktp,P4,39554,2.43,40-50 days
501033,pktp,P5,1586758,97.57,50-60 days
501033,krgp,K4,1626312,100,200-210/115-135 days
501033,cwz,T4,1626312,100,70-90 days
501033,hsz,E2,1626312,100,0.5-5 days
501054,pktp,P5,2403614,100,50-60 days
501054,krgp,K4,2403614,100,200-210/115-135 days
501054,cwz,T4,2403614,100,70-90 days
501054,hsz,E2,2400223,99.86,0.5-5 days
501054,hsz,E1,3391,0.14,less than 0.5 days
501085,pktp,P5,2211352,100,50-60 days
501085,krgp,K5,563011,25.46,210-220/120-140 days
501085,krgp,K4,1648341,74.54,200-210/115-135 days
501085,cwz,T4,2211352,100,70-90 days
501085,hsz,E2,2199073,99.44,0.5-5 days
501085,hsz,E1,12279,0.56,less than 0.5 days
501088,pktp,P5,2968453,100,50-60 days
501088,krgp,K5,593124,19.98,210-220/120-140 days
501088,krgp,K4,2375329,80.02,200-210/115-135 days
501088,cwz,T4,2968453,100,70-90 days
501088,hsz,E2,2968453,100,0.5-5 days
501095,pktp,P4,1603016,100,40-50 days
501095,krgp,K5,1603016,100,210-220/120-140 days
501095,cwz,T4,1603016,100,70-90 days
501095,hsz,E2,1603016,100,0.5-5 days
501094,pktp,P4,3585942,88.12,40-50 days
501094,pktp,P5,483443,11.88,50-60 days
501094,krgp,K5,235153,5.78,210-220/120-140 days
501094,krgp,K4,3834232,94.22,200-210/115-135 days
501094,cwz,T4,4069385,100,70-90 days
501094,hsz,E2,4069385,100,0.5-5 days
507018,pktp,P5,1558527,100,50-60 days
507018,krgp,K2,983453,63.1,180-190/115-125 days
507018,krgp,K1,575075,36.9,170-180/105-115 days
507018,cwz,T4,1045574,67.09,70-90 days
507018,cwz,T3,512953,32.91,50-70 days
507018,hsz,E2,1558527,100,0.5-5 days
507066,pktp,P5,4378509,100,50-60 days
507066,krgp,K3,1432088,32.71,190-200/115-135 days
507066,krgp,K2,2937844,67.1,180-190/115-125 days
507066,krgp,K1,8577,0.2,170-180/105-115 days
507066,cwz,T4,4378509,100,70-90 days
507066,hsz,E2,4378509,100,0.5-5 days
507056,pktp,P5,3599293,100,50-60 days
507056,krgp,K2,3599293,100,180-190/115-125 days
507056,cwz,T4,3599293,100,70-90 days
507056,hsz,E2,3599293,100,0.5-5 days
507037,pktp,P5,3186419,100,50-60 days
507037,krgp,K2,3186419,100,180-190/115-125 days
507037,cwz,T4,3186419,100,70-90 days
507037,hsz,E2,3186419,100,0.5-5 days
507088,pktp,P5,5155080,100,50-60 days
507088,krgp,K2,1982935,38.47,180-190/115-125 days
507088,krgp,K1,3172145,61.53,170-180/105-115 days
507088,cwz,T4,5155080,100,70-90 days
507088,hsz,E2,5155080,100,0.5-5 days
503813,pktp,P4,613401,33.82,40-50 days
503813,pktp,P5,1200389,66.18,50-60 days
503813,krgp,K3,1152463,63.54,190-200/115-135 days
503813,krgp,K4,661327,36.46,200-210/115-135 days
503813,cwz,T4,1813790,100,70-90 days
503813,hsz,E2,1813790,100,0.5-5 days
503847,pktp,P4,2361412,100,40-50 days
503847,krgp,K3,1707708,72.32,190-200/115-135 days
503847,krgp,K4,653704,27.68,200-210/115-135 days
503847,cwz,T4,2361412,100,70-90 days
503847,hsz,E2,2361412,100,0.5-5 days
503858,pktp,P4,1659316,100,40-50 days
503858,krgp,K4,1659316,100,200-210/115-135 days
503858,cwz,T4,1659316,100,70-90 days
503858,hsz,E2,1659316,100,0.5-5 days
503861,pktp,P4,1349418,94.2,40-50 days
503861,pktp,P5,83156,5.8,50-60 days
503861,krgp,K3,64844,4.53,190-200/115-135 days
503861,krgp,K4,1367730,95.47,200-210/115-135 days
503861,cwz,T4,1432575,100,70-90 days
503861,hsz,E2,1432575,100,0.5-5 days
503874,pktp,P4,2752440,100,40-50 days
503874,krgp,K3,1288351,46.81,190-200/115-135 days
503874,krgp,K4,1464089,53.19,200-210/115-135 days
503874,cwz,T4,2752440,100,70-90 days
503874,hsz,E2,2752440,100,0.5-5 days
506406,pktp,P4,1205917,44.75,40-50 days
506406,pktp,P5,1489145,55.25,50-60 days
506406,krgp,K3,2695062,100,190-200/115-135 days
506406,cwz,T4,2695062,100,70-90 days
506406,hsz,E2,2695062,100,0.5-5 days
506403,pktp,P5,3377329,100,50-60 days
506403,krgp,K3,1312192,38.85,190-200/115-135 days
506403,krgp,K2,2470,0.07,180-190/115-125 days
506403,krgp,K4,2062667,61.07,200-210/115-135 days
506403,cwz,T4,3377329,100,70-90 days
506403,hsz,E2,3377329,100,0.5-5 days
506428,pktp,P4,1818339,61.54,40-50 days
506428,pktp,P5,1136613,38.46,50-60 days
506428,krgp,K3,2722157,92.12,190-200/115-135 days
506428,krgp,K2,232796,7.88,180-190/115-125 days
506428,cwz,T4,2954953,100,70-90 days
506428,hsz,E2,2954953,100,0.5-5 days
506450,pktp,P4,338,0.01,40-50 days
506450,pktp,P5,3860488,99.99,50-60 days
506450,krgp,K3,1057595,27.39,190-200/115-135 days
506450,krgp,K2,2803231,72.61,180-190/115-125 days
506450,cwz,T4,3860826,100,70-90 days
506450,hsz,E2,3860826,100,0.5-5 days
506447,pktp,P5,5251289,100,50-60 days
506447,krgp,K3,128901,2.45,190-200/115-135 days
506447,krgp,K2,5122387,97.55,180-190/115-125 days
506447,cwz,T4,5251289,100,70-90 days
506447,hsz,E2,5251289,100,0.5-5 days
506460,pktp,P5,2748068,100,50-60 days
506460,krgp,K3,2329185,84.76,190-200/115-135 days
506460,krgp,K2,418883,15.24,180-190/115-125 days
506460,cwz,T4,2748068,100,70-90 days
506460,hsz,E2,2748068,100,0.5-5 days
506469,pktp,P5,5719677,100,50-60 days
506469,krgp,K2,5719677,100,180-190/115-125 days
506469,cwz,T4,5719677,100,70-90 days
506469,hsz,E2,5719677,100,0.5-5 days
506475,pktp,P4,287055,7.73,40-50 days
506475,pktp,P5,3427718,92.27,50-60 days
506475,krgp,K3,991771,26.7,190-200/115-135 days
506475,krgp,K2,2723002,73.3,180-190/115-125 days
506475,cwz,T4,3714773,100,70-90 days
506475,hsz,E2,3714773,100,0.5-5 days
506479,pktp,P5,2534143,100,50-60 days
506479,krgp,K2,2534143,100,180-190/115-125 days
506479,cwz,T4,2534143,100,70-90 days
506479,hsz,E2,2534143,100,0.5-5 days
506485,pktp,P5,2414544,100,50-60 days
506485,krgp,K3,857345,35.51,190-200/115-135 days
506485,krgp,K4,1557200,64.49,200-210/115-135 days
506485,cwz,T4,2414544,100,70-90 days
506485,hsz,E2,2414544,100,0.5-5 days
506486,pktp,P5,2397413,100,50-60 days
506486,krgp,K2,2397413,100,180-190/115-125 days
506486,cwz,T4,2397413,100,70-90 days
506486,hsz,E2,2397413,100,0.5-5 days
506909,pktp,P5,1361558,100,50-60 days
506909,krgp,K4,1361558,100,200-210/115-135 days
506909,cwz,T4,1361558,100,70-90 days
506909,hsz,E2,1361558,100,0.5-5 days
506915,pktp,P5,3036348,100,50-60 days
506915,krgp,K4,3036348,100,200-210/115-135 days
506915,cwz,T4,3036348,100,70-90 days
506915,hsz,E2,3036348,100,0.5-5 days
506941,pktp,P5,2534693,100,50-60 days
506941,krgp,K4,2534693,100,200-210/115-135 days
506941,cwz,T4,2534693,100,70-90 days
506941,hsz,E2,2534693,100,0.5-5 days
506955,pktp,P5,1713767,100,50-60 days
506955,krgp,K3,30597,1.79,190-200/115-135 days
506955,krgp,K4,1683170,98.21,200-210/115-135 days
506955,cwz,T4,1713767,100,70-90 days
506955,hsz,E2,1713767,100,0.5-5 days
506944,pktp,P5,3277012,100,50-60 days
506944,krgp,K5,79594,2.43,210-220/120-140 days
506944,krgp,K4,3197417,97.57,200-210/115-135 days
506944,cwz,T4,3277012,100,70-90 days
506944,hsz,E2,3277012,100,0.5-5 days
506963,pktp,P5,2912594,100,50-60 days
506963,krgp,K4,2912594,100,200-210/115-135 days
506963,cwz,T4,2912594,100,70-90 days
506963,hsz,E2,2912594,100,0.5-5 days
506991,pktp,P5,5186565,100,50-60 days
506991,krgp,K4,5186565,100,200-210/115-135 days
506991,cwz,T4,5186565,100,70-90 days
506991,hsz,E2,5186565,100,0.5-5 days
507605,pktp,P5,1812237,100,50-60 days
507605,krgp,K5,1247222,68.82,210-220/120-140 days
507605,krgp,K4,565014,31.18,200-210/115-135 days
507605,cwz,T4,1812237,100,70-90 days
507605,hsz,E2,1812237,100,0.5-5 days
507616,pktp,P4,837826,31.27,40-50 days
507616,pktp,P5,1841593,68.73,50-60 days
507616,krgp,K5,2338601,87.28,210-220/120-140 days
507616,krgp,K4,340818,12.72,200-210/115-135 days
507616,cwz,T4,2115669,78.96,70-90 days
507616,cwz,T3,563750,21.04,50-70 days
507616,hsz,E2,2679419,100,0.5-5 days
507622,pktp,P5,3760525,100,50-60 days
507622,krgp,K5,52509,1.4,210-220/120-140 days
507622,krgp,K4,3708017,98.6,200-210/115-135 days
507622,cwz,T4,3760525,100,70-90 days
507622,hsz,E2,3760525,100,0.5-5 days
507619,pktp,P5,1737612,100,50-60 days
507619,krgp,K4,1737612,100,200-210/115-135 days
507619,cwz,T4,1737612,100,70-90 days
507619,hsz,E2,1737612,100,0.5-5 days
507633,pktp,P5,1392055,100,50-60 days
507633,krgp,K4,1392055,100,200-210/115-135 days
507633,cwz,T4,1392055,100,70-90 days
507633,hsz,E2,1392055,100,0.5-5 days
507655,pktp,P5,4320789,100,50-60 days
507655,krgp,K5,4320789,100,210-220/120-140 days
507655,cwz,T4,4320789,100,70-90 days
507655,hsz,E2,4320789,100,0.5-5 days
507683,pktp,P4,695147,20.86,40-50 days
507683,pktp,P5,2637840,79.14,50-60 days
507683,krgp,K5,3332987,100,210-220/120-140 days
507683,cwz,T4,3306250,99.2,70-90 days
507683,cwz,T3,26737,0.8,50-70 days
507683,hsz,E2,3332987,100,0.5-5 days
507672,pktp,P5,3303809,100,50-60 days
507672,krgp,K5,1779793,53.87,210-220/120-140 days
507672,krgp,K4,1524016,46.13,200-210/115-135 days
507672,cwz,T4,3303809,100,70-90 days
507672,hsz,E2,3303809,100,0.5-5 days
508110,pktp,P5,2354427,100,50-60 days
508110,krgp,K4,2354427,100,200-210/115-135 days
508110,cwz,T4,2354427,100,70-90 days
508110,hsz,E2,2348795,99.76,0.5-5 days
508110,hsz,E3,5633,0.24,5-10 days
507639,pktp,P5,3384664,100,50-60 days
507639,krgp,K5,3196548,94.44,210-220/120-140 days
507639,krgp,K4,188116,5.56,200-210/115-135 days
507639,cwz,T4,3384664,100,70-90 days
507639,hsz,E2,3384664,100,0.5-5 days
508112,pktp,P5,3658378,100,50-60 days
508112,krgp,K3,2596648,70.98,190-200/115-135 days
508112,krgp,K2,941347,25.73,180-190/115-125 days
508112,krgp,K4,120383,3.29,200-210/115-135 days
508112,cwz,T4,3658378,100,70-90 days
508112,hsz,E2,3658378,100,0.5-5 days
508125,pktp,P5,1746258,100,50-60 days
508125,krgp,K4,1746258,100,200-210/115-135 days
508125,cwz,T4,1746258,100,70-90 days
508125,hsz,E2,483471,27.69,0.5-5 days
508125,hsz,E3,1262787,72.31,5-10 days
508131,pktp,P5,2585289,100,50-60 days
508131,krgp,K3,1302641,50.39,190-200/115-135 days
508131,krgp,K4,1282649,49.61,200-210/115-135 days
508131,cwz,T4,2585289,100,70-90 days
508131,hsz,E2,1085911,42,0.5-5 days
508131,hsz,E3,1499378,58,5-10 days
508134,pktp,P5,4910014,100,50-60 days
508134,krgp,K3,4567153,93.02,190-200/115-135 days
508134,krgp,K2,342861,6.98,180-190/115-125 days
508134,cwz,T4,4910014,100,70-90 days
508134,hsz,E2,4833549,98.44,0.5-5 days
508134,hsz,E3,76465,1.56,5-10 days
508182,pktp,P5,1959605,100,50-60 days
508182,krgp,K3,12917,0.66,190-200/115-135 days
508182,krgp,K4,1946688,99.34,200-210/115-135 days
508182,cwz,T4,1959605,100,70-90 days
508182,hsz,E2,1074266,54.82,0.5-5 days
508182,hsz,E3,885339,45.18,5-10 days
508153,pktp,P5,2058597,100,50-60 days
508153,krgp,K3,1233810,59.93,190-200/115-135 days
508153,krgp,K2,824787,40.07,180-190/115-125 days
508153,cwz,T4,2058597,100,70-90 days
508153,hsz,E2,1939781,94.23,0.5-5 days
508153,hsz,E3,118815,5.77,5-10 days
508172,pktp,P5,3046549,100,50-60 days
508172,krgp,K3,2329638,76.47,190-200/115-135 days
508172,krgp,K4,716911,23.53,200-210/115-135 days
508172,cwz,T4,3046549,100,70-90 days
508172,hsz,E2,262149,8.6,0.5-5 days
508172,hsz,E3,2784400,91.4,5-10 days
508194,pktp,P5,3817937,100,50-60 days
508194,krgp,K3,549428,14.39,190-200/115-135 days
508194,krgp,K2,3268510,85.61,180-190/115-125 days
508194,cwz,T4,3817937,100,70-90 days
508194,hsz,E2,3817937,100,0.5-5 days
508827,pktp,P5,3225929,100,50-60 days
508827,krgp,K5,546714,16.95,210-220/120-140 days
508827,krgp,K4,2679215,83.05,200-210/115-135 days
508827,cwz,T4,3225929,100,70-90 days
508827,hsz,E2,3188138,98.83,0.5-5 days
508827,hsz,E1,37790,1.17,less than 0.5 days
508811,pktp,P5,2092571,100,50-60 days
508811,krgp,K4,2092571,100,200-210/115-135 days
508811,cwz,T4,2092571,100,70-90 days
508811,hsz,E2,2092015,99.97,0.5-5 days
508811,hsz,E1,556,0.03,less than 0.5 days
508844,pktp,P5,1183578,100,50-60 days
508844,krgp,K4,1183578,100,200-210/115-135 days
508844,cwz,T4,1183578,100,70-90 days
508844,hsz,E2,1183578,100,0.5-5 days
508861,pktp,P5,2884376,100,50-60 days
508861,krgp,K5,83771,2.9,210-220/120-140 days
508861,krgp,K4,2800605,97.1,200-210/115-135 days
508861,cwz,T4,2884376,100,70-90 days
508861,hsz,E2,2884376,100,0.5-5 days
508850,pktp,P4,1767167,48.23,40-50 days
508850,pktp,P5,1896943,51.77,50-60 days
508850,krgp,K5,3664110,100,210-220/120-140 days
508850,cwz,T4,3664110,100,70-90 days
508850,hsz,E2,3664110,100,0.5-5 days
508878,pktp,P4,15359,0.47,40-50 days
508878,pktp,P5,3218871,99.53,50-60 days
508878,krgp,K5,1757998,54.36,210-220/120-140 days
508878,krgp,K4,1476233,45.64,200-210/115-135 days
508878,cwz,T4,3234231,100,70-90 days
508878,hsz,E2,3234231,100,0.5-5 days
508889,pktp,P5,2998576,100,50-60 days
508889,krgp,K4,2998576,100,200-210/115-135 days
508889,cwz,T4,2998576,100,70-90 days
508889,hsz,E2,2998576,100,0.5-5 days
508867,pktp,P5,4121454,100,50-60 days
508867,krgp,K4,4121454,100,200-210/115-135 days
508867,cwz,T4,4121454,100,70-90 days
508867,hsz,E2,4121454,100,0.5-5 days
552710,pktp,P4,2122643,100,40-50 days
552710,krgp,K3,2022793,95.3,190-200/115-135 days
552710,krgp,K4,99850,4.7,200-210/115-135 days
552710,cwz,T4,2122643,100,70-90 days
552710,hsz,E2,2122643,100,0.5-5 days
508894,pktp,P5,5390602,100,50-60 days
508894,krgp,K4,5390602,100,200-210/115-135 days
508894,cwz,T4,5390602,100,70-90 days
508894,hsz,E2,5390602,100,0.5-5 days
552717,pktp,P4,138059,3.03,40-50 days
552717,pktp,P5,4414838,96.97,50-60 days
552717,krgp,K3,1501428,32.98,190-200/115-135 days
552717,krgp,K2,3051469,67.02,180-190/115-125 days
552717,cwz,T5,4552897,100,90-100 days
552717,hsz,E2,4552897,100,0.5-5 days
552730,pktp,P3,472322,15.33,30-40 days
552730,pktp,P4,2608676,84.67,40-50 days
552730,krgp,K5,13191,0.43,210-220/120-140 days
552730,krgp,K3,2145557,69.64,190-200/115-135 days
552730,krgp,K4,922251,29.93,200-210/115-135 days
552730,cwz,T5,3080998,100,90-100 days
552730,hsz,E2,2070103,67.19,0.5-5 days
552730,hsz,E1,1010895,32.81,less than 0.5 days
552764,pktp,P3,29953,0.84,30-40 days
552764,pktp,P4,1722374,48.14,40-50 days
552764,pktp,P5,1825624,51.02,50-60 days
552764,krgp,K3,3192323,89.22,190-200/115-135 days
552764,krgp,K2,186119,5.2,180-190/115-125 days
552764,krgp,K4,199509,5.58,200-210/115-135 days
552764,cwz,T5,3577950,100,90-100 days
552764,hsz,E2,3577950,100,0.5-5 days
552712,pktp,P3,3082210,76.04,30-40 days
552712,pktp,P4,971065,23.96,40-50 days
552712,krgp,K5,2274133,56.11,210-220/120-140 days
552712,krgp,K3,437481,10.79,190-200/115-135 days
552712,krgp,K4,1341662,33.1,200-210/115-135 days
552712,cwz,T5,4053275,100,90-100 days
552712,hsz,E2,3909055,96.44,0.5-5 days
552712,hsz,E1,144221,3.56,less than 0.5 days
552721,pktp,P4,86253,3.85,40-50 days
552721,pktp,P5,2152518,96.15,50-60 days
552721,krgp,K3,617511,27.58,190-200/115-135 days
552721,krgp,K2,1621261,72.42,180-190/115-125 days
552721,cwz,T5,2238771,100,90-100 days
552721,hsz,E2,2238771,100,0.5-5 days
552738,pktp,P4,2953341,100,40-50 days
552738,krgp,K3,2953341,100,190-200/115-135 days
552738,cwz,T4,2530668,85.69,70-90 days
552738,cwz,T5,422674,14.31,90-100 days
552738,hsz,E2,2953341,100,0.5-5 days
552743,pktp,P4,1521719,100,40-50 days
552743,krgp,K5,360441,23.69,210-220/120-140 days
552743,krgp,K4,1161278,76.31,200-210/115-135 days
552743,cwz,T4,1521719,100,70-90 days
552743,hsz,E2,1521719,100,0.5-5 days
552747,pktp,P4,1007736,100,40-50 days
552747,krgp,K3,504993,50.11,190-200/115-135 days
552747,krgp,K4,502743,49.89,200-210/115-135 days
552747,cwz,T4,1007736,100,70-90 days
552747,hsz,E2,1007736,100,0.5-5 days
552756,pktp,P3,235405,11.48,30-40 days
552756,pktp,P4,1352714,65.96,40-50 days
552756,pktp,P5,462578,22.56,50-60 days
552756,krgp,K5,10323,0.5,210-220/120-140 days
552756,krgp,K3,1481306,72.23,190-200/115-135 days
552756,krgp,K2,33,0,180-190/115-125 days
552756,krgp,K4,559035,27.26,200-210/115-135 days
552756,cwz,T5,2050696,100,90-100 days
552756,hsz,E2,2049678,99.95,0.5-5 days
552756,hsz,E1,1019,0.05,less than 0.5 days
552760,pktp,P3,1766970,100,30-40 days
552760,krgp,K5,1554408,87.97,210-220/120-140 days
552760,krgp,K4,212562,12.03,200-210/115-135 days
552760,cwz,T5,1766970,100,90-100 days
552760,hsz,E2,152344,8.62,0.5-5 days
552760,hsz,E1,1614626,91.38,less than 0.5 days
552769,pktp,P4,4108211,100,40-50 days
552769,krgp,K5,876831,21.34,210-220/120-140 days
552769,krgp,K3,269949,6.57,190-200/115-135 days
552769,krgp,K4,2961432,72.09,200-210/115-135 days
552769,cwz,T4,4108211,100,70-90 days
552769,hsz,E2,3307471,80.51,0.5-5 days
552769,hsz,E1,800741,19.49,less than 0.5 days
553224,pktp,P3,227310,6.99,30-40 days
553224,pktp,P4,3023653,93.01,40-50 days
553224,krgp,K5,149070,4.59,210-220/120-140 days
553224,krgp,K6,2874583,88.42,220-230/120-145 days
553224,krgp,K7,227310,6.99,230-240/120-145 days
553224,cwz,T4,3250963,100,70-90 days
553224,hsz,E2,3247475,99.89,0.5-5 days
553224,hsz,E1,3488,0.11,less than 0.5 days
553221,pktp,P3,40695,1.02,30-40 days
553221,pktp,P4,3932587,98.98,40-50 days
553221,krgp,K5,974726,24.53,210-220/120-140 days
553221,krgp,K6,2957861,74.44,220-230/120-145 days
553221,krgp,K7,40695,1.02,230-240/120-145 days
553221,cwz,T4,3973281,100,70-90 days
553221,hsz,E2,3973281,100,0.5-5 days
552777,pktp,P3,81219,1.62,30-40 days
552777,pktp,P4,4942679,98.38,40-50 days
552777,krgp,K5,223967,4.46,210-220/120-140 days
552777,krgp,K3,2878328,57.29,190-200/115-135 days
552777,krgp,K4,1921603,38.25,200-210/115-135 days
552777,cwz,T4,1137875,22.65,70-90 days
552777,cwz,T5,3886023,77.35,90-100 days
552777,hsz,E2,1536363,30.58,0.5-5 days
552777,hsz,E1,3487535,69.42,less than 0.5 days
553267,pktp,P4,1855231,100,40-50 days
553267,krgp,K5,1613668,86.98,210-220/120-140 days
553267,krgp,K6,130309,7.02,220-230/120-145 days
553267,krgp,K4,111254,6,200-210/115-135 days
553267,cwz,T4,1855231,100,70-90 days
553267,hsz,E2,1855231,100,0.5-5 days
553282,pktp,P4,2284330,100,40-50 days
553282,krgp,K5,176244,7.72,210-220/120-140 days
553282,krgp,K6,2108086,92.28,220-230/120-145 days
553282,cwz,T4,2284330,100,70-90 days
553282,hsz,E2,2013777,88.16,0.5-5 days
553282,hsz,E1,270553,11.84,less than 0.5 days
553230,pktp,P4,5857607,100,40-50 days
553230,krgp,K5,2865739,48.92,210-220/120-140 days
553230,krgp,K4,2991868,51.08,200-210/115-135 days
553230,cwz,T4,5857607,100,70-90 days
553230,hsz,E2,5857607,100,0.5-5 days
553288,pktp,P4,2963227,100,40-50 days
553288,krgp,K5,2963227,100,210-220/120-140 days
553288,cwz,T4,2963227,100,70-90 days
553288,hsz,E2,2963227,100,0.5-5 days
554908,pktp,P3,1142088,100,30-40 days
554908,krgp,K7,1142088,100,230-240/120-145 days
554908,cwz,T4,1142088,100,70-90 days
554908,hsz,E2,131697,11.53,0.5-5 days
554908,hsz,E1,1010390,88.47,less than 0.5 days
553291,pktp,P3,1989742,49.85,30-40 days
553291,pktp,P4,2001362,50.15,40-50 days
553291,krgp,K6,2007629,50.3,220-230/120-145 days
553291,krgp,K7,1983475,49.7,230-240/120-145 days
553291,cwz,T4,3991104,100,70-90 days
553291,hsz,E2,1132725,28.38,0.5-5 days
553291,hsz,E1,2858379,71.62,less than 0.5 days
554906,pktp,P3,2884412,100,30-40 days
554906,krgp,K7,2884412,100,230-240/120-145 days
554906,cwz,T4,2884270,100,70-90 days
554906,cwz,T5,142,0,90-100 days
554906,hsz,E1,2884412,100,less than 0.5 days
554909,pktp,P3,3115790,100,30-40 days
554909,krgp,K7,3115790,100,230-240/120-145 days
554909,cwz,T4,3115790,100,70-90 days
554909,hsz,E1,3115790,100,less than 0.5 days
554952,pktp,P3,2738284,100,30-40 days
554952,krgp,K6,1254899,45.83,220-230/120-145 days
554952,krgp,K7,1483385,54.17,230-240/120-145 days
554952,cwz,T4,2738284,100,70-90 days
554952,hsz,E1,2738284,100,less than 0.5 days
554918,pktp,P3,1605149,100,30-40 days
554918,krgp,K6,1605149,100,220-230/120-145 days
554918,cwz,T4,1605149,100,70-90 days
554918,hsz,E1,1605149,100,less than 0.5 days
554977,pktp,P3,1631156,100,30-40 days
554977,krgp,K6,1594100,97.73,220-230/120-145 days
554977,krgp,K7,37057,2.27,230-240/120-145 days
554977,cwz,T4,1631156,100,70-90 days
554977,hsz,E1,1631156,100,less than 0.5 days
554961,pktp,P3,4076197,100,30-40 days
554961,krgp,K6,815886,20.02,220-230/120-145 days
554961,krgp,K7,3260312,79.98,230-240/120-145 days
554961,cwz,T4,4076197,100,70-90 days
554961,hsz,E1,4076197,100,less than 0.5 days
554979,pktp,P3,2532674,100,30-40 days
554979,krgp,K7,2532674,100,230-240/120-145 days
554979,cwz,T4,2532674,100,70-90 days
554979,hsz,E1,2532674,100,less than 0.5 days
554994,pktp,P3,5899559,100,30-40 days
554994,krgp,K6,267651,4.54,220-230/120-145 days
554994,krgp,K7,5631908,95.46,230-240/120-145 days
554994,cwz,T4,5899559,100,70-90 days
554994,hsz,E1,5899559,100,less than 0.5 days
555202,pktp,P3,2395291,100,30-40 days
555202,krgp,K6,2395291,100,220-230/120-145 days
555202,cwz,T4,1414985,59.07,70-90 days
555202,cwz,T5,980306,40.93,90-100 days
555202,hsz,E1,2395291,100,less than 0.5 days
555233,pktp,P3,2803152,100,30-40 days
555233,krgp,K6,2803152,100,220-230/120-145 days
555233,cwz,T5,2803152,100,90-100 days
555233,hsz,E1,2803152,100,less than 0.5 days
555239,pktp,P3,3007800,100,30-40 days
555239,krgp,K6,3007800,100,220-230/120-145 days
555239,cwz,T4,369601,12.29,70-90 days
555239,cwz,T5,2638199,87.71,90-100 days
555239,hsz,E1,3007800,100,less than 0.5 days
555255,pktp,P3,2580986,100,30-40 days
555255,krgp,K6,2580986,100,220-230/120-145 days
555255,cwz,T4,2496796,96.74,70-90 days
555255,cwz,T5,84190,3.26,90-100 days
555255,hsz,E1,2580986,100,less than 0.5 days
555270,pktp,P3,3240989,100,30-40 days
555270,krgp,K6,3240989,100,220-230/120-145 days
555270,cwz,T5,3240989,100,90-100 days
555270,hsz,E1,3240989,100,less than 0.5 days
557312,pktp,P3,4258377,100,30-40 days
557312,krgp,K6,4258377,100,220-230/120-145 days
557312,cwz,T5,4258377,100,90-100 days
557312,hsz,E1,4258377,100,less than 0.5 days
557315,pktp,P3,3211678,100,30-40 days
557315,krgp,K5,1244685,38.75,210-220/120-140 days
557315,krgp,K6,1966993,61.25,220-230/120-145 days
557315,cwz,T5,3211678,100,90-100 days
557315,hsz,E1,3211678,100,less than 0.5 days
557336,pktp,P3,3019060,100,30-40 days
557336,krgp,K5,355567,11.78,210-220/120-140 days
557336,krgp,K6,2663492,88.22,220-230/120-145 days
557336,cwz,T5,3019060,100,90-100 days
557336,hsz,E1,3019060,100,less than 0.5 days
557345,pktp,P3,2525113,95.5,30-40 days
557345,pktp,P4,119056,4.5,40-50 days
557345,krgp,K5,327812,12.4,210-220/120-140 days
557345,krgp,K6,2316357,87.6,220-230/120-145 days
557345,cwz,T4,162477,6.14,70-90 days
557345,cwz,T5,2481692,93.86,90-100 days
557345,hsz,E1,2644169,100,less than 0.5 days
557364,pktp,P3,3716122,100,30-40 days
557364,krgp,K5,3670404,98.77,210-220/120-140 days
557364,krgp,K6,45718,1.23,220-230/120-145 days
557364,cwz,T5,3716122,100,90-100 days
557364,hsz,E2,2563,0.07,0.5-5 days
557364,hsz,E1,3713559,99.93,less than 0.5 days
557385,pktp,P3,1081312,89.01,30-40 days
557385,pktp,P4,133491,10.99,40-50 days
557385,krgp,K5,1068912,87.99,210-220/120-140 days
557385,krgp,K4,145891,12.01,200-210/115-135 days
557385,cwz,T5,1214803,100,90-100 days
557385,hsz,E1,1214803,100,less than 0.5 days
557725,pktp,P3,4101024,100,30-40 days
557725,krgp,K5,1095808,26.72,210-220/120-140 days
557725,krgp,K6,3005216,73.28,220-230/120-145 days
557725,cwz,T5,4101024,100,90-100 days
557725,hsz,E2,1015069,24.75,0.5-5 days
557725,hsz,E1,3085955,75.25,less than 0.5 days
557704,pktp,P3,2722302,100,30-40 days
557704,krgp,K5,1534631,56.37,210-220/120-140 days
557704,krgp,K6,1187671,43.63,220-230/120-145 days
557704,cwz,T5,2722302,100,90-100 days
557704,hsz,E2,139258,5.12,0.5-5 days
557704,hsz,E1,2583044,94.88,less than 0.5 days
557734,pktp,P3,3884228,100,30-40 days
557734,krgp,K5,3212787,82.71,210-220/120-140 days
557734,krgp,K6,671441,17.29,220-230/120-145 days
557734,cwz,T5,3884228,100,90-100 days
557734,hsz,E2,1963620,50.55,0.5-5 days
557734,hsz,E1,1920608,49.45,less than 0.5 days
557790,pktp,P3,1867388,100,30-40 days
557790,krgp,K5,1867388,100,210-220/120-140 days
557790,cwz,T5,1867388,100,90-100 days
557790,hsz,E1,1867388,100,less than 0.5 days
557773,pktp,P3,4327751,100,30-40 days
557773,krgp,K5,1167850,26.99,210-220/120-140 days
557773,krgp,K6,3159901,73.01,220-230/120-145 days
557773,cwz,T5,4327751,100,90-100 days
557773,hsz,E1,4327751,100,less than 0.5 days
558503,pktp,P4,3015639,100,40-50 days
558503,krgp,K5,1551042,51.43,210-220/120-140 days
558503,krgp,K6,1138104,37.74,220-230/120-145 days
558503,krgp,K4,326493,10.83,200-210/115-135 days
558503,cwz,T4,2183626,72.41,70-90 days
558503,cwz,T5,832013,27.59,90-100 days
558503,hsz,E1,3015639,100,less than 0.5 days
558542,pktp,P3,1139779,76.97,30-40 days
558542,pktp,P4,341009,23.03,40-50 days
558542,krgp,K6,1480788,100,220-230/120-145 days
558542,cwz,T4,1480788,100,70-90 days
558542,hsz,E1,1480788,100,less than 0.5 days
558527,pktp,P3,2457059,77.13,30-40 days
558527,pktp,P4,728385,22.87,40-50 days
558527,krgp,K6,3185444,100,220-230/120-145 days
558527,cwz,T4,2466401,77.43,70-90 days
558527,cwz,T5,719043,22.57,90-100 days
558527,hsz,E1,3185444,100,less than 0.5 days
558573,pktp,P3,1010637,29.33,30-40 days
558573,pktp,P4,2434618,70.67,40-50 days
558573,krgp,K6,3402850,98.77,220-230/120-145 days
558573,krgp,K7,42405,1.23,230-240/120-145 days
558573,cwz,T4,3445255,100,70-90 days
558573,hsz,E1,3445255,100,less than 0.5 days
558592,pktp,P3,124689,9.86,30-40 days
558592,pktp,P4,1140512,90.14,40-50 days
558592,krgp,K5,517851,40.93,210-220/120-140 days
558592,krgp,K6,747350,59.07,220-230/120-145 days
558592,cwz,T4,690574,54.58,70-90 days
558592,cwz,T5,574627,45.42,90-100 days
558592,hsz,E1,1265201,100,less than 0.5 days
558550,pktp,P3,43541,1.65,30-40 days
558550,pktp,P4,2600953,98.35,40-50 days
558550,krgp,K6,2644494,100,220-230/120-145 days
558550,cwz,T4,2644494,100,70-90 days
558550,hsz,E1,2644494,100,less than 0.5 days
558558,pktp,P4,6724117,100,40-50 days
558558,krgp,K5,691312,10.28,210-220/120-140 days
558558,krgp,K6,6032805,89.72,220-230/120-145 days
558558,cwz,T4,6724117,100,70-90 days
558558,hsz,E2,65082,0.97,0.5-5 days
558558,hsz,E1,6659036,99.03,less than 0.5 days
558549,pktp,P4,1768241,100,40-50 days
558549,krgp,K6,1768241,100,220-230/120-145 days
558549,cwz,T4,1768241,100,70-90 days
558549,hsz,E1,1768241,100,less than 0.5 days
558576,pktp,P4,4112937,100,40-50 days
558576,krgp,K5,1641464,39.91,210-220/120-140 days
558576,krgp,K6,2471473,60.09,220-230/120-145 days
558576,cwz,T4,4112937,100,70-90 days
558576,hsz,E2,2295521,55.81,0.5-5 days
558576,hsz,E1,1817416,44.19,less than 0.5 days
559408,pktp,P3,2278898,81.32,30-40 days
559408,pktp,P4,523613,18.68,40-50 days
559408,krgp,K5,1393889,49.74,210-220/120-140 days
559408,krgp,K3,104924,3.74,190-200/115-135 days
559408,krgp,K4,1303698,46.52,200-210/115-135 days
559408,cwz,T5,2802511,100,90-100 days
559408,hsz,E2,2696685,96.22,0.5-5 days
559408,hsz,E1,105826,3.78,less than 0.5 days
559451,pktp,P4,1415637,70.8,40-50 days
559451,pktp,P5,583975,29.2,50-60 days
559451,krgp,K3,1999612,100,190-200/115-135 days
559451,cwz,T5,1999612,100,90-100 days
559451,hsz,E2,1999612,100,0.5-5 days
559486,pktp,P3,3619,0.12,30-40 days
559486,pktp,P4,2459315,84.57,40-50 days
559486,pktp,P5,445021,15.3,50-60 days
559486,krgp,K3,2583944,88.86,190-200/115-135 days
559486,krgp,K4,324011,11.14,200-210/115-135 days
559486,cwz,T5,2907955,100,90-100 days
559486,hsz,E2,2907955,100,0.5-5 days
559482,pktp,P4,1186173,26.03,40-50 days
559482,pktp,P5,3370641,73.97,50-60 days
559482,krgp,K3,2746970,60.28,190-200/115-135 days
559482,krgp,K2,1809844,39.72,180-190/115-125 days
559482,cwz,T5,4556814,100,90-100 days
559482,hsz,E2,4556814,100,0.5-5 days
603605,pktp,P2,2628075,100,20-30 days
603605,krgp,K9,51158,1.95,250-260/135-150 days
603605,krgp,K10,2576917,98.05,260-270/135-150 days
603605,cwz,T4,376976,14.34,70-90 days
603605,cwz,T5,2251099,85.66,90-100 days
603605,hsz,E1,2628075,100,less than 0.5 days
603611,pktp,P2,5895574,91.48,20-30 days
603611,pktp,P3,549105,8.52,30-40 days
603611,krgp,K9,2022721,31.39,250-260/135-150 days
603611,krgp,K10,4421958,68.61,260-270/135-150 days
603611,cwz,T4,6444679,100,70-90 days
603611,hsz,E1,6444679,100,less than 0.5 days
559494,pktp,P3,4024249,59.18,30-40 days
559494,pktp,P4,2776225,40.82,40-50 days
559494,krgp,K5,2851777,41.93,210-220/120-140 days
559494,krgp,K3,1736357,25.53,190-200/115-135 days
559494,krgp,K6,269944,3.97,220-230/120-145 days
559494,krgp,K4,1942396,28.56,200-210/115-135 days
559494,cwz,T5,6800474,100,90-100 days
559494,hsz,E2,6644664,97.71,0.5-5 days
559494,hsz,E1,155810,2.29,less than 0.5 days
603602,pktp,P2,2358658,99.34,20-30 days
603602,pktp,P3,15770,0.66,30-40 days
603602,krgp,K9,640724,26.98,250-260/135-150 days
603602,krgp,K10,1733704,73.02,260-270/135-150 days
603602,cwz,T4,2374428,100,70-90 days
603602,hsz,E1,2374428,100,less than 0.5 days
603626,pktp,P2,3755946,58.42,20-30 days
603626,pktp,P3,2673676,41.58,30-40 days
603626,krgp,K9,4235471,65.87,250-260/135-150 days
603626,krgp,K10,1793392,27.89,260-270/135-150 days
603626,krgp,K8,400760,6.23,240-250/135-150 days
603626,cwz,T4,3691196,57.41,70-90 days
603626,cwz,T5,2738427,42.59,90-100 days
603626,hsz,E1,6429622,100,less than 0.5 days
603644,pktp,P2,1620278,86.48,20-30 days
603644,pktp,P3,253388,13.52,30-40 days
603644,krgp,K9,1376701,73.48,250-260/135-150 days
603644,krgp,K10,496966,26.52,260-270/135-150 days
603644,cwz,T4,1852923,98.89,70-90 days
603644,cwz,T5,20744,1.11,90-100 days
603644,hsz,E1,1873666,100,less than 0.5 days
603668,pktp,P2,572,0.02,20-30 days
603668,pktp,P3,2421311,99.98,30-40 days
603668,krgp,K9,766662,31.66,250-260/135-150 days
603668,krgp,K8,1655222,68.34,240-250/135-150 days
603668,cwz,T4,2421884,100,70-90 days
603668,hsz,E1,2421884,100,less than 0.5 days
603687,pktp,P2,247085,39.03,20-30 days
603687,pktp,P3,385944,60.97,30-40 days
603687,krgp,K9,633030,100,250-260/135-150 days
603687,cwz,T4,633030,100,70-90 days
603687,hsz,E1,633030,100,less than 0.5 days
603671,pktp,P3,3548695,100,30-40 days
603671,krgp,K9,137764,3.88,250-260/135-150 days
603671,krgp,K8,1797454,50.65,240-250/135-150 days
603671,krgp,K7,1613477,45.47,230-240/120-145 days
603671,cwz,T4,3548695,100,70-90 days
603671,hsz,E1,3548695,100,less than 0.5 days
603677,pktp,P1,10436,0.24,10-20 days
603677,pktp,P2,4280587,99.76,20-30 days
603677,krgp,K10,4291023,100,260-270/135-150 days
603677,cwz,T4,3923561,91.44,70-90 days
603677,cwz,T5,367463,8.56,90-100 days
603677,hsz,E1,4291023,100,less than 0.5 days
605835,pktp,P1,142050,5.36,10-20 days
605835,pktp,P2,2508965,94.64,20-30 days
605835,krgp,K10,2651014,100,260-270/135-150 days
605835,cwz,T4,2651014,100,70-90 days
605835,hsz,E1,2651014,100,less than 0.5 days
605814,pktp,P1,3735266,97.11,10-20 days
605814,pktp,P2,111270,2.89,20-30 days
605814,krgp,K10,1776551,46.19,260-270/135-150 days
605814,krgp,K11,2069852,53.81,270-280/135-150 days
605814,krgp,K12,132,0,280-290/135-150 days
605814,cwz,T4,3846536,100,70-90 days
605814,hsz,E1,3846536,100,less than 0.5 days
605865,pktp,P1,7469,0.12,10-20 days
605865,pktp,P2,6146316,99.88,20-30 days
605865,krgp,K10,6153785,100,260-270/135-150 days
605865,cwz,T4,5471808,88.92,70-90 days
605865,cwz,T5,681977,11.08,90-100 days
605865,hsz,E1,6153785,100,less than 0.5 days
605856,pktp,P2,5350079,100,20-30 days
605856,krgp,K10,5350079,100,260-270/135-150 days
605856,cwz,T5,5350079,100,90-100 days
605856,hsz,E1,5350079,100,less than 0.5 days
605880,pktp,P1,30696,0.7,10-20 days
605880,pktp,P2,4349866,99.3,20-30 days
605880,krgp,K10,4380562,100,260-270/135-150 days
605880,cwz,T4,4087736,93.32,70-90 days
605880,cwz,T5,292826,6.68,90-100 days
605880,hsz,E1,4380562,100,less than 0.5 days
605874,pktp,P2,3448809,100,20-30 days
605874,krgp,K10,3448809,100,260-270/135-150 days
605874,cwz,T4,1500269,43.5,70-90 days
605874,cwz,T5,1948540,56.5,90-100 days
605874,hsz,E1,3448809,100,less than 0.5 days
609029,pktp,P1,306541,5.96,10-20 days
609029,pktp,P2,4836933,94.04,20-30 days
609029,krgp,K10,5143475,100,260-270/135-150 days
609029,cwz,T4,5143475,100,70-90 days
609029,hsz,E1,5143475,100,less than 0.5 days
609023,pktp,P1,4229379,100,10-20 days
609023,krgp,K10,662418,15.66,260-270/135-150 days
609023,krgp,K11,2980700,70.48,270-280/135-150 days
609023,krgp,K12,586261,13.86,280-290/135-150 days
609023,cwz,T4,3526945,83.39,70-90 days
609023,cwz,T5,702434,16.61,90-100 days
609023,hsz,E1,4229379,100,less than 0.5 days
605883,pktp,P2,4306664,100,20-30 days
605883,krgp,K10,4306664,100,260-270/135-150 days
605883,cwz,T5,4306664,100,90-100 days
605883,hsz,E1,4306664,100,less than 0.5 days
609018,pktp,P1,1970560,88.86,10-20 days
609018,pktp,P2,247154,11.14,20-30 days
609018,krgp,K10,2217714,100,260-270/135-150 days
609018,cwz,T4,3470,0.16,70-90 days
609018,cwz,T5,2214244,99.84,90-100 days
609018,hsz,E1,2217714,100,less than 0.5 days
609032,pktp,P2,3471671,100,20-30 days
609032,krgp,K10,3471671,100,260-270/135-150 days
609032,cwz,T4,3471671,100,70-90 days
609032,hsz,E1,3471671,100,less than 0.5 days
609033,pktp,P1,3658562,100,10-20 days
609033,krgp,K10,526652,14.4,260-270/135-150 days
609033,krgp,K11,2856696,78.08,270-280/135-150 days
609033,krgp,K12,275214,7.52,280-290/135-150 days
609033,cwz,T4,180863,4.94,70-90 days
609033,cwz,T5,3477698,95.06,90-100 days
609033,hsz,E1,3658562,100,less than 0.5 days
609047,pktp,P1,2657546,73.54,10-20 days
609047,pktp,P2,956146,26.46,20-30 days
609047,krgp,K10,3361291,93.02,260-270/135-150 days
609047,krgp,K11,252401,6.98,270-280/135-150 days
609047,cwz,T4,3613692,100,70-90 days
609047,hsz,E1,3613692,100,less than 0.5 days
609050,pktp,P1,51939,1.57,10-20 days
609050,pktp,P2,3256844,98.43,20-30 days
609050,krgp,K10,3308783,100,260-270/135-150 days
609050,cwz,T4,3127953,94.53,70-90 days
609050,cwz,T5,180830,5.47,90-100 days
609050,hsz,E1,3308783,100,less than 0.5 days
609086,pktp,P2,2529709,100,20-30 days
609086,krgp,K10,2529709,100,260-270/135-150 days
609086,cwz,T4,2529709,100,70-90 days
609086,hsz,E1,2529709,100,less than 0.5 days
609027,pktp,P1,2367433,78.51,10-20 days
609027,pktp,P2,647985,21.49,20-30 days
609027,krgp,K10,3015417,100,260-270/135-150 days
609027,cwz,T4,2757146,91.43,70-90 days
609027,cwz,T5,258271,8.57,90-100 days
609027,hsz,E1,3015417,100,less than 0.5 days
609063,pktp,P2,2880119,100,20-30 days
609063,krgp,K10,2880119,100,260-270/135-150 days
609063,cwz,T4,2870562,99.67,70-90 days
609063,cwz,T5,9557,0.33,90-100 days
609063,hsz,E1,2880119,100,less than 0.5 days
609089,pktp,P1,2799041,98.86,10-20 days
609089,pktp,P2,32189,1.14,20-30 days
609089,krgp,K10,2775328,98.03,260-270/135-150 days
609089,krgp,K11,55903,1.97,270-280/135-150 days
609089,cwz,T4,234620,8.29,70-90 days
609089,cwz,T5,2596611,91.71,90-100 days
609089,hsz,E1,2831231,100,less than 0.5 days
609108,pktp,P1,1384552,81.21,10-20 days
609108,pktp,P2,320355,18.79,20-30 days
609108,krgp,K10,1136033,66.63,260-270/135-150 days
609108,krgp,K11,568874,33.37,270-280/135-150 days
609108,cwz,T4,1700302,99.73,70-90 days
609108,cwz,T3,4605,0.27,50-70 days
609108,hsz,E1,1704907,100,less than 0.5 days
609092,pktp,P1,635794,15.77,10-20 days
609092,pktp,P2,3395349,84.23,20-30 days
609092,krgp,K10,4031143,100,260-270/135-150 days
609092,cwz,T4,1416853,35.15,70-90 days
609092,cwz,T5,2614290,64.85,90-100 days
609092,hsz,E1,4031143,100,less than 0.5 days
609120,pktp,P1,2124935,100,10-20 days
609120,krgp,K10,2854,0.13,260-270/135-150 days
609120,krgp,K11,1959035,92.19,270-280/135-150 days
609120,krgp,K12,163047,7.67,280-290/135-150 days
609120,cwz,T4,2108790,99.24,70-90 days
609120,cwz,T3,16145,0.76,50-70 days
609120,hsz,E1,2124935,100,less than 0.5 days
609117,pktp,P1,2470534,100,10-20 days
609117,krgp,K11,1097377,44.42,270-280/135-150 days
609117,krgp,K12,1373158,55.58,280-290/135-150 days
609117,cwz,T4,2470534,100,70-90 days
609117,hsz,E1,2470534,100,less than 0.5 days
609135,pktp,P1,1393621,96.29,10-20 days
609135,pktp,P2,53629,3.71,20-30 days
609135,krgp,K10,1004704,69.42,260-270/135-150 days
609135,krgp,K11,442546,30.58,270-280/135-150 days
609135,cwz,T4,1445478,99.88,70-90 days
609135,cwz,T3,1772,0.12,50-70 days
609135,hsz,E1,1447250,100,less than 0.5 days
609131,pktp,P1,1868925,100,10-20 days
609131,krgp,K11,1370168,73.31,270-280/135-150 days
609131,krgp,K12,498757,26.69,280-290/135-150 days
609131,cwz,T4,1831895,98.02,70-90 days
609131,cwz,T3,37029,1.98,50-70 days
609131,hsz,E1,1868925,100,less than 0.5 days
609127,pktp,P1,3321233,100,10-20 days
609127,krgp,K11,8091,0.24,270-280/135-150 days
609127,krgp,K12,3313141,99.76,280-290/135-150 days
609127,cwz,T4,1511147,45.5,70-90 days
609127,cwz,T5,1810086,54.5,90-100 days
609127,hsz,E1,3321233,100,less than 0.5 days
609138,pktp,P1,2769789,100,10-20 days
609138,krgp,K10,43906,1.59,260-270/135-150 days
609138,krgp,K11,1764155,63.69,270-280/135-150 days
609138,krgp,K12,961729,34.72,280-290/135-150 days
609138,cwz,T4,2742587,99.02,70-90 days
609138,cwz,T3,27203,0.98,50-70 days
609138,hsz,E1,2769789,100,less than 0.5 days
609141,pktp,P1,4826094,100,10-20 days
609141,krgp,K12,4826094,100,280-290/135-150 days
609141,cwz,T4,3395315,70.35,70-90 days
609141,cwz,T5,1424514,29.52,90-100 days
609141,cwz,T3,6265,0.13,50-70 days
609141,hsz,E1,4826094,100,less than 0.5 days
609153,pktp,P1,2711592,100,10-20 days
609153,krgp,K12,2711592,100,280-290/135-150 days
609153,cwz,T4,2149626,79.28,70-90 days
609153,cwz,T5,558072,20.58,90-100 days
609153,cwz,T3,3894,0.14,50-70 days
609153,hsz,E1,2711592,100,less than 0.5 days
609159,pktp,P1,3931613,100,10-20 days
609159,krgp,K12,3931613,100,280-290/135-150 days
609159,cwz,T4,3899687,99.19,70-90 days
609159,cwz,T5,31926,0.81,90-100 days
609159,hsz,E1,3931613,100,less than 0.5 days
609160,pktp,P1,2139682,76.25,10-20 days
609160,pktp,P2,666526,23.75,20-30 days
609160,krgp,K10,1895285,67.54,260-270/135-150 days
609160,krgp,K11,910923,32.46,270-280/135-150 days
609160,cwz,T4,2803124,99.89,70-90 days
609160,cwz,T3,3084,0.11,50-70 days
609160,hsz,E1,2806208,100,less than 0.5 days
609162,pktp,P1,3772995,100,10-20 days
609162,krgp,K11,32577,0.86,270-280/135-150 days
609162,krgp,K12,3740418,99.14,280-290/135-150 days
609162,cwz,T4,3729557,98.85,70-90 days
609162,cwz,T3,43438,1.15,50-70 days
609162,hsz,E1,3772995,100,less than 0.5 days
609194,pktp,P1,2642505,100,10-20 days
609194,krgp,K12,2642505,100,280-290/135-150 days
609194,cwz,T4,2642505,100,70-90 days
609194,hsz,E1,2642505,100,less than 0.5 days
