upazila_code,type,category,area,ord
100447,landtype,Medium High Land-1,1189.44,
100447,landtype,Medium High Land-2,8426.32,
100447,texture,Loam,556.44,3
100447,texture,Clay Loam,3534.8,4
100447,texture,Clay,5524.52,5
100447,consistency,Friable,556.44,2
100447,consistency,Firm,9059.32,3
100447,drainage,Poorly Drained,9615.76,4
100447,reaction,Strongly Acidic,8933.38,2
100447,reaction,Neutral,332.56,4
100447,reaction,Moderately Alkaline,349.82,5
100447,moisture,Low,5524.52,1
100447,moisture,Medium,3534.8,2
100447,moisture,High,556.44,3
100447,salinity,Non Saline,234.49,1
100447,salinity,Very Slightly Saline,1000.07,2
100447,salinity,Slightly Saline,5141.12,3
100447,salinity,Moderately Saline,3240.08,4
100447,recession,Early,682.38,2
100447,recession,Normal,4240.15,3
100447,recession,Late,4693.23,4
100447,relief,Level,9615.76,
100419,landtype,Medium High Land-1,1491.06,
100419,landtype,Medium High Land-2,5842.67,
100419,landtype,Medium Low Land,27.69,
100419,texture,Loam,1770.95,3
100419,texture,Clay Loam,4570.44,4
100419,texture,Clay,1020.02,5
100419,consistency,Friable,1770.95,2
100419,consistency,Firm,5590.46,3
100419,drainage,Poorly Drained,7361.41,4
100419,reaction,Strongly Acidic,6755.55,2
100419,reaction,Moderately Alkaline,605.86,5
100419,moisture,Low,1020.02,1
100419,moisture,Medium,4570.44,2
100419,moisture,High,1770.95,3
100419,salinity,Non Saline,1525.91,1
100419,salinity,Very Slightly Saline,2384.92,2
100419,salinity,Slightly Saline,3450.58,3
100419,recession,Early,2849.48,2
100419,recession,Normal,3818.82,3
100419,recession,Late,693.1,4
100419,relief,Level,7361.41,
100485,landtype,Medium High Land-1,3709.88,
100485,landtype,Medium High Land-2,9951.43,
100485,texture,Loam,1877.51,3
100485,texture,Clay Loam,6679.61,4
100485,texture,Clay,5104.19,5
100485,consistency,Friable,1877.51,2
100485,consistency,Firm,11783.8,3
100485,drainage,Poorly Drained,13661.31,4
100485,reaction,Strongly Acidic,13106.34,2
100485,reaction,Neutral,554.97,4
100485,moisture,Low,5104.19,1
100485,moisture,Medium,6679.61,2
100485,moisture,High,1877.51,3
100485,salinity,Very Slightly Saline,1109.63,2
100485,salinity,Slightly Saline,5579.36,3
100485,salinity,Moderately Saline,6972.32,4
100485,recession,Early,2987.14,2
100485,recession,Normal,6417.02,3
100485,recession,Late,4257.16,4
100485,relief,Level,13661.31,
100602,landtype,High Land,308.19,
100602,landtype,Medium High Land-1,341.72,
100602,landtype,Medium High Land-2,3395.43,
100602,landtype,Medium Low Land,6919.22,
100602,landtype,Low land,2420.39,
100602,texture,Loam,5357.51,3
100602,texture,Clay Loam,3377.96,4
100602,texture,Clay,4649.5,5
100602,consistency,Friable,6299.91,2
100602,consistency,Firm,7085.06,3
100602,drainage,Imperfectly Drained,757.63,3
100602,drainage,Poorly Drained,12627.33,4
100602,reaction,Strongly Acidic,454.39,2
100602,reaction,Moderately Acidic,10498.05,3
100602,reaction,Neutral,1449.47,4
100602,reaction,Moderately Alkaline,983.05,5
100602,moisture,Low,6657.1,1
100602,moisture,Medium,5027.83,2
100602,moisture,High,1700.03,3
100602,salinity,Non Saline,5065.6,1
100602,salinity,Very Slightly Saline,7101.51,2
100602,salinity,Slightly Saline,853.65,3
100602,salinity,Moderately Saline,273.51,4
100602,salinity,Strongly Saline,90.7,5
100602,recession,Very Early,308.19,1
100602,recession,Early,1729.6,2
100602,recession,Normal,3205.46,3
100602,recession,Late,5630.62,4
100602,recession,Very Late,2511.09,5
100602,relief,Level,12988.9,
100602,relief,Slightly Undulating,396.06,
100409,landtype,Medium High Land-1,6715.15,
100409,landtype,Medium High Land-2,18713.99,
100409,texture,Loam,5391.76,3
100409,texture,Clay Loam,11912.51,4
100409,texture,Clay,8124.87,5
100409,consistency,Friable,5391.76,2
100409,consistency,Firm,20037.37,3
100409,drainage,Poorly Drained,25429.14,4
100409,reaction,Strongly Acidic,6781.5,2
100409,reaction,Moderately Acidic,17128.42,3
100409,reaction,Neutral,583.26,4
100409,reaction,Moderately Alkaline,935.96,5
100409,moisture,Low,8124.87,1
100409,moisture,Medium,11912.51,2
100409,moisture,High,5391.76,3
100409,salinity,Slightly Saline,24405.45,3
100409,salinity,Moderately Saline,1023.69,4
100409,recession,Early,16280.58,2
100409,recession,Normal,9148.56,3
100409,relief,Level,25429.14,
100603,landtype,High Land,1603.27,
100603,landtype,Medium High Land-1,3908.88,
100603,landtype,Medium High Land-2,6239.62,
100603,landtype,Medium Low Land,370.37,
100603,texture,Loam,1498.84,3
100603,texture,Clay Loam,7676.46,4
100603,texture,Clay,2946.83,5
100603,consistency,Friable,1968.37,2
100603,consistency,Firm,10153.76,3
100603,drainage,Imperfectly Drained,1603.27,3
100603,drainage,Poorly Drained,10518.86,4
100603,reaction,Moderately Acidic,6364.98,3
100603,reaction,Neutral,2146.86,4
100603,reaction,Moderately Alkaline,3610.29,5
100603,moisture,Low,2697.6,1
100603,moisture,Medium,3849.39,2
100603,moisture,High,5575.15,3
100603,salinity,Non Saline,11990.28,1
100603,salinity,Very Slightly Saline,131.86,2
100603,recession,Very Early,1603.27,1
100603,recession,Early,4712.15,2
100603,recession,Normal,5685.58,3
100603,recession,Late,121.14,4
100603,relief,Level,6761.37,
100603,relief,Slightly Undulating,5360.77,
100492,landtype,Medium High Land-1,4282.09,
100492,landtype,Medium High Land-2,10927.92,
100492,texture,Loam,1863.12,3
100492,texture,Clay Loam,6246.87,4
100492,texture,Clay,7100.01,5
100492,consistency,Friable,1863.12,2
100492,consistency,Firm,13346.88,3
100492,drainage,Poorly Drained,15210,4
100492,reaction,Strongly Acidic,14572.17,2
100492,reaction,Moderately Acidic,637.83,3
100492,moisture,Low,7100.01,1
100492,moisture,Medium,6246.87,2
100492,moisture,High,1863.12,3
100492,salinity,Non Saline,637.83,1
100492,salinity,Slightly Saline,14572.17,3
100492,recession,Early,6950.94,2
100492,recession,Normal,8259.06,3
100492,relief,Level,15210,
100428,landtype,Medium High Land-1,7367.36,
100428,landtype,Medium High Land-2,17529.5,
100428,texture,Loam,2264.23,3
100428,texture,Clay Loam,10671.56,4
100428,texture,Clay,11961.07,5
100428,consistency,Friable,2264.23,2
100428,consistency,Firm,22632.63,3
100428,drainage,Poorly Drained,24896.86,4
100428,reaction,Strongly Acidic,22632.63,2
100428,reaction,Moderately Acidic,874.5,3
100428,reaction,Neutral,1389.73,4
100428,moisture,Low,11961.07,1
100428,moisture,Medium,10671.56,2
100428,moisture,High,2264.23,3
100428,salinity,Non Saline,1389.73,1
100428,salinity,Very Slightly Saline,434.62,2
100428,salinity,Slightly Saline,23072.52,3
100428,recession,Early,4574.46,2
100428,recession,Normal,20322.4,3
100428,relief,Level,24896.86,
100651,landtype,High Land,787.94,
100651,landtype,Medium High Land-1,6279.87,
100651,landtype,Medium High Land-2,11972.36,
100651,landtype,Medium Low Land,1491.1,
100651,landtype,Low land,350,
100651,texture,Loam,6861.21,3
100651,texture,Clay Loam,11105.3,4
100651,texture,Clay,2914.76,5
100651,consistency,Friable,10611.57,2
100651,consistency,Firm,10269.7,3
100651,drainage,Imperfectly Drained,787.94,3
100651,drainage,Poorly Drained,20093.34,4
100651,reaction,Moderately Acidic,10745.34,3
100651,reaction,Neutral,2762.07,4
100651,reaction,Moderately Alkaline,7373.86,5
100651,moisture,Low,2914.76,1
100651,moisture,Medium,9891,2
100651,moisture,High,8075.51,3
100651,salinity,Non Saline,20881.27,1
100651,recession,Very Early,787.94,1
100651,recession,Early,7287.57,2
100651,recession,Normal,10205.24,3
100651,recession,Late,2600.53,4
100651,relief,Level,13485.07,
100651,relief,Slightly Undulating,7396.21,
100607,landtype,High Land,42.45,
100607,landtype,Medium High Land-1,16033.33,
100607,landtype,Medium High Land-2,16082.25,
100607,texture,Loam,2008.88,3
100607,texture,Clay Loam,9715.24,4
100607,texture,Clay,20433.92,5
100607,consistency,Friable,2008.88,2
100607,consistency,Firm,30149.16,3
100607,drainage,Imperfectly Drained,42.45,3
100607,drainage,Poorly Drained,32115.58,4
100607,reaction,Neutral,20727.79,4
100607,reaction,Moderately Alkaline,11430.24,5
100607,moisture,Low,19111.44,1
100607,moisture,Medium,9141.02,2
100607,moisture,High,3905.57,3
100607,salinity,Non Saline,31502.37,1
100607,salinity,Very Slightly Saline,655.66,2
100607,recession,Very Early,42.45,1
100607,recession,Early,2336.05,2
100607,recession,Normal,17682.12,3
100607,recession,Late,12097.41,4
100607,relief,Level,32158.03,
100610,landtype,Medium High Land-1,1003.12,
100610,landtype,Medium High Land-2,5294.11,
100610,landtype,Medium Low Land,776.62,
100610,texture,Loam,1214.35,3
100610,texture,Clay Loam,5247.41,4
100610,texture,Clay,612.1,5
100610,consistency,Friable,1057.45,2
100610,consistency,Firm,6016.4,3
100610,drainage,Poorly Drained,6039.03,4
100610,drainage,Very Poorly Drained,1034.82,5
100610,reaction,Neutral,5834.62,4
100610,reaction,Moderately Alkaline,1239.23,5
100610,moisture,Low,524.74,1
100610,moisture,Medium,3980.61,2
100610,moisture,High,2324.25,3
100610,moisture,Very High,244.25,4
100610,salinity,Non Saline,7073.85,1
100610,recession,Early,2062.05,2
100610,recession,Normal,608.37,3
100610,recession,Late,3674.32,4
100610,recession,Very Late,729.1,5
100610,relief,Level,7073.85,
100662,landtype,High Land,160.46,
100662,landtype,Medium High Land-1,1874.41,
100662,landtype,Medium High Land-2,7693.04,
100662,landtype,Medium Low Land,6785.3,
100662,texture,Loam,11860.27,3
100662,texture,Clay Loam,2822.71,4
100662,texture,Clay,1830.23,5
100662,consistency,Friable,11901.45,2
100662,consistency,Firm,4611.76,3
100662,drainage,Imperfectly Drained,160.46,3
100662,drainage,Poorly Drained,16352.75,4
100662,reaction,Neutral,6690.69,4
100662,reaction,Moderately Alkaline,9822.52,5
100662,moisture,Low,1830.23,1
100662,moisture,Medium,12026.49,2
100662,moisture,High,2656.49,3
100662,salinity,Non Saline,16513.21,1
100662,recession,Very Early,160.46,1
100662,recession,Early,2496.03,2
100662,recession,Normal,6749.46,3
100662,recession,Late,7107.26,4
100662,relief,Level,14745.58,
100662,relief,Slightly Undulating,1767.63,
100632,landtype,High Land,237.77,
100632,landtype,Medium High Land-1,639.37,
100632,landtype,Medium High Land-2,4105.22,
100632,landtype,Medium Low Land,2946.42,
100632,landtype,Low land,601.67,
100632,texture,Loam,913.4,3
100632,texture,Clay Loam,5291.58,4
100632,texture,Clay,2325.48,5
100632,consistency,Friable,1338.18,2
100632,consistency,Firm,7192.27,3
100632,drainage,Imperfectly Drained,237.77,3
100632,drainage,Poorly Drained,8292.68,4
100632,reaction,Moderately Acidic,1045.62,3
100632,reaction,Neutral,6274.39,4
100632,reaction,Moderately Alkaline,890.53,5
100632,reaction,Strongly Alkaline,319.9,6
100632,moisture,Low,4329.23,1
100632,moisture,Medium,2863.05,2
100632,moisture,High,1338.18,3
100632,salinity,Non Saline,7636.15,1
100632,salinity,Very Slightly Saline,894.3,2
100632,recession,Very Early,237.77,1
100632,recession,Early,3835.46,2
100632,recession,Normal,2262.46,3
100632,recession,Late,2194.77,4
100632,relief,Level,8210.55,
100632,relief,Slightly Undulating,319.9,
100636,landtype,High Land,73.16,
100636,landtype,Medium High Land-1,2172.53,
100636,landtype,Medium High Land-2,10230,
100636,landtype,Medium Low Land,5310.86,
100636,texture,Loam,17467.66,3
100636,texture,Clay,318.89,5
100636,consistency,Friable,17467.66,2
100636,consistency,Firm,318.89,3
100636,drainage,Imperfectly Drained,73.16,3
100636,drainage,Poorly Drained,17713.39,4
100636,reaction,Neutral,535.84,4
100636,reaction,Moderately Alkaline,17250.72,5
100636,moisture,Low,318.89,1
100636,moisture,Medium,8811.89,2
100636,moisture,High,8655.77,3
100636,salinity,Non Saline,17786.56,1
100636,recession,Very Early,73.16,1
100636,recession,Early,1503.58,2
100636,recession,Normal,10580.06,3
100636,recession,Late,5629.76,4
100636,relief,Level,17015.91,
100636,relief,Slightly Undulating,770.65,
100669,landtype,High Land,45.41,
100669,landtype,Medium High Land-1,1523.53,
100669,landtype,Medium High Land-2,10387.42,
100669,landtype,Medium Low Land,3450.37,
100669,texture,Loam,7159.57,3
100669,texture,Clay Loam,5917.8,4
100669,texture,Clay,2329.36,5
100669,consistency,Friable,7159.57,2
100669,consistency,Firm,8247.16,3
100669,drainage,Imperfectly Drained,45.41,3
100669,drainage,Poorly Drained,15361.32,4
100669,reaction,Moderately Acidic,2858.56,3
100669,reaction,Neutral,6577.73,4
100669,reaction,Moderately Alkaline,5970.44,5
100669,moisture,Low,2329.36,1
100669,moisture,Medium,5917.8,2
100669,moisture,High,7159.57,3
100669,salinity,Non Saline,15406.73,1
100669,recession,Very Early,45.41,1
100669,recession,Early,10388.74,2
100669,recession,Normal,4833.27,3
100669,recession,Late,139.3,4
100669,relief,Level,14913.54,
100669,relief,Slightly Undulating,493.19,
100694,landtype,High Land,1093.33,
100694,landtype,Medium High Land-1,1050.15,
100694,landtype,Medium High Land-2,3516.92,
100694,landtype,Medium Low Land,6800.26,
100694,landtype,Low land,6191.89,
100694,texture,Loam,4954.3,3
100694,texture,Clay Loam,9898.65,4
100694,texture,Clay,3799.6,5
100694,consistency,Friable,5406.77,2
100694,consistency,Firm,13245.78,3
100694,drainage,Imperfectly Drained,1093.33,3
100694,drainage,Poorly Drained,11657.41,4
100694,drainage,Very Poorly Drained,5901.81,5
100694,reaction,Strongly Acidic,1245.24,2
100694,reaction,Moderately Acidic,8445.1,3
100694,reaction,Neutral,8705.72,4
100694,reaction,Moderately Alkaline,256.49,5
100694,moisture,Low,3328.07,1
100694,moisture,Medium,7645.41,2
100694,moisture,High,1777.25,3
100694,moisture,Very High,5901.81,4
100694,salinity,Non Saline,14565.01,1
100694,salinity,Very Slightly Saline,3616.01,2
100694,salinity,Slightly Saline,471.52,3
100694,recession,Very Early,1093.33,1
100694,recession,Early,3099.52,2
100694,recession,Normal,4576.69,3
100694,recession,Late,3981.2,4
100694,recession,Very Late,5901.81,5
100694,relief,Level,16679.53,
100694,relief,Slightly Undulating,1973.02,
100929,landtype,High Land,360.26,
100929,landtype,Medium High Land-1,1965.69,
100929,landtype,Medium High Land-2,2047.55,
100929,landtype,Medium Low Land,3494.22,
100929,texture,Loam,6484.72,3
100929,texture,Clay Loam,1383,4
100929,consistency,Friable,6484.72,2
100929,consistency,Firm,1383,3
100929,drainage,Imperfectly Drained,360.26,3
100929,drainage,Poorly Drained,7507.46,4
100929,reaction,Moderately Acidic,3395.66,3
100929,reaction,Neutral,977.83,4
100929,reaction,Moderately Alkaline,3494.22,5
100929,moisture,Medium,1383,2
100929,moisture,High,6484.72,3
100929,salinity,Slightly Saline,4650.17,3
100929,salinity,Moderately Saline,2836.73,4
100929,salinity,Strongly Saline,380.82,5
100929,recession,Very Early,656.19,1
100929,recession,Early,2334.3,2
100929,recession,Normal,4877.23,3
100929,relief,Level,7867.72,
100965,landtype,Medium High Land-1,2292.92,
100965,landtype,Medium High Land-2,3080.37,
100965,landtype,Medium Low Land,5768.96,
100965,texture,Sand,0.12,1
100965,texture,Loam,11142.14,3
100965,consistency,Loose,0.12,1
100965,consistency,Friable,11142.14,2
100965,drainage,Poorly Drained,11142.26,4
100965,reaction,Strongly Acidic,428.5,2
100965,reaction,Moderately Acidic,2825.77,3
100965,reaction,Neutral,1228.34,4
100965,reaction,Moderately Alkaline,6659.65,5
100965,moisture,Low,0.12,1
100965,moisture,Medium,8236.12,2
100965,moisture,High,2906.03,3
100965,salinity,Very Slightly Saline,0.12,2
100965,salinity,Slightly Saline,6424.01,3
100965,salinity,Strongly Saline,2702.71,5
100965,salinity,Extremely Saline,2015.43,6
100965,recession,Early,2951.94,2
100965,recession,Normal,2421.48,3
100965,recession,Late,5768.84,4
100965,relief,Level,11142.26,
100921,landtype,High Land,780.09,
100921,landtype,Medium High Land-1,4414.02,
100921,landtype,Medium High Land-2,4114.67,
100921,landtype,Medium Low Land,1676.63,
100921,texture,Loam,8428.1,3
100921,texture,Clay Loam,2557.31,4
100921,consistency,Friable,8428.1,2
100921,consistency,Firm,2557.31,3
100921,drainage,Imperfectly Drained,780.09,3
100921,drainage,Poorly Drained,10205.32,4
100921,reaction,Strongly Acidic,4006.97,2
100921,reaction,Moderately Acidic,5301.81,3
100921,reaction,Moderately Alkaline,1676.63,5
100921,moisture,Medium,4881.03,2
100921,moisture,High,6104.38,3
100921,salinity,Non Saline,335.02,1
100921,salinity,Very Slightly Saline,233.77,2
100921,salinity,Slightly Saline,4523.09,3
100921,salinity,Moderately Saline,3951.55,4
100921,salinity,Strongly Saline,1941.98,5
100921,recession,Very Early,780.09,1
100921,recession,Early,5991.82,2
100921,recession,Normal,2536.87,3
100921,recession,Late,1676.63,4
100921,relief,Level,10985.41,
100925,landtype,Medium High Land-1,24998.13,
100925,landtype,Medium High Land-2,11903.26,
100925,landtype,Medium Low Land,2599.7,
100925,texture,Loam,29846.47,3
100925,texture,Clay Loam,9654.63,4
100925,consistency,Friable,29846.47,2
100925,consistency,Firm,9654.63,3
100925,drainage,Poorly Drained,39501.1,4
100925,reaction,Moderately Acidic,9243.48,3
100925,reaction,Neutral,30257.61,4
100925,moisture,Medium,13873.3,2
100925,moisture,High,25627.8,3
100925,salinity,Slightly Saline,25038.69,3
100925,salinity,Moderately Saline,11952.83,4
100925,salinity,Strongly Saline,1467.47,5
100925,salinity,Extremely Saline,1042.1,6
100925,recession,Early,24064.57,2
100925,recession,Normal,10837.29,3
100925,recession,Late,4599.24,4
100925,relief,Level,39501.1,
100954,landtype,High Land,1387.82,
100954,landtype,Medium High Land-1,7951.03,
100954,landtype,Medium High Land-2,7892.72,
100954,landtype,Medium Low Land,1492.84,
100954,texture,Loam,12231.39,3
100954,texture,Clay Loam,6493.02,4
100954,consistency,Friable,12231.39,2
100954,consistency,Firm,6493.02,3
100954,drainage,Imperfectly Drained,1387.82,3
100954,drainage,Poorly Drained,17336.59,4
100954,reaction,Moderately Acidic,2947.95,3
100954,reaction,Neutral,11885.78,4
100954,reaction,Moderately Alkaline,3890.69,5
100954,moisture,Medium,7985.86,2
100954,moisture,High,10738.55,3
100954,salinity,Non Saline,8191.71,1
100954,salinity,Very Slightly Saline,7990.52,2
100954,salinity,Slightly Saline,2542.18,3
100954,recession,Very Early,1387.82,1
100954,recession,Early,9350.73,2
100954,recession,Normal,6493.02,3
100954,recession,Late,1492.84,4
100954,relief,Level,18724.41,
100991,landtype,Medium High Land-1,7327,
100991,landtype,Medium High Land-2,5205.11,
100991,landtype,Medium Low Land,2456.95,
100991,texture,Loam,13358.14,3
100991,texture,Clay Loam,1630.92,4
100991,consistency,Friable,13358.14,2
100991,consistency,Firm,1630.92,3
100991,drainage,Imperfectly Drained,26.1,3
100991,drainage,Poorly Drained,14962.95,4
100991,reaction,Moderately Acidic,5348.4,3
100991,reaction,Neutral,310.2,4
100991,reaction,Moderately Alkaline,9320.65,5
100991,reaction,Strongly Alkaline,9.8,6
100991,moisture,Medium,1630.92,2
100991,moisture,High,13358.14,3
100991,salinity,Non Saline,236.61,1
100991,salinity,Very Slightly Saline,3832.93,2
100991,salinity,Slightly Saline,4275.75,3
100991,salinity,Moderately Saline,6643.76,4
100991,recession,Early,4257.43,2
100991,recession,Normal,8284.49,3
100991,recession,Late,2447.14,4
100991,relief,Level,14989.06,
104240,landtype,High Land,467.48,
104240,landtype,Medium High Land-1,4436.64,
104240,landtype,Medium High Land-2,5733.15,
104240,landtype,Medium Low Land,410.71,
104240,texture,Loam,1252.61,3
104240,texture,Clay Loam,5980.87,4
104240,texture,Clay,3814.49,5
104240,consistency,Friable,1322.91,2
104240,consistency,Firm,9725.07,3
104240,drainage,Imperfectly Drained,361.32,3
104240,drainage,Poorly Drained,10686.66,4
104240,reaction,Strongly Acidic,324.82,2
104240,reaction,Moderately Acidic,2532.62,3
104240,reaction,Neutral,6161.4,4
104240,reaction,Moderately Alkaline,2029.14,5
104240,moisture,Low,3854.49,1
104240,moisture,Medium,5916.08,2
104240,moisture,High,1277.41,3
104240,salinity,Non Saline,10647.09,1
104240,salinity,Very Slightly Saline,324.82,2
104240,salinity,Slightly Saline,76.06,3
104240,recession,Very Early,467.48,1
104240,recession,Early,1209.8,2
104240,recession,Normal,8774.73,3
104240,recession,Late,446.94,4
104240,recession,Very Late,149.02,5
104240,relief,Level,11006.63,
104240,relief,Slightly Undulating,41.35,
100918,landtype,High Land,110.38,
100918,landtype,Medium High Land-1,5627.95,
100918,landtype,Medium High Land-2,6696.33,
100918,landtype,Medium Low Land,2256.86,
100918,texture,Loam,10487.96,3
100918,texture,Clay Loam,4203.57,4
100918,consistency,Friable,10487.96,2
100918,consistency,Firm,4203.57,3
100918,drainage,Imperfectly Drained,110.38,3
100918,drainage,Poorly Drained,14581.15,4
100918,reaction,Moderately Acidic,11226.32,3
100918,reaction,Neutral,3465.21,4
100918,moisture,Medium,4159.8,2
100918,moisture,High,10531.73,3
100918,salinity,Non Saline,8191.23,1
100918,salinity,Very Slightly Saline,5418.26,2
100918,salinity,Slightly Saline,1082.04,3
100918,recession,Very Early,110.38,1
100918,recession,Early,12324.28,2
100918,recession,Normal,2256.86,3
100918,relief,Level,14691.53,
107855,landtype,High Land,55.73,
107855,landtype,Medium High Land-1,1215.5,
107855,landtype,Medium High Land-2,5710.81,
107855,texture,Loam,1432.13,3
107855,texture,Clay Loam,3753.84,4
107855,texture,Clay,1796.06,5
107855,consistency,Friable,1432.13,2
107855,consistency,Firm,5549.91,3
107855,drainage,Imperfectly Drained,55.73,3
107855,drainage,Poorly Drained,6926.3,4
107855,reaction,Strongly Acidic,4961.28,2
107855,reaction,Neutral,1415.17,4
107855,reaction,Moderately Alkaline,605.59,5
107855,moisture,Low,1796.06,1
107855,moisture,Medium,4154.12,2
107855,moisture,High,1031.85,3
107855,salinity,Non Saline,6211.23,1
107855,salinity,Very Slightly Saline,770.81,2
107855,recession,Very Early,55.73,1
107855,recession,Early,2662.13,2
107855,recession,Normal,3044.47,3
107855,recession,Late,1219.7,4
107855,relief,Level,6982.04,
104243,landtype,Medium High Land-1,2521.18,
104243,landtype,Medium High Land-2,7583.85,
104243,texture,Loam,507.48,3
104243,texture,Clay Loam,6695,4
104243,texture,Clay,2902.54,5
104243,consistency,Friable,507.48,2
104243,consistency,Firm,9597.54,3
104243,drainage,Poorly Drained,10105.02,4
104243,reaction,Strongly Acidic,2938.22,2
104243,reaction,Moderately Acidic,2925.09,3
104243,reaction,Neutral,3734.23,4
104243,reaction,Moderately Alkaline,507.48,5
104243,moisture,Low,2902.54,1
104243,moisture,Medium,6695,2
104243,moisture,High,507.48,3
104243,salinity,Non Saline,2460.88,1
104243,salinity,Very Slightly Saline,7238.02,2
104243,salinity,Slightly Saline,406.12,3
104243,recession,Early,1034.4,2
104243,recession,Normal,7610.34,3
104243,recession,Late,1460.29,4
104243,relief,Level,10105.02,
107852,landtype,Medium High Land-1,3475.3,
107852,landtype,Medium High Land-2,11477.43,
107852,landtype,Medium Low Land,1906.85,
107852,texture,Loam,7252.56,3
107852,texture,Clay Loam,8884.68,4
107852,texture,Clay,722.34,5
107852,consistency,Friable,7252.56,2
107852,consistency,Firm,9607.02,3
107852,drainage,Poorly Drained,16859.58,4
107852,reaction,Strongly Acidic,10460.6,2
107852,reaction,Moderately Acidic,3139.79,3
107852,reaction,Neutral,439.41,4
107852,reaction,Moderately Alkaline,2819.78,5
107852,moisture,Low,722.34,1
107852,moisture,Medium,10791.53,2
107852,moisture,High,5345.71,3
107852,salinity,Non Saline,11079.53,1
107852,salinity,Very Slightly Saline,5780.05,2
107852,recession,Early,4354.65,2
107852,recession,Normal,10598.08,3
107852,recession,Late,1906.85,4
107852,relief,Level,16859.58,
104273,landtype,Medium High Land-1,8318.09,
104273,landtype,Medium High Land-2,5505.73,
104273,texture,Loam,3704.7,3
104273,texture,Clay Loam,9525.35,4
104273,texture,Clay,593.78,5
104273,consistency,Friable,3704.7,2
104273,consistency,Firm,10119.13,3
104273,drainage,Poorly Drained,13823.83,4
104273,reaction,Moderately Acidic,2541.93,3
104273,reaction,Neutral,11281.9,4
104273,moisture,Low,593.78,1
104273,moisture,Medium,9525.35,2
104273,moisture,High,3704.7,3
104273,salinity,Non Saline,13823.83,1
104273,recession,Early,3704.7,2
104273,recession,Normal,9559.49,3
104273,recession,Late,559.64,4
104273,relief,Level,13823.83,
104284,landtype,High Land,171.03,
104284,landtype,Medium High Land-1,5614.35,
104284,landtype,Medium High Land-2,7057.1,
104284,landtype,Medium Low Land,126.21,
104284,texture,Loam,546.71,3
104284,texture,Clay Loam,4882.5,4
104284,texture,Clay,7539.48,5
104284,consistency,Friable,546.71,2
104284,consistency,Firm,12421.99,3
104284,drainage,Imperfectly Drained,171.03,3
104284,drainage,Poorly Drained,12797.67,4
104284,reaction,Strongly Acidic,4954.24,2
104284,reaction,Moderately Acidic,7729.88,3
104284,reaction,Neutral,284.58,4
104284,moisture,Low,7539.48,1
104284,moisture,Medium,4882.5,2
104284,moisture,High,546.71,3
104284,salinity,Non Saline,12410.12,1
104284,salinity,Very Slightly Saline,205.61,2
104284,salinity,Slightly Saline,352.97,3
104284,recession,Very Early,171.03,1
104284,recession,Early,637.07,2
104284,recession,Normal,10041.13,3
104284,recession,Late,2119.47,4
104284,relief,Level,12669.66,
104284,relief,Slightly Undulating,299.03,
107838,landtype,High Land,232.32,
107838,landtype,Medium High Land-1,6558.99,
107838,landtype,Medium High Land-2,28502.27,
107838,landtype,Medium Low Land,1842.11,
107838,texture,Loam,7459.62,3
107838,texture,Clay Loam,24893.55,4
107838,texture,Clay,4782.53,5
107838,consistency,Friable,7459.62,2
107838,consistency,Firm,29676.08,3
107838,drainage,Imperfectly Drained,232.32,3
107838,drainage,Poorly Drained,35061.26,4
107838,drainage,Very Poorly Drained,1842.11,5
107838,reaction,Strongly Acidic,27072.83,2
107838,reaction,Moderately Acidic,4272.14,3
107838,reaction,Neutral,5790.72,4
107838,moisture,Low,4782.53,1
107838,moisture,Medium,24893.55,2
107838,moisture,High,5617.51,3
107838,moisture,Very High,1842.11,4
107838,salinity,Non Saline,30977.75,1
107838,salinity,Very Slightly Saline,3674.63,2
107838,salinity,Slightly Saline,2483.31,3
107838,recession,Very Early,232.32,1
107838,recession,Early,7208.22,2
107838,recession,Normal,27555.88,3
107838,recession,Late,297.16,4
107838,recession,Very Late,1842.11,5
107838,relief,Level,35003,
107838,relief,Slightly Undulating,2132.69,
107866,landtype,Medium High Land-1,9358.99,
107866,landtype,Medium High Land-2,28136.53,
107866,texture,Sandy Loam ,428.35,2
107866,texture,Loam,1187.71,3
107866,texture,Clay Loam,18202.34,4
107866,texture,Clay,17677.12,5
107866,consistency,Friable,1616.06,2
107866,consistency,Firm,35879.46,3
107866,drainage,Poorly Drained,37495.52,4
107866,reaction,Strongly Acidic,33633.42,2
107866,reaction,Moderately Acidic,3862.1,3
107866,moisture,Low,17677.12,1
107866,moisture,Medium,18630.69,2
107866,moisture,High,1187.71,3
107866,salinity,Non Saline,899.98,1
107866,salinity,Slightly Saline,18202.34,3
107866,salinity,Moderately Saline,18393.2,4
107866,recession,Early,8764.59,2
107866,recession,Normal,28730.93,3
107866,relief,Level,37495.52,
107857,landtype,Medium High Land-1,6855.36,
107857,landtype,Medium High Land-2,21939.04,
107857,landtype,Medium Low Land,4213.04,
107857,texture,Loam,12271.51,3
107857,texture,Clay Loam,17032.21,4
107857,texture,Clay,3703.72,5
107857,consistency,Friable,12271.51,2
107857,consistency,Firm,20735.93,3
107857,drainage,Poorly Drained,33007.44,4
107857,reaction,Strongly Acidic,22798.97,2
107857,reaction,Moderately Acidic,4879.17,3
107857,reaction,Neutral,5329.3,4
107857,moisture,Low,3703.72,1
107857,moisture,Medium,17540.95,2
107857,moisture,High,11762.76,3
107857,salinity,Non Saline,33007.44,1
107857,recession,Very Early,7879.55,1
107857,recession,Early,1820.17,2
107857,recession,Normal,22798.97,3
107857,recession,Late,508.74,4
107857,relief,Slightly Undulating,13647.31,
107857,relief,Moderately Undulating,14320.56,
107857,relief,Undulating,5039.57,
107897,landtype,Medium High Land-1,3466,
107897,landtype,Medium High Land-2,11991.34,
107897,landtype,Medium Low Land,8091.91,
107897,texture,Loam,15000.04,3
107897,texture,Clay Loam,8549.21,4
107897,consistency,Friable,15000.04,2
107897,consistency,Firm,8549.21,3
107897,drainage,Poorly Drained,23549.25,4
107897,reaction,Moderately Acidic,10673.8,3
107897,reaction,Neutral,5736.01,4
107897,reaction,Moderately Alkaline,7139.44,5
107897,moisture,Medium,16641.12,2
107897,moisture,High,6908.13,3
107897,salinity,Non Saline,23549.25,1
107897,recession,Normal,16409.81,3
107897,recession,Late,7139.44,4
107897,relief,Level,3593.4,
107897,relief,Slightly Undulating,9320.42,
107897,relief,Moderately Undulating,6136.92,
107897,relief,Undulating,4498.51,
107947,landtype,Medium High Land-1,397.87,
107947,landtype,Medium High Land-2,2836.21,
107947,texture,Loam,22.81,3
107947,texture,Clay Loam,981.71,4
107947,texture,Clay,2229.55,5
107947,consistency,Friable,22.81,2
107947,consistency,Firm,3211.26,3
107947,drainage,Poorly Drained,3234.07,4
107947,reaction,Moderately Acidic,2210.64,3
107947,reaction,Neutral,1023.44,4
107947,moisture,Low,2229.55,1
107947,moisture,Medium,991.83,2
107947,moisture,High,12.69,3
107947,salinity,Non Saline,3234.07,1
107947,recession,Early,12.69,2
107947,recession,Normal,3211.26,3
107947,recession,Late,10.12,4
107947,relief,Level,3234.07,
107914,landtype,High Land,136.7,
107914,landtype,Medium High Land-1,4495.66,
107914,landtype,Medium High Land-2,7158.14,
107914,landtype,Medium Low Land,167.14,
107914,texture,Loam,959.19,3
107914,texture,Clay Loam,4088.95,4
107914,texture,Clay,6909.5,5
107914,consistency,Friable,959.19,2
107914,consistency,Firm,10998.46,3
107914,drainage,Imperfectly Drained,136.7,3
107914,drainage,Poorly Drained,11820.94,4
107914,reaction,Strongly Acidic,245.54,2
107914,reaction,Moderately Acidic,9779,3
107914,reaction,Neutral,479.15,4
107914,reaction,Moderately Alkaline,1453.96,5
107914,moisture,Low,6909.5,1
107914,moisture,Medium,4256.09,2
107914,moisture,High,792.05,3
107914,salinity,Non Saline,840.61,1
107914,salinity,Very Slightly Saline,2996.59,2
107914,salinity,Slightly Saline,8120.44,3
107914,recession,Very Early,136.7,1
107914,recession,Early,669.39,2
107914,recession,Normal,3829.37,3
107914,recession,Late,7322.18,4
107914,relief,Level,11792.24,
107914,relief,Slightly Undulating,165.4,
107895,landtype,High Land,268.42,
107895,landtype,Medium High Land-1,4731.57,
107895,landtype,Medium High Land-2,24532.29,
107895,texture,Loam,3628.53,3
107895,texture,Clay Loam,16526.93,4
107895,texture,Clay,9376.82,5
107895,consistency,Friable,3628.53,2
107895,consistency,Firm,25903.75,3
107895,drainage,Imperfectly Drained,268.42,3
107895,drainage,Poorly Drained,29263.86,4
107895,reaction,Strongly Acidic,25767.23,2
107895,reaction,Moderately Acidic,1140.17,3
107895,reaction,Moderately Alkaline,2624.88,5
107895,moisture,Low,9376.82,1
107895,moisture,Medium,16526.93,2
107895,moisture,High,3628.53,3
107895,salinity,Non Saline,5585.43,1
107895,salinity,Very Slightly Saline,22580.73,2
107895,salinity,Slightly Saline,1366.12,3
107895,recession,Very Early,268.42,1
107895,recession,Early,6927.96,2
107895,recession,Normal,21973.44,3
107895,recession,Late,362.46,4
107895,relief,Level,29532.28,
107990,landtype,High Land,148,
107990,landtype,Medium High Land-1,2065.98,
107990,landtype,Medium High Land-2,3560.86,
107990,texture,Loam,1523.79,3
107990,texture,Clay Loam,2255.03,4
107990,texture,Clay,1996.02,5
107990,consistency,Friable,1523.79,2
107990,consistency,Firm,4251.05,3
107990,drainage,Imperfectly Drained,148,3
107990,drainage,Poorly Drained,5626.84,4
107990,reaction,Moderately Acidic,1317.06,3
107990,reaction,Neutral,2184.93,4
107990,reaction,Moderately Alkaline,2272.85,5
107990,moisture,Low,1996.02,1
107990,moisture,Medium,2791.79,2
107990,moisture,High,987.03,3
107990,salinity,Non Saline,5774.84,1
107990,recession,Very Early,148,1
107990,recession,Early,1529.06,2
107990,recession,Normal,1803.07,3
107990,recession,Late,2294.7,4
107990,relief,Level,5774.84,
107876,landtype,Medium High Land-1,1334.02,
107876,landtype,Medium High Land-2,10799.29,
107876,landtype,Medium Low Land,827.39,
107876,texture,Loam,768.12,3
107876,texture,Clay Loam,6008.85,4
107876,texture,Clay,6183.73,5
107876,consistency,Friable,768.12,2
107876,consistency,Firm,12192.58,3
107876,drainage,Poorly Drained,12960.7,4
107876,reaction,Strongly Acidic,6352.8,2
107876,reaction,Moderately Acidic,6183.73,3
107876,reaction,Neutral,256.22,4
107876,reaction,Moderately Alkaline,167.96,5
107876,moisture,Low,6183.73,1
107876,moisture,Medium,6037.63,2
107876,moisture,High,739.35,3
107876,salinity,Non Saline,12184.6,1
107876,salinity,Very Slightly Saline,776.1,2
107876,recession,Early,915.29,2
107876,recession,Normal,11218.02,3
107876,recession,Late,827.39,4
107876,relief,Level,12960.7,
107976,landtype,High Land,2011.64,
107976,landtype,Medium High Land-1,1803.44,
107976,landtype,Medium High Land-2,7296.09,
107976,landtype,Medium Low Land,878.27,
107976,landtype,Low land,3458.27,
107976,texture,Loam,584.93,3
107976,texture,Clay Loam,10209.07,4
107976,texture,Clay,4653.72,5
107976,consistency,Friable,2191.36,2
107976,consistency,Firm,13256.35,3
107976,drainage,Imperfectly Drained,2011.64,3
107976,drainage,Poorly Drained,9302.67,4
107976,drainage,Very Poorly Drained,4133.4,5
107976,reaction,Moderately Acidic,8797.12,3
107976,reaction,Neutral,5372.43,4
107976,reaction,Moderately Alkaline,1278.16,5
107976,moisture,Low,4599.05,1
107976,moisture,Medium,4523.89,2
107976,moisture,High,2191.36,3
107976,moisture,Very High,4133.4,4
107976,salinity,Very Slightly Saline,2011.64,2
107976,salinity,Slightly Saline,12295.06,3
107976,salinity,Moderately Saline,1141.01,4
107976,recession,Very Early,2011.64,1
107976,recession,Early,2079.06,2
107976,recession,Normal,805.53,3
107976,recession,Late,6214.94,4
107976,recession,Very Late,4336.54,5
107976,relief,Level,13548.37,
107976,relief,Slightly Undulating,1899.34,
107958,landtype,High Land,244.57,
107958,landtype,Medium High Land-1,11827.01,
107958,landtype,Medium High Land-2,12741.9,
107958,texture,Loam,4051.24,3
107958,texture,Clay Loam,12944.89,4
107958,texture,Clay,7817.35,5
107958,consistency,Friable,4208.04,2
107958,consistency,Firm,20605.44,3
107958,drainage,Imperfectly Drained,9132.64,3
107958,drainage,Poorly Drained,15680.84,4
107958,reaction,Strongly Acidic,20019.43,2
107958,reaction,Moderately Acidic,2415.62,3
107958,reaction,Neutral,477.87,4
107958,reaction,Moderately Alkaline,1900.55,5
107958,moisture,Low,7817.35,1
107958,moisture,Medium,12944.89,2
107958,moisture,High,4051.24,3
107958,salinity,Non Saline,155.67,1
107958,salinity,Very Slightly Saline,156.8,2
107958,salinity,Slightly Saline,21107.69,3
107958,salinity,Moderately Saline,3351.95,4
107958,salinity,Extremely Saline,41.37,6
107958,recession,Very Early,244.57,1
107958,recession,Early,3806.67,2
107958,recession,Normal,12944.89,3
107958,recession,Late,7817.35,4
107958,relief,Level,24813.48,
107987,landtype,High Land,1037.49,
107987,landtype,Medium High Land-1,216.62,
107987,landtype,Medium High Land-2,3804.61,
107987,landtype,Medium Low Land,1437.52,
107987,landtype,Low land,287.87,
107987,texture,Loam,2732.79,3
107987,texture,Clay Loam,4051.32,4
107987,consistency,Friable,2732.79,2
107987,consistency,Firm,4051.32,3
107987,drainage,Imperfectly Drained,1037.49,3
107987,drainage,Poorly Drained,5458.75,4
107987,drainage,Very Poorly Drained,287.87,5
107987,reaction,Strongly Acidic,287.87,2
107987,reaction,Moderately Acidic,3905.05,3
107987,reaction,Neutral,2591.2,4
107987,moisture,Low,2551.6,1
107987,moisture,Medium,2597.9,2
107987,moisture,High,1634.61,3
107987,salinity,Non Saline,6496.24,1
107987,salinity,Very Slightly Saline,287.87,2
107987,recession,Early,1493.01,2
107987,recession,Normal,2386.44,3
107987,recession,Late,1244.46,4
107987,recession,Very Late,1660.21,5
107987,relief,Level,6784.12,
107980,landtype,High Land,43.5,
107980,landtype,Medium High Land-1,943.86,
107980,landtype,Medium High Land-2,6403.01,
107980,texture,Loam,1737.29,3
107980,texture,Clay Loam,5012.08,4
107980,texture,Clay,640.99,5
107980,consistency,Friable,1737.29,2
107980,consistency,Firm,5653.07,3
107980,drainage,Imperfectly Drained,43.5,3
107980,drainage,Poorly Drained,7346.87,4
107980,reaction,Strongly Acidic,530.9,2
107980,reaction,Moderately Acidic,4765.47,3
107980,reaction,Neutral,2093.99,4
107980,moisture,Low,640.99,1
107980,moisture,Medium,5162.3,2
107980,moisture,High,1587.08,3
107980,salinity,Non Saline,716.91,1
107980,salinity,Very Slightly Saline,3441.83,2
107980,salinity,Slightly Saline,3231.63,3
107980,recession,Very Early,43.5,1
107980,recession,Early,2228.22,2
107980,recession,Normal,4477.66,3
107980,recession,Late,640.99,4
107980,relief,Level,7390.37,
200304,landtype,High Land,72301.81,
200304,landtype,Medium High Land-1,1790,
200304,landtype,Medium High Land-2,1853.83,
200304,texture,Sandy Loam ,15892.74,2
200304,texture,Loam,49673.52,3
200304,texture,Clay Loam,10379.38,4
200304,consistency,Loose,111.36,1
200304,consistency,Friable,72301.81,2
200304,consistency,Firm,3532.47,3
200304,drainage,Well Drained,70308.35,1
200304,drainage,Imperfectly Drained,1993.46,3
200304,drainage,Poorly Drained,3643.83,4
200304,reaction,Extremely Acidic,543.87,1
200304,reaction,Strongly Acidic,49747.84,2
200304,reaction,Moderately Acidic,18658.99,3
200304,reaction,Neutral,6994.94,4
200304,moisture,Low,70333.31,1
200304,moisture,Medium,3638.6,2
200304,moisture,High,1973.73,3
200304,salinity,Non Saline,75945.64,1
200304,recession,Very Early,72301.81,1
200304,recession,Early,3643.83,2
200304,relief,Level,3922.01,
200304,relief,Moderately Undulating,1715.29,
200304,relief,Undulating,17256.21,
200304,relief,Sloppy,53052.14,
200314,landtype,High Land,48697.49,
200314,landtype,Medium High Land-1,1410.93,
200314,landtype,Medium High Land-2,1410.57,
200314,texture,Sandy Loam ,32442.05,2
200314,texture,Loam,8765.14,3
200314,texture,Clay Loam,10311.81,4
200314,consistency,Friable,47030.43,2
200314,consistency,Firm,4488.57,3
200314,drainage,Well Drained,42694.78,1
200314,drainage,Moderately Well Drained,2635.62,2
200314,drainage,Imperfectly Drained,3367.09,3
200314,drainage,Poorly Drained,2821.51,4
200314,reaction,Strongly Acidic,31643.18,2
200314,reaction,Moderately Acidic,19875.82,3
200314,moisture,Low,50108.15,1
200314,moisture,Medium,1410.85,2
200314,salinity,Non Saline,51518.99,1
200314,recession,Very Early,48697.49,1
200314,recession,Normal,1410.85,3
200314,recession,Late,1410.66,4
200314,relief,Level,4760.11,
200314,relief,Slightly Undulating,1537.62,
200314,relief,Undulating,766.78,
200314,relief,Sloppy,44454.48,
200389,landtype,High Land,40599.32,
200389,landtype,Medium High Land-1,1297.27,
200389,landtype,Medium High Land-2,1297.3,
200389,texture,Sandy Loam ,13329.57,2
200389,texture,Loam,23591.36,3
200389,texture,Clay Loam,6272.96,4
200389,consistency,Friable,39387.02,2
200389,consistency,Firm,3806.87,3
200389,drainage,Well Drained,38776.13,1
200389,drainage,Moderately Well Drained,1709.38,2
200389,drainage,Imperfectly Drained,592.89,3
200389,drainage,Poorly Drained,2115.5,4
200389,reaction,Extremely Acidic,7609.06,1
200389,reaction,Strongly Acidic,33381.04,2
200389,reaction,Moderately Acidic,2203.79,3
200389,moisture,Low,40774.07,1
200389,moisture,Medium,2419.82,2
200389,salinity,Non Saline,43193.89,1
200389,recession,Very Early,40599.32,1
200389,recession,Early,2594.57,2
200389,relief,Level,2708.38,
200389,relief,Slightly Undulating,327.02,
200389,relief,Moderately Undulating,1114.1,
200389,relief,Undulating,3216.85,
200389,relief,Sloppy,35827.53,
200351,landtype,High Land,65979.74,
200351,landtype,Medium High Land-1,1832.32,
200351,landtype,Medium High Land-2,1599.1,
200351,texture,Sandy Loam ,30173.67,2
200351,texture,Loam,15545.57,3
200351,texture,Clay Loam,23691.93,4
200351,consistency,Friable,62922.94,2
200351,consistency,Firm,6488.23,3
200351,drainage,Well Drained,51692.99,1
200351,drainage,Moderately Well Drained,10068.54,2
200351,drainage,Imperfectly Drained,4218.21,3
200351,drainage,Poorly Drained,3431.42,4
200351,reaction,Strongly Acidic,31696.01,2
200351,reaction,Moderately Acidic,37715.16,3
200351,moisture,Low,63437.54,1
200351,moisture,Medium,4715.66,2
200351,moisture,High,1257.96,3
200351,salinity,Non Saline,69411.17,1
200351,recession,Very Early,65979.74,1
200351,recession,Normal,1755.41,3
200351,recession,Late,1676.01,4
200351,relief,Level,7649.64,
200351,relief,Undulating,5464.47,
200351,relief,Sloppy,56297.07,
200373,landtype,High Land,47948.43,
200373,landtype,Medium High Land-1,283.4,
200373,landtype,Medium High Land-2,300.71,
200373,texture,Sandy Loam ,10959.1,2
200373,texture,Loam,36989.33,3
200373,texture,Clay Loam,336.12,4
200373,texture,Clay,247.98,5
200373,consistency,Friable,47948.43,2
200373,consistency,Firm,584.11,3
200373,drainage,Well Drained,46804.72,1
200373,drainage,Imperfectly Drained,1143.72,3
200373,drainage,Poorly Drained,584.11,4
200373,reaction,Strongly Acidic,2862.7,2
200373,reaction,Moderately Acidic,45669.84,3
200373,moisture,Low,44252.49,1
200373,moisture,Medium,3875.95,2
200373,moisture,High,404.09,3
200373,salinity,Non Saline,48532.54,1
200373,recession,Very Early,16641.18,1
200373,recession,Early,20166.81,2
200373,recession,Normal,11724.55,3
200373,relief,Level,1727.82,
200373,relief,Undulating,597.68,
200373,relief,Sloppy,46207.04,
200391,landtype,High Land,62397.38,
200391,landtype,Medium Low Land,86.4,
200391,texture,Sand,86.4,1
200391,texture,Sandy Loam ,5157.96,2
200391,texture,Clay Loam,57239.42,4
200391,consistency,Loose,86.4,1
200391,consistency,Friable,62358.73,2
200391,consistency,Firm,38.65,3
200391,drainage,Well Drained,61927.74,1
200391,drainage,Imperfectly Drained,469.64,3
200391,drainage,Poorly Drained,86.4,4
200391,reaction,Strongly Acidic,22550.96,2
200391,reaction,Moderately Acidic,39932.81,3
200391,moisture,Low,62412.66,1
200391,moisture,Medium,71.11,2
200391,salinity,Non Saline,62483.77,1
200391,recession,Very Early,62483.77,1
200391,relief,Level,556.03,
200391,relief,Undulating,1333.86,
200391,relief,Sloppy,60593.88,
200395,landtype,High Land,98727.06,
200395,landtype,Medium High Land-1,168.72,
200395,landtype,Medium High Land-2,171.55,
200395,texture,Sandy Loam ,6820.57,2
200395,texture,Loam,10961.35,3
200395,texture,Clay Loam,81285.42,4
200395,consistency,Loose,3513.74,1
200395,consistency,Friable,95553.59,2
200395,drainage,Well Drained,98157.16,1
200395,drainage,Imperfectly Drained,569.91,3
200395,drainage,Poorly Drained,340.27,4
200395,reaction,Strongly Acidic,97729.26,2
200395,reaction,Moderately Acidic,1338.08,3
200395,moisture,Low,98727.83,1
200395,moisture,High,339.5,3
200395,salinity,Non Saline,99067.33,1
200395,recession,Very Early,98727.06,1
200395,recession,Early,340.27,2
200395,relief,Level,910.18,
200395,relief,Undulating,11244.67,
200395,relief,Sloppy,86912.49,
201202,landtype,High Land,307.19,
201202,landtype,Medium High Land-1,1367.85,
201202,landtype,Medium High Land-2,359.95,
201202,landtype,Medium Low Land,1117.13,
201202,landtype,Low land,1232.56,
201202,landtype,Very Low land,1241.39,
201202,texture,Sandy Loam ,104.15,2
201202,texture,Loam,1166.35,3
201202,texture,Clay Loam,1279.41,4
201202,texture,Clay,3076.16,5
201202,consistency,Friable,1270.5,2
201202,consistency,Firm,4355.57,3
201202,drainage,Moderately Well Drained,307.19,2
201202,drainage,Imperfectly Drained,69.11,3
201202,drainage,Poorly Drained,5249.77,4
201202,reaction,Extremely Acidic,1644.95,1
201202,reaction,Strongly Acidic,3935.78,2
201202,reaction,Moderately Acidic,45.34,3
201202,moisture,Low,2651.02,1
201202,moisture,Medium,861,2
201202,moisture,High,1057.43,3
201202,moisture,Very High,1056.63,4
201202,salinity,Non Saline,5626.07,1
201202,recession,Very Early,307.19,1
201202,recession,Early,1086.74,2
201202,recession,Normal,1758.2,3
201202,recession,Late,1232.56,4
201202,recession,Very Late,1241.39,5
201202,relief,Level,5318.88,
201202,relief,Slightly Undulating,307.19,
201233,landtype,Medium High Land-1,328.78,
201233,landtype,Medium High Land-2,1183.79,
201233,landtype,Medium Low Land,3655.73,
201233,landtype,Very Low land,621.72,
201233,texture,Sandy Loam ,201.21,2
201233,texture,Loam,2502.24,3
201233,texture,Clay Loam,1125.85,4
201233,texture,Clay,1960.72,5
201233,consistency,Friable,2703.45,2
201233,consistency,Firm,3086.58,3
201233,drainage,Poorly Drained,5168.3,4
201233,drainage,Very Poorly Drained,621.72,5
201233,reaction,Strongly Acidic,5790.03,2
201233,moisture,Low,1960.72,1
201233,moisture,Medium,1747.58,2
201233,moisture,High,2081.73,3
201233,salinity,Non Saline,5790.03,1
201233,recession,Early,1512.58,2
201233,recession,Normal,3655.73,3
201233,recession,Very Late,621.72,5
201233,relief,Level,5790.03,
201204,landtype,Medium High Land-1,4728.5,
201204,landtype,Medium Low Land,7172.1,
201204,landtype,Low land,2849.27,
201204,landtype,Very Low land,1121.47,
201204,texture,Sand,1465.78,1
201204,texture,Sandy Loam ,1651.3,2
201204,texture,Loam,11044.82,3
201204,texture,Clay,1709.43,5
201204,consistency,Loose,1465.78,1
201204,consistency,Friable,12696.13,2
201204,consistency,Firm,1709.43,3
201204,drainage,Poorly Drained,15871.34,4
201204,reaction,Strongly Acidic,2309.71,2
201204,reaction,Moderately Acidic,13067.06,3
201204,reaction,Neutral,494.57,4
201204,moisture,Low,4728.07,1
201204,moisture,Medium,5077.26,2
201204,moisture,High,6066.01,3
201204,salinity,Non Saline,15871.34,1
201204,recession,Early,4728.5,2
201204,recession,Normal,7172.1,3
201204,recession,Late,3387.17,4
201204,recession,Very Late,583.57,5
201204,relief,Level,15871.34,
201207,landtype,High Land,2288.5,
201207,landtype,Medium High Land-1,2072.07,
201207,landtype,Medium High Land-2,718.38,
201207,landtype,Medium Low Land,6309.66,
201207,landtype,Low land,5022.04,
201207,landtype,Very Low land,2350.8,
201207,texture,Loam,4148.32,3
201207,texture,Clay Loam,5972.54,4
201207,texture,Clay,8640.61,5
201207,consistency,Friable,5918.85,2
201207,consistency,Firm,12842.61,3
201207,drainage,Well Drained,2288.5,1
201207,drainage,Poorly Drained,15373.13,4
201207,drainage,Very Poorly Drained,1099.83,5
201207,reaction,Strongly Acidic,18571.29,2
201207,reaction,Moderately Acidic,190.17,3
201207,moisture,Low,7540.78,1
201207,moisture,Medium,5824.2,2
201207,moisture,High,4296.65,3
201207,moisture,Very High,1099.83,4
201207,salinity,Non Saline,18761.46,1
201207,recession,Very Early,2288.5,1
201207,recession,Early,2790.45,2
201207,recession,Normal,6309.66,3
201207,recession,Late,5379.36,4
201207,recession,Very Late,1993.48,5
201207,relief,Level,18761.46,
201213,landtype,High Land,723.73,
201213,landtype,Medium High Land-1,1395.95,
201213,landtype,Medium High Land-2,5892.78,
201213,landtype,Medium Low Land,3529.67,
201213,landtype,Low land,2017.37,
201213,landtype,Very Low land,3205.31,
201213,texture,Loam,7309.6,3
201213,texture,Clay Loam,6705.29,4
201213,texture,Clay,2749.92,5
201213,consistency,Friable,7309.6,2
201213,consistency,Firm,9455.2,3
201213,drainage,Imperfectly Drained,723.73,3
201213,drainage,Poorly Drained,13375.17,4
201213,drainage,Very Poorly Drained,2665.9,5
201213,reaction,Strongly Acidic,10439.44,2
201213,reaction,Moderately Acidic,6325.36,3
201213,moisture,Low,1929.02,1
201213,moisture,Medium,7526.18,2
201213,moisture,High,7309.6,3
201213,salinity,Non Saline,16764.8,1
201213,recession,Very Early,723.73,1
201213,recession,Early,7288.73,2
201213,recession,Normal,3529.67,3
201213,recession,Late,2017.37,4
201213,recession,Very Late,3205.31,5
201213,relief,Level,16764.8,
201285,landtype,High Land,41.59,
201285,landtype,Medium High Land-1,457.83,
201285,landtype,Medium High Land-2,2290.68,
201285,landtype,Medium Low Land,13034.9,
201285,landtype,Low land,4245.21,
201285,landtype,Very Low land,5900.03,
201285,texture,Sand,186.22,1
201285,texture,Loam,8384.98,3
201285,texture,Clay Loam,9113.57,4
201285,texture,Clay,8285.46,5
201285,consistency,Loose,186.22,1
201285,consistency,Friable,8384.98,2
201285,consistency,Firm,17399.04,3
201285,drainage,Imperfectly Drained,41.59,3
201285,drainage,Poorly Drained,21447.07,4
201285,drainage,Very Poorly Drained,4481.57,5
201285,reaction,Extremely Acidic,678.63,1
201285,reaction,Strongly Acidic,22243.59,2
201285,reaction,Moderately Acidic,3048.02,3
201285,moisture,Low,8471.68,1
201285,moisture,Medium,9252.58,2
201285,moisture,High,8245.98,3
201285,salinity,Non Saline,25970.23,1
201285,recession,Very Early,41.59,1
201285,recession,Early,2376.74,2
201285,recession,Normal,13406.66,3
201285,recession,Late,8386.26,4
201285,recession,Very Late,1758.98,5
201285,relief,Level,25970.23,
201294,landtype,High Land,174.23,
201294,landtype,Medium High Land-1,894.96,
201294,landtype,Medium High Land-2,3238.05,
201294,landtype,Medium Low Land,6139.26,
201294,landtype,Low land,3593.86,
201294,landtype,Very Low land,4422.95,
201294,texture,Sandy Loam ,1397.59,2
201294,texture,Loam,4852.71,3
201294,texture,Clay Loam,7636.98,4
201294,texture,Clay,4576.03,5
201294,consistency,Friable,6250.3,2
201294,consistency,Firm,12213.01,3
201294,drainage,Imperfectly Drained,174.23,3
201294,drainage,Poorly Drained,13681.62,4
201294,drainage,Very Poorly Drained,4607.46,5
201294,reaction,Strongly Acidic,10928.37,2
201294,reaction,Moderately Acidic,7534.94,3
201294,moisture,Low,3238.57,1
201294,moisture,Medium,5949.07,2
201294,moisture,High,4852.71,3
201294,moisture,Very High,4422.95,4
201294,salinity,Non Saline,18463.31,1
201294,recession,Very Early,174.23,1
201294,recession,Early,4133.01,2
201294,recession,Normal,6139.26,3
201294,recession,Late,2299.62,4
201294,recession,Very Late,5717.19,5
201294,relief,Level,12506.39,
201294,relief,Slightly Undulating,5956.92,
201290,landtype,Medium High Land-1,193.88,
201290,landtype,Medium High Land-2,806.95,
201290,landtype,Medium Low Land,11803.53,
201290,landtype,Low land,8269.46,
201290,landtype,Very Low land,4931.5,
201290,texture,Sandy Loam ,52.57,2
201290,texture,Loam,14599.38,3
201290,texture,Clay Loam,7556.47,4
201290,texture,Clay,3796.88,5
201290,consistency,Friable,14651.95,2
201290,consistency,Firm,11353.36,3
201290,drainage,Poorly Drained,23727.04,4
201290,drainage,Very Poorly Drained,2278.27,5
201290,reaction,Strongly Acidic,7069.42,2
201290,reaction,Moderately Acidic,18935.88,3
201290,moisture,Low,8817.73,1
201290,moisture,Medium,13798.91,2
201290,moisture,High,3388.66,3
201290,salinity,Non Saline,26005.3,1
201290,recession,Early,1000.82,2
201290,recession,Normal,11803.53,3
201290,recession,Late,10922.68,4
201290,recession,Very Late,2278.27,5
201290,relief,Level,26005.3,
201263,landtype,High Land,1217.82,
201263,landtype,Medium High Land-1,896.07,
201263,landtype,Medium High Land-2,3482.19,
201263,landtype,Medium Low Land,6054.93,
201263,landtype,Low land,957.27,
201263,landtype,Very Low land,737.79,
201263,texture,Sandy Loam ,248.29,2
201263,texture,Loam,8051.06,3
201263,texture,Clay Loam,4996.66,4
201263,texture,Clay,50.06,5
201263,consistency,Friable,8299.35,2
201263,consistency,Firm,5046.72,3
201263,drainage,Well Drained,638.3,1
201263,drainage,Moderately Well Drained,354.92,2
201263,drainage,Imperfectly Drained,315.89,3
201263,drainage,Poorly Drained,10966.47,4
201263,drainage,Very Poorly Drained,1070.5,5
201263,reaction,Strongly Acidic,13346.07,2
201263,moisture,Low,4761.36,1
201263,moisture,Medium,8584.71,2
201263,salinity,Non Saline,13346.07,1
201263,recession,Very Early,1217.82,1
201263,recession,Early,4378.26,2
201263,recession,Normal,6181.94,3
201263,recession,Late,830.27,4
201263,recession,Very Late,737.79,5
201263,relief,Level,12591.58,
201263,relief,Moderately Undulating,256.49,
201263,relief,Sloppy,498,
201322,landtype,High Land,269.08,
201322,landtype,Medium High Land-1,256.2,
201322,landtype,Medium High Land-2,4690.83,
201322,landtype,Medium Low Land,10696.26,
201322,landtype,Low land,2536.57,
201322,texture,Sandy Loam ,2292.18,2
201322,texture,Loam,13819.5,3
201322,texture,Clay Loam,2337.28,4
201322,consistency,Friable,16647.45,2
201322,consistency,Firm,1801.51,3
201322,drainage,Imperfectly Drained,269.08,3
201322,drainage,Poorly Drained,18179.87,4
201322,reaction,Strongly Acidic,7609.35,2
201322,reaction,Moderately Acidic,5141.4,3
201322,reaction,Moderately Alkaline,5698.2,5
201322,moisture,Low,2292.18,1
201322,moisture,Medium,5743.31,2
201322,moisture,High,10413.47,3
201322,salinity,Non Saline,18448.95,1
201322,recession,Very Early,269.08,1
201322,recession,Early,4947.04,2
201322,recession,Normal,10696.26,3
201322,recession,Late,2536.57,4
201322,relief,Level,18448.95,
201345,landtype,High Land,507.53,
201345,landtype,Medium High Land-1,690.5,
201345,landtype,Medium High Land-2,4786.73,
201345,landtype,Medium Low Land,2186.82,
201345,landtype,Low land,330.23,
201345,texture,Loam,4317.52,3
201345,texture,Clay Loam,4184.3,4
201345,consistency,Friable,4317.52,2
201345,consistency,Firm,4184.3,3
201345,drainage,Imperfectly Drained,507.53,3
201345,drainage,Poorly Drained,7994.3,4
201345,reaction,Strongly Acidic,5262.28,2
201345,reaction,Moderately Acidic,3239.55,3
201345,moisture,Low,252.26,1
201345,moisture,Medium,3508.82,2
201345,moisture,High,4740.75,3
201345,salinity,Non Saline,8501.83,1
201345,recession,Very Early,507.53,1
201345,recession,Early,5477.24,2
201345,recession,Normal,2186.82,3
201345,recession,Late,330.23,4
201345,relief,Level,8501.83,
201347,landtype,High Land,111.86,
201347,landtype,Medium High Land-1,35.14,
201347,landtype,Medium High Land-2,3955.09,
201347,landtype,Medium Low Land,161.26,
201347,landtype,Low land,89.17,
201347,landtype,Very Low land,1733.63,
201347,texture,Loam,6086.14,3
201347,consistency,Friable,6086.14,2
201347,drainage,Imperfectly Drained,111.86,3
201347,drainage,Poorly Drained,5974.29,4
201347,reaction,Moderately Acidic,1029.4,3
201347,reaction,Neutral,377.25,4
201347,reaction,Moderately Alkaline,4679.5,5
201347,moisture,Medium,345.45,2
201347,moisture,High,5740.69,3
201347,salinity,Non Saline,4760.58,1
201347,salinity,Very Slightly Saline,1325.57,2
201347,recession,Very Early,111.86,1
201347,recession,Early,3990.23,2
201347,recession,Normal,161.26,3
201347,recession,Late,1822.8,4
201347,relief,Level,6086.14,
201349,landtype,Medium High Land-1,772.5,
201349,landtype,Medium High Land-2,115.32,
201349,landtype,Medium Low Land,13982.61,
201349,landtype,Low land,409.14,
201349,texture,Loam,3862.46,3
201349,texture,Clay Loam,11417.12,4
201349,consistency,Friable,3862.46,2
201349,consistency,Firm,11417.12,3
201349,drainage,Poorly Drained,15279.57,4
201349,reaction,Strongly Acidic,1934.72,2
201349,reaction,Moderately Acidic,12139.71,3
201349,reaction,Neutral,812.97,4
201349,reaction,Moderately Alkaline,392.17,5
201349,moisture,Low,1160.67,1
201349,moisture,Medium,14118.91,2
201349,salinity,Non Saline,12846.62,1
201349,salinity,Very Slightly Saline,2432.95,2
201349,recession,Very Early,120.6,1
201349,recession,Early,1890.61,2
201349,recession,Normal,12859.22,3
201349,recession,Late,409.14,4
201349,relief,Level,15279.57,
201358,landtype,High Land,602.28,
201358,landtype,Medium High Land-1,1272.14,
201358,landtype,Medium High Land-2,4161.38,
201358,landtype,Medium Low Land,9070.13,
201358,landtype,Low land,4670.32,
201358,texture,Loam,5275.28,3
201358,texture,Clay Loam,8201.06,4
201358,texture,Clay,6299.9,5
201358,consistency,Friable,5275.28,2
201358,consistency,Firm,14500.96,3
201358,drainage,Imperfectly Drained,602.28,3
201358,drainage,Poorly Drained,19173.96,4
201358,reaction,Strongly Acidic,16068.98,2
201358,reaction,Moderately Acidic,3707.26,3
201358,moisture,Low,6299.9,1
201358,moisture,Medium,8201.06,2
201358,moisture,High,5275.28,3
201358,salinity,Non Saline,19776.24,1
201358,recession,Very Early,543.71,1
201358,recession,Early,5890.21,2
201358,recession,Normal,8823.45,3
201358,recession,Late,4518.87,4
201358,relief,Level,19776.24,
201376,landtype,Medium High Land-1,376.71,
201376,landtype,Medium High Land-2,32.41,
201376,landtype,Medium Low Land,6177.94,
201376,landtype,Low land,463.73,
201376,texture,Loam,1870.02,3
201376,texture,Clay Loam,5180.78,4
201376,consistency,Friable,1870.02,2
201376,consistency,Firm,5180.78,3
201376,drainage,Poorly Drained,7050.79,4
201376,reaction,Extremely Acidic,415.23,1
201376,reaction,Strongly Acidic,6635.57,2
201376,moisture,Low,329.72,1
201376,moisture,Medium,6574.58,2
201376,moisture,High,146.5,3
201376,salinity,Non Saline,7050.79,1
201376,recession,Early,409.12,2
201376,recession,Normal,6177.94,3
201376,recession,Late,463.73,4
201376,relief,Level,7050.79,
201395,landtype,High Land,146.07,
201395,landtype,Medium High Land-1,381.43,
201395,landtype,Medium High Land-2,1004.43,
201395,landtype,Medium Low Land,9928.09,
201395,landtype,Low land,75.89,
201395,texture,Loam,4794.12,3
201395,texture,Clay Loam,5153.48,4
201395,texture,Clay,1588.32,5
201395,consistency,Friable,4794.12,2
201395,consistency,Firm,6741.79,3
201395,drainage,Imperfectly Drained,146.07,3
201395,drainage,Poorly Drained,11389.84,4
201395,reaction,Moderately Acidic,5694.64,3
201395,reaction,Neutral,5841.27,4
201395,moisture,Low,1588.32,1
201395,moisture,Medium,6140.73,2
201395,moisture,High,3806.87,3
201395,salinity,Non Saline,11535.91,1
201395,recession,Very Early,146.07,1
201395,recession,Early,1385.86,2
201395,recession,Normal,9928.09,3
201395,recession,Late,75.89,4
201395,relief,Level,11535.91,
201504,landtype,High Land,1676.11,
201504,landtype,Medium High Land-1,6874.63,
201504,landtype,Medium High Land-2,1055.56,
201504,landtype,Medium Low Land,1139.26,
201504,texture,Sandy Loam ,1188.17,2
201504,texture,Loam,193.53,3
201504,texture,Clay Loam,9363.85,4
201504,consistency,Friable,1744.34,2
201504,consistency,Firm,9001.22,3
201504,drainage,Well Drained,1550.77,1
201504,drainage,Imperfectly Drained,125.34,3
201504,drainage,Poorly Drained,9069.45,4
201504,reaction,Extremely Acidic,125.3,1
201504,reaction,Strongly Acidic,10620.26,2
201504,moisture,Low,3517.82,1
201504,moisture,Medium,7034.21,2
201504,moisture,High,193.53,3
201504,salinity,Non Saline,10745.56,1
201504,recession,Very Early,1676.11,1
201504,recession,Early,7930.19,2
201504,recession,Normal,1139.26,3
201504,relief,Level,9194.79,
201504,relief,Sloppy,1550.77,
201508,landtype,High Land,13386.16,
201508,landtype,Medium High Land-1,10850.5,
201508,landtype,Medium High Land-2,5035.41,
201508,landtype,Medium Low Land,873.37,
201508,texture,Sandy Loam ,4893.62,2
201508,texture,Loam,6464.88,3
201508,texture,Clay Loam,18786.94,4
201508,consistency,Friable,11358.5,2
201508,consistency,Firm,18786.94,3
201508,drainage,Well Drained,10860.45,1
201508,drainage,Moderately Well Drained,179.99,2
201508,drainage,Imperfectly Drained,2345.72,3
201508,drainage,Poorly Drained,16759.28,4
201508,reaction,Extremely Acidic,938.2,1
201508,reaction,Strongly Acidic,29207.24,2
201508,moisture,Low,19450.17,1
201508,moisture,Medium,8088.63,2
201508,moisture,High,2606.64,3
201508,salinity,Non Saline,30145.44,1
201508,recession,Very Early,13386.16,1
201508,recession,Early,2358.42,2
201508,recession,Normal,14400.86,3
201508,relief,Level,18945.21,
201508,relief,Slightly Undulating,159.79,
201508,relief,Undulating,2357.36,
201508,relief,Sloppy,8683.08,
201512,landtype,High Land,4509.03,
201512,landtype,Medium High Land-1,2897.95,
201512,landtype,Medium High Land-2,2548.57,
201512,landtype,Low land,15.64,
201512,texture,Sandy Loam ,536.2,2
201512,texture,Loam,4703.25,3
201512,texture,Clay Loam,4731.74,4
201512,consistency,Friable,5447.91,2
201512,consistency,Firm,4523.28,3
201512,drainage,Well Drained,3226.77,1
201512,drainage,Moderately Well Drained,125.85,2
201512,drainage,Imperfectly Drained,1156.4,3
201512,drainage,Poorly Drained,5462.16,4
201512,reaction,Extremely Acidic,103.47,1
201512,reaction,Strongly Acidic,9390.11,2
201512,reaction,Moderately Acidic,477.61,3
201512,moisture,Low,3868.82,1
201512,moisture,Medium,4272.7,2
201512,moisture,High,1829.67,3
201512,salinity,Non Saline,9971.19,1
201512,recession,Very Early,4509.03,1
201512,recession,Early,3013.67,2
201512,recession,Normal,2432.85,3
201512,recession,Late,15.64,4
201512,relief,Level,6744.42,
201512,relief,Moderately Undulating,9.69,
201512,relief,Sloppy,3217.09,
201518,landtype,High Land,9480.29,
201518,landtype,Medium High Land-1,4685.41,
201518,landtype,Medium High Land-2,3033.22,
201518,texture,Sandy Loam ,2103.56,2
201518,texture,Loam,4714.73,3
201518,texture,Clay Loam,10380.63,4
201518,consistency,Friable,7365.51,2
201518,consistency,Firm,9833.4,3
201518,drainage,Well Drained,8121.83,1
201518,drainage,Imperfectly Drained,1358.46,3
201518,drainage,Poorly Drained,7718.63,4
201518,reaction,Extremely Acidic,228.1,1
201518,reaction,Strongly Acidic,16463.38,2
201518,reaction,Moderately Acidic,507.44,3
201518,moisture,Low,1968.86,1
201518,moisture,Medium,13434.87,2
201518,moisture,High,1795.19,3
201518,salinity,Non Saline,17198.91,1
201518,recession,Very Early,9480.29,1
201518,recession,Early,3126.41,2
201518,recession,Normal,4592.21,3
201518,relief,Level,9077.08,
201518,relief,Undulating,681.92,
201518,relief,Sloppy,7439.91,
201539,landtype,High Land,1651.3,
201539,landtype,Medium High Land-1,1107.44,
201539,landtype,Medium High Land-2,545.69,
201539,landtype,Medium Low Land,439.34,
201539,texture,Sandy Loam ,131.3,2
201539,texture,Loam,342.82,3
201539,texture,Clay Loam,2263.72,4
201539,texture,Clay,1005.93,5
201539,consistency,Friable,474.12,2
201539,consistency,Firm,3269.65,3
201539,drainage,Well Drained,270.97,1
201539,drainage,Poorly Drained,3472.8,4
201539,reaction,Strongly Acidic,3743.77,2
201539,moisture,Low,1276.9,1
201539,moisture,Medium,2263.72,2
201539,moisture,High,203.15,3
201539,salinity,Non Saline,3743.77,1
201539,recession,Very Early,1651.3,1
201539,recession,Early,1086.54,2
201539,recession,Normal,566.59,3
201539,recession,Late,439.34,4
201539,relief,Level,3551.93,
201539,relief,Slightly Undulating,191.84,
201533,landtype,High Land,43423.69,
201533,landtype,Medium High Land-1,4989.97,
201533,landtype,Medium High Land-2,7048.43,
201533,landtype,Medium Low Land,423.81,
201533,texture,Sandy Loam ,18298.32,2
201533,texture,Loam,33369.72,3
201533,texture,Clay Loam,4217.86,4
201533,consistency,Friable,51668.04,2
201533,consistency,Firm,4217.86,3
201533,drainage,Well Drained,36474.62,1
201533,drainage,Imperfectly Drained,6949.07,3
201533,drainage,Poorly Drained,12462.21,4
201533,reaction,Extremely Acidic,10136.88,1
201533,reaction,Strongly Acidic,43011.81,2
201533,reaction,Moderately Acidic,2737.21,3
201533,moisture,Low,44316.29,1
201533,moisture,Medium,8657.49,2
201533,moisture,High,2912.12,3
201533,salinity,Non Saline,55885.9,1
201533,recession,Very Early,43423.69,1
201533,recession,Early,7719.07,2
201533,recession,Normal,4319.33,3
201533,recession,Late,423.81,4
201533,relief,Level,19411.28,
201533,relief,Moderately Undulating,2074.01,
201533,relief,Undulating,4569.41,
201533,relief,Sloppy,29831.19,
201547,landtype,High Land,15877.16,
201547,landtype,Medium High Land-1,2452.01,
201547,landtype,Medium High Land-2,1948.98,
201547,texture,Sandy Loam ,1017.62,2
201547,texture,Loam,11529.74,3
201547,texture,Clay Loam,7730.78,4
201547,consistency,Friable,14801.69,2
201547,consistency,Firm,5476.46,3
201547,drainage,Well Drained,6915.91,1
201547,drainage,Moderately Well Drained,2574.38,2
201547,drainage,Imperfectly Drained,6386.86,3
201547,drainage,Poorly Drained,4400.99,4
201547,reaction,Strongly Acidic,19437.48,2
201547,reaction,Moderately Acidic,840.67,3
201547,moisture,Low,9896.44,1
201547,moisture,Medium,3404.14,2
201547,moisture,High,6977.57,3
201547,salinity,Non Saline,20278.15,1
201547,recession,Very Early,15877.16,1
201547,recession,Early,4400.99,2
201547,relief,Level,10787.85,
201547,relief,Slightly Undulating,213.01,
201547,relief,Moderately Undulating,547,
201547,relief,Undulating,7347.72,
201547,relief,Sloppy,1382.57,
201537,landtype,High Land,8076.12,
201537,landtype,Medium High Land-1,5183.78,
201537,landtype,Medium High Land-2,3805.79,
201537,landtype,Medium Low Land,1991.66,
201537,texture,Sandy Loam ,901.58,2
201537,texture,Loam,5597.06,3
201537,texture,Clay Loam,11277.95,4
201537,texture,Clay,1280.77,5
201537,consistency,Friable,10330.97,2
201537,consistency,Firm,8726.39,3
201537,drainage,Well Drained,6433.94,1
201537,drainage,Imperfectly Drained,1642.17,3
201537,drainage,Poorly Drained,10981.24,4
201537,reaction,Extremely Acidic,669.82,1
201537,reaction,Strongly Acidic,18387.53,2
201537,moisture,Low,8893.6,1
201537,moisture,Medium,9498.93,2
201537,moisture,High,664.82,3
201537,salinity,Non Saline,19057.35,1
201537,recession,Very Early,8076.12,1
201537,recession,Early,6069.26,2
201537,recession,Normal,2665.45,3
201537,recession,Late,2246.52,4
201537,relief,Level,12623.41,
201537,relief,Moderately Undulating,328.75,
201537,relief,Undulating,1163.86,
201537,relief,Sloppy,4941.34,
201553,landtype,High Land,14039.91,
201553,landtype,Medium High Land-1,2584.31,
201553,landtype,Medium High Land-2,9474.7,
201553,landtype,Medium Low Land,5195.72,
201553,texture,Sandy Loam ,2556.25,2
201553,texture,Loam,12398.74,3
201553,texture,Clay Loam,16339.65,4
201553,consistency,Friable,14954.99,2
201553,consistency,Firm,16339.65,3
201553,drainage,Well Drained,12314.39,1
201553,drainage,Imperfectly Drained,1725.53,3
201553,drainage,Poorly Drained,17254.72,4
201553,reaction,Extremely Acidic,244.87,1
201553,reaction,Strongly Acidic,28733.57,2
201553,reaction,Moderately Acidic,2316.19,3
201553,moisture,Low,14303.39,1
201553,moisture,Medium,16991.25,2
201553,salinity,Non Saline,31294.64,1
201553,recession,Very Early,14039.91,1
201553,recession,Early,15303.34,2
201553,recession,Normal,1951.39,3
201553,relief,Level,18980.25,
201553,relief,Undulating,322.97,
201553,relief,Sloppy,11991.42,
201561,landtype,High Land,8542.29,
201561,landtype,Medium High Land-1,9999.46,
201561,landtype,Medium High Land-2,2320.44,
201561,texture,Sandy Loam ,645.12,2
201561,texture,Loam,8806.57,3
201561,texture,Clay Loam,11410.49,4
201561,consistency,Friable,10074.9,2
201561,consistency,Firm,10787.28,3
201561,drainage,Well Drained,7623.32,1
201561,drainage,Imperfectly Drained,918.97,3
201561,drainage,Poorly Drained,12319.89,4
201561,reaction,Extremely Acidic,357.41,1
201561,reaction,Strongly Acidic,20097.6,2
201561,reaction,Moderately Acidic,407.17,3
201561,moisture,Low,8559.73,1
201561,moisture,Medium,11549.91,2
201561,moisture,High,752.53,3
201561,salinity,Non Saline,20862.18,1
201561,recession,Very Early,8542.29,1
201561,recession,Early,3882.68,2
201561,recession,Normal,8437.21,3
201561,relief,Level,13238.86,
201561,relief,Moderately Undulating,158.83,
201561,relief,Undulating,280.28,
201561,relief,Sloppy,7184.21,
201578,landtype,High Land,100.92,
201578,landtype,Medium High Land-1,5808.38,
201578,landtype,Medium High Land-2,6883.03,
201578,landtype,Medium Low Land,10025.79,
201578,texture,Loam,12792.34,3
201578,texture,Clay Loam,10025.79,4
201578,consistency,Friable,12792.34,2
201578,consistency,Firm,10025.79,3
201578,drainage,Imperfectly Drained,100.92,3
201578,drainage,Poorly Drained,22717.21,4
201578,reaction,Strongly Acidic,9633.78,2
201578,reaction,Moderately Acidic,13184.35,3
201578,moisture,Medium,22818.13,2
201578,salinity,Very Slightly Saline,1912.09,2
201578,salinity,Slightly Saline,318.9,3
201578,salinity,Moderately Saline,10561.35,4
201578,salinity,Extremely Saline,10025.79,6
201578,recession,Very Early,2587.1,1
201578,recession,Early,1997.63,2
201578,recession,Normal,18233.39,3
201578,relief,Level,22818.13,
201574,landtype,High Land,6429.29,
201574,landtype,Medium High Land-1,5090.65,
201574,landtype,Medium High Land-2,4068.61,
201574,landtype,Medium Low Land,124.35,
201574,texture,Sandy Loam ,3218.67,2
201574,texture,Loam,6208.23,3
201574,texture,Clay Loam,6286.01,4
201574,consistency,Friable,9276.04,2
201574,consistency,Firm,6436.86,3
201574,drainage,Well Drained,3599.47,1
201574,drainage,Imperfectly Drained,2829.82,3
201574,drainage,Poorly Drained,9283.61,4
201574,reaction,Strongly Acidic,15685.96,2
201574,reaction,Moderately Acidic,26.95,3
201574,moisture,Low,7561.01,1
201574,moisture,Medium,8151.89,2
201574,salinity,Non Saline,15712.9,1
201574,recession,Very Early,3599.47,1
201574,recession,Early,2829.82,2
201574,recession,Normal,9256.67,3
201574,recession,Late,26.95,4
201574,relief,Level,12113.43,
201574,relief,Moderately Undulating,827.3,
201574,relief,Undulating,1524.79,
201574,relief,Sloppy,1247.39,
201582,landtype,High Land,11567.35,
201582,landtype,Medium High Land-1,3592.91,
201582,landtype,Medium High Land-2,5191.28,
201582,landtype,Medium Low Land,2100.4,
201582,texture,Sandy Loam ,5729.19,2
201582,texture,Loam,8440.38,3
201582,texture,Clay Loam,8282.37,4
201582,consistency,Friable,19686.88,2
201582,consistency,Firm,2765.06,3
201582,drainage,Well Drained,5766.34,1
201582,drainage,Moderately Well Drained,1037.51,2
201582,drainage,Imperfectly Drained,4763.5,3
201582,drainage,Poorly Drained,10884.6,4
201582,reaction,Extremely Acidic,548.4,1
201582,reaction,Strongly Acidic,21903.54,2
201582,moisture,Low,9145.05,1
201582,moisture,Medium,13306.89,2
201582,salinity,Non Saline,22451.94,1
201582,recession,Very Early,11567.35,1
201582,recession,Early,8784.19,2
201582,recession,Normal,2100.4,3
201582,relief,Level,15648.09,
201582,relief,Sloppy,6803.85,
201586,landtype,High Land,11429.2,
201586,landtype,Medium High Land-1,1245.59,
201586,landtype,Medium High Land-2,6111.91,
201586,landtype,Medium Low Land,867.41,
201586,texture,Sandy Loam ,1310.09,2
201586,texture,Loam,7480.71,3
201586,texture,Clay Loam,10863.31,4
201586,consistency,Friable,15168.49,2
201586,consistency,Firm,4485.62,3
201586,drainage,Well Drained,10065.48,1
201586,drainage,Imperfectly Drained,1363.73,3
201586,drainage,Poorly Drained,8224.91,4
201586,reaction,Strongly Acidic,14663.29,2
201586,reaction,Moderately Acidic,4725.78,3
201586,reaction,Neutral,265.04,4
201586,moisture,Low,10065.48,1
201586,moisture,Medium,7788.21,2
201586,moisture,High,1800.43,3
201586,salinity,Non Saline,19654.11,1
201586,recession,Very Early,11429.2,1
201586,recession,Early,7357.5,2
201586,recession,Normal,867.41,3
201586,relief,Level,9588.63,
201586,relief,Sloppy,10065.48,
202224,landtype,High Land,3215.32,
202224,landtype,Medium High Land-1,1241.3,
202224,landtype,Medium High Land-2,4758.78,
202224,landtype,Medium Low Land,16.15,
202224,texture,Sandy Loam ,873.78,2
202224,texture,Loam,2183.15,3
202224,texture,Clay Loam,5597.26,4
202224,texture,Clay,577.36,5
202224,consistency,Friable,4313.81,2
202224,consistency,Firm,4917.74,3
202224,drainage,Well Drained,588.73,1
202224,drainage,Moderately Well Drained,1442.29,2
202224,drainage,Imperfectly Drained,1184.29,3
202224,drainage,Poorly Drained,6016.23,4
202224,reaction,Extremely Acidic,1422.49,1
202224,reaction,Strongly Acidic,5654.9,2
202224,reaction,Moderately Acidic,1618.84,3
202224,reaction,Neutral,535.32,4
202224,moisture,Low,4999.21,1
202224,moisture,Medium,2747.87,2
202224,moisture,High,1484.47,3
202224,salinity,Non Saline,6492.77,1
202224,salinity,Very Slightly Saline,535.32,2
202224,salinity,Slightly Saline,1763.88,3
202224,salinity,Extremely Saline,439.58,6
202224,recession,Very Early,3150.86,1
202224,recession,Early,1575.19,2
202224,recession,Normal,187.1,3
202224,recession,Late,4318.39,4
202224,relief,Level,6318.3,
202224,relief,Slightly Undulating,882.23,
202224,relief,Moderately Undulating,222.13,
202224,relief,Undulating,1220.16,
202224,relief,Sloppy,588.73,
202232,landtype,High Land,3670.21,
202232,landtype,Medium High Land-1,754.75,
202232,landtype,Medium High Land-2,2815.79,
202232,landtype,Medium Low Land,95.17,
202232,texture,Sandy Loam ,342.92,2
202232,texture,Loam,2093.34,3
202232,texture,Clay Loam,3800.97,4
202232,texture,Clay,1098.71,5
202232,consistency,Friable,3844.4,2
202232,consistency,Firm,3491.52,3
202232,drainage,Well Drained,1277.59,1
202232,drainage,Moderately Well Drained,1312.71,2
202232,drainage,Imperfectly Drained,1079.91,3
202232,drainage,Poorly Drained,3665.71,4
202232,reaction,Extremely Acidic,1464.11,1
202232,reaction,Strongly Acidic,5775.92,2
202232,reaction,Moderately Acidic,95.89,3
202232,moisture,Low,4414.28,1
202232,moisture,Medium,1788.08,2
202232,moisture,High,1133.56,3
202232,salinity,Non Saline,4763.92,1
202232,salinity,Slightly Saline,1948.72,3
202232,salinity,Extremely Saline,623.28,6
202232,recession,Very Early,3627.01,1
202232,recession,Early,922.02,2
202232,recession,Normal,373.97,3
202232,recession,Late,2412.92,4
202232,relief,Level,3749.95,
202232,relief,Slightly Undulating,995.67,
202232,relief,Moderately Undulating,154.74,
202232,relief,Undulating,1157.98,
202232,relief,Sloppy,1277.59,
202245,landtype,High Land,498.29,
202245,landtype,Medium High Land-1,649.23,
202245,landtype,Medium High Land-2,2991.82,
202245,texture,Clay Loam,631.02,4
202245,texture,Clay,3508.32,5
202245,consistency,Firm,4139.34,3
202245,drainage,Imperfectly Drained,498.29,3
202245,drainage,Poorly Drained,3641.05,4
202245,reaction,Extremely Acidic,193.34,1
202245,reaction,Strongly Acidic,3357.41,2
202245,reaction,Moderately Acidic,588.59,3
202245,moisture,Low,3508.32,1
202245,moisture,Medium,631.02,2
202245,salinity,Non Saline,488.19,1
202245,salinity,Very Slightly Saline,471.29,2
202245,salinity,Slightly Saline,3179.86,3
202245,recession,Very Early,498.29,1
202245,recession,Early,3641.05,2
202245,relief,Level,4139.34,
202249,landtype,High Land,7780.6,
202249,landtype,Medium High Land-1,604.47,
202249,landtype,Medium High Land-2,4005.96,
202249,texture,Sand,851.92,1
202249,texture,Sandy Loam ,530.27,2
202249,texture,Loam,6850.71,3
202249,texture,Clay Loam,3932.73,4
202249,texture,Clay,225.39,5
202249,consistency,Loose,851.92,1
202249,consistency,Friable,7380.98,2
202249,consistency,Firm,4158.12,3
202249,drainage,Well Drained,3834.27,1
202249,drainage,Imperfectly Drained,2755.04,3
202249,drainage,Poorly Drained,5801.71,4
202249,reaction,Extremely Acidic,7370.33,1
202249,reaction,Strongly Acidic,5020.69,2
202249,moisture,Low,5058.92,1
202249,moisture,Medium,3787.54,2
202249,moisture,High,3544.56,3
202249,salinity,Non Saline,9188.29,1
202249,salinity,Very Slightly Saline,421.69,2
202249,salinity,Strongly Saline,2781.04,5
202249,recession,Very Early,6589.31,1
202249,recession,Early,3020.67,2
202249,recession,Normal,2781.04,3
202249,relief,Level,6185.92,
202249,relief,Slightly Undulating,734.32,
202249,relief,Moderately Undulating,1179.55,
202249,relief,Undulating,4291.23,
202256,landtype,High Land,414.63,
202256,landtype,Medium High Land-1,7125.32,
202256,landtype,Medium High Land-2,2799.65,
202256,texture,Loam,972.05,3
202256,texture,Clay Loam,9367.55,4
202256,consistency,Friable,972.05,2
202256,consistency,Firm,9367.55,3
202256,drainage,Well Drained,131.34,1
202256,drainage,Imperfectly Drained,283.29,3
202256,drainage,Poorly Drained,9924.97,4
202256,reaction,Strongly Acidic,9973.55,2
202256,reaction,Moderately Acidic,366.05,3
202256,moisture,Low,7180.2,1
202256,moisture,Medium,3159.4,2
202256,salinity,Non Saline,2362.54,1
202256,salinity,Very Slightly Saline,7043.25,2
202256,salinity,Extremely Saline,933.81,6
202256,recession,Very Early,414.63,1
202256,recession,Early,557.42,2
202256,recession,Normal,9367.55,3
202256,relief,Level,10208.26,
202256,relief,Moderately Undulating,39.5,
202256,relief,Undulating,91.85,
202290,landtype,High Land,21163.95,
202290,landtype,Medium High Land-1,746.41,
202290,landtype,Medium High Land-2,5143.18,
202290,texture,Sand,1164.41,1
202290,texture,Sandy Loam ,3498.25,2
202290,texture,Loam,5781.56,3
202290,texture,Clay Loam,16609.33,4
202290,consistency,Loose,1164.41,1
202290,consistency,Friable,19309.67,2
202290,consistency,Firm,6579.47,3
202290,drainage,Well Drained,15079.91,1
202290,drainage,Imperfectly Drained,6084.04,3
202290,drainage,Poorly Drained,5889.6,4
202290,reaction,Extremely Acidic,5068.7,1
202290,reaction,Strongly Acidic,20507.8,2
202290,reaction,Moderately Acidic,1189.92,3
202290,reaction,Neutral,145.95,4
202290,reaction,Moderately Alkaline,141.18,5
202290,moisture,Low,25085.77,1
202290,moisture,Medium,1967.78,2
202290,salinity,Non Saline,26766.42,1
202290,salinity,Extremely Saline,287.13,6
202290,recession,Very Early,20730.58,1
202290,recession,Normal,1546.74,3
202290,recession,Late,4776.23,4
202290,relief,Level,11973.64,
202290,relief,Undulating,1181.64,
202290,relief,Sloppy,13898.27,
202266,landtype,High Land,19170.69,
202266,landtype,Medium High Land-1,3852.14,
202266,landtype,Medium High Land-2,6212.11,
202266,landtype,Medium Low Land,183.11,
202266,texture,Sandy Loam ,6264.62,2
202266,texture,Loam,14903.72,3
202266,texture,Clay Loam,8249.72,4
202266,consistency,Friable,21168.33,2
202266,consistency,Firm,8249.72,3
202266,drainage,Well Drained,14254.17,1
202266,drainage,Moderately Well Drained,838.34,2
202266,drainage,Imperfectly Drained,4078.17,3
202266,drainage,Poorly Drained,10247.37,4
202266,reaction,Extremely Acidic,183.11,1
202266,reaction,Strongly Acidic,29037.48,2
202266,reaction,Moderately Acidic,197.46,3
202266,moisture,Low,19389.21,1
202266,moisture,Medium,3412.63,2
202266,moisture,High,6616.21,3
202266,salinity,Non Saline,27901.86,1
202266,salinity,Very Slightly Saline,183.11,2
202266,salinity,Slightly Saline,1333.08,3
202266,recession,Very Early,19170.69,1
202266,recession,Early,9140.77,2
202266,recession,Normal,923.48,3
202266,recession,Late,183.11,4
202266,relief,Level,14325.54,
202266,relief,Slightly Undulating,820.56,
202266,relief,Moderately Undulating,5717.63,
202266,relief,Undulating,3394.54,
202266,relief,Sloppy,5159.78,
202294,landtype,High Land,19289.18,
202294,landtype,Medium High Land-1,1003.98,
202294,landtype,Medium High Land-2,2074.24,
202294,landtype,Medium Low Land,497.03,
202294,texture,Sandy Loam ,3802.42,2
202294,texture,Loam,10668.12,3
202294,texture,Clay Loam,8393.88,4
202294,consistency,Friable,14470.55,2
202294,consistency,Firm,8393.88,3
202294,drainage,Well Drained,11232.99,1
202294,drainage,Moderately Well Drained,3049.49,2
202294,drainage,Imperfectly Drained,5006.69,3
202294,drainage,Poorly Drained,3575.25,4
202294,reaction,Strongly Acidic,22864.43,2
202294,moisture,Low,16051.47,1
202294,moisture,Medium,6754.4,2
202294,moisture,High,58.55,3
202294,salinity,Non Saline,22864.43,1
202294,recession,Very Early,19289.18,1
202294,recession,Early,2495.28,2
202294,recession,Normal,582.94,3
202294,recession,Late,497.03,4
202294,relief,Level,8581.95,
202294,relief,Moderately Undulating,390.66,
202294,relief,Undulating,8724.73,
202294,relief,Sloppy,5167.1,
201967,landtype,High Land,279.64,
201967,landtype,Medium High Land-1,1816.17,
201967,landtype,Medium High Land-2,5305.78,
201967,landtype,Medium Low Land,356.28,
201967,texture,Sandy Loam ,464.92,2
201967,texture,Loam,914.63,3
201967,texture,Clay Loam,6278.17,4
201967,texture,Clay,100.14,5
201967,consistency,Friable,4920.53,2
201967,consistency,Firm,2837.33,3
201967,drainage,Well Drained,116.41,1
201967,drainage,Moderately Well Drained,25.96,2
201967,drainage,Imperfectly Drained,137.26,3
201967,drainage,Poorly Drained,7348,4
201967,drainage,Very Poorly Drained,130.22,5
201967,reaction,Extremely Acidic,752.42,1
201967,reaction,Strongly Acidic,7005.44,2
201967,moisture,Low,5729.71,1
201967,moisture,Medium,1897.93,2
201967,moisture,Very High,130.22,4
201967,salinity,Non Saline,7757.86,1
201967,recession,Very Early,279.64,1
201967,recession,Early,5284.56,2
201967,recession,Normal,1963.3,3
201967,recession,Late,100.14,4
201967,recession,Very Late,130.22,5
201967,relief,Level,7615.48,
201967,relief,Slightly Undulating,25.96,
201967,relief,Sloppy,116.41,
201909,landtype,High Land,677.73,
201909,landtype,Medium High Land-1,5048.16,
201909,landtype,Medium High Land-2,12359.78,
201909,landtype,Medium Low Land,1520.21,
201909,texture,Loam,13012.65,3
201909,texture,Clay Loam,6028.06,4
201909,texture,Clay,565.18,5
201909,consistency,Friable,18988.23,2
201909,consistency,Firm,617.65,3
201909,drainage,Imperfectly Drained,677.73,3
201909,drainage,Poorly Drained,18928.15,4
201909,reaction,Extremely Acidic,1366.07,1
201909,reaction,Strongly Acidic,18239.81,2
201909,moisture,Low,829.71,1
201909,moisture,Medium,5818.11,2
201909,moisture,High,12958.06,3
201909,salinity,Non Saline,19605.88,1
201909,recession,Very Early,677.73,1
201909,recession,Early,12476.25,2
201909,recession,Normal,5834.25,3
201909,recession,Late,617.65,4
201909,relief,Level,19605.88,
201918,landtype,High Land,1083.69,
201918,landtype,Medium High Land-1,2607.57,
201918,landtype,Medium High Land-2,8980.64,
201918,landtype,Medium Low Land,1343.31,
201918,texture,Sandy Loam ,378.15,2
201918,texture,Loam,5723.26,3
201918,texture,Clay Loam,4874,4
201918,texture,Clay,3039.8,5
201918,consistency,Friable,7391.11,2
201918,consistency,Firm,6624.1,3
201918,drainage,Moderately Well Drained,119.91,2
201918,drainage,Imperfectly Drained,963.79,3
201918,drainage,Poorly Drained,12931.51,4
201918,reaction,Strongly Acidic,8522.76,2
201918,reaction,Moderately Acidic,5492.45,3
201918,moisture,Low,3537.86,1
201918,moisture,Medium,4754.09,2
201918,moisture,High,5723.26,3
201918,salinity,Non Saline,14015.21,1
201918,recession,Very Early,1083.69,1
201918,recession,Early,11477.93,2
201918,recession,Normal,1453.58,3
201918,relief,Level,13895.3,
201918,relief,Slightly Undulating,119.91,
201927,landtype,High Land,778.5,
201927,landtype,Medium High Land-1,2687.1,
201927,landtype,Medium High Land-2,5923.51,
201927,landtype,Medium Low Land,6388.51,
201927,landtype,Low land,490.4,
201927,texture,Loam,9457.36,3
201927,texture,Clay Loam,6415.82,4
201927,texture,Clay,394.83,5
201927,consistency,Friable,9457.36,2
201927,consistency,Firm,6810.65,3
201927,drainage,Imperfectly Drained,778.5,3
201927,drainage,Poorly Drained,15489.51,4
201927,reaction,Strongly Acidic,16241.68,2
201927,reaction,Moderately Acidic,26.32,3
201927,moisture,Low,394.83,1
201927,moisture,Medium,6415.82,2
201927,moisture,High,9457.36,3
201927,salinity,Non Saline,16268.01,1
201927,recession,Very Early,778.5,1
201927,recession,Early,8610.6,2
201927,recession,Normal,6388.51,3
201927,recession,Late,490.4,4
201927,relief,Level,15601.48,
201927,relief,Slightly Undulating,666.52,
201915,landtype,High Land,129.7,
201915,landtype,Medium High Land-1,1025.91,
201915,landtype,Medium High Land-2,3451.09,
201915,landtype,Medium Low Land,5860.76,
201915,landtype,Low land,746.01,
201915,texture,Sandy Loam ,70.62,2
201915,texture,Loam,5634.46,3
201915,texture,Clay Loam,3350.75,4
201915,texture,Clay,2157.65,5
201915,consistency,Friable,5851.89,2
201915,consistency,Firm,5361.58,3
201915,drainage,Well Drained,73.89,1
201915,drainage,Imperfectly Drained,55.81,3
201915,drainage,Poorly Drained,11083.78,4
201915,reaction,Extremely Acidic,73.89,1
201915,reaction,Strongly Acidic,1745.9,2
201915,reaction,Moderately Acidic,9212.42,3
201915,reaction,Neutral,181.27,4
201915,moisture,Low,2363.77,1
201915,moisture,Medium,3323.58,2
201915,moisture,High,5526.12,3
201915,salinity,Non Saline,11213.48,1
201915,recession,Very Early,129.7,1
201915,recession,Early,4033.06,2
201915,recession,Normal,6304.7,3
201915,recession,Late,746.01,4
201915,relief,Level,11213.48,
201931,landtype,High Land,1341.62,
201931,landtype,Medium High Land-1,4721.53,
201931,landtype,Medium High Land-2,9158.59,
201931,landtype,Medium Low Land,1882.07,
201931,texture,Sandy Loam ,551.19,2
201931,texture,Loam,5328.13,3
201931,texture,Clay Loam,6900.07,4
201931,texture,Clay,4324.43,5
201931,consistency,Friable,5879.32,2
201931,consistency,Firm,11224.49,3
201931,drainage,Moderately Well Drained,153.93,2
201931,drainage,Imperfectly Drained,1187.69,3
201931,drainage,Poorly Drained,15762.2,4
201931,reaction,Strongly Acidic,7599.78,2
201931,reaction,Moderately Acidic,9504.04,3
201931,moisture,Low,4875.62,1
201931,moisture,Medium,6900.07,2
201931,moisture,High,5328.13,3
201931,salinity,Non Saline,17103.81,1
201931,recession,Very Early,1341.62,1
201931,recession,Early,13880.13,2
201931,recession,Normal,1195.68,3
201931,recession,Late,686.39,4
201931,relief,Level,16949.89,
201931,relief,Moderately Undulating,153.93,
201972,landtype,High Land,520.13,
201972,landtype,Medium High Land-1,3730.09,
201972,landtype,Medium High Land-2,743.33,
201972,landtype,Medium Low Land,5106.45,
201972,landtype,Low land,523.9,
201972,texture,Loam,4341.01,3
201972,texture,Clay Loam,6282.89,4
201972,consistency,Friable,6761.71,2
201972,consistency,Firm,3862.19,3
201972,drainage,Poorly Drained,10623.9,4
201972,reaction,Strongly Acidic,10278.38,2
201972,reaction,Moderately Acidic,345.52,3
201972,moisture,Low,5159.48,1
201972,moisture,Medium,5464.42,2
201972,salinity,Non Saline,10623.9,1
201972,recession,Very Early,520.13,1
201972,recession,Early,3576.15,2
201972,recession,Normal,897.27,3
201972,recession,Late,5630.35,4
201972,relief,Level,10623.9,
201936,landtype,Medium High Land-1,869.04,
201936,landtype,Medium High Land-2,449.48,
201936,landtype,Medium Low Land,11006.55,
201936,landtype,Low land,5599.88,
201936,texture,Sandy Loam ,1001.42,2
201936,texture,Loam,4396.09,3
201936,texture,Clay Loam,9131.31,4
201936,texture,Clay,3396.12,5
201936,consistency,Friable,5397.51,2
201936,consistency,Firm,12527.44,3
201936,drainage,Poorly Drained,17924.95,4
201936,reaction,Extremely Acidic,363.27,1
201936,reaction,Strongly Acidic,16823.16,2
201936,reaction,Moderately Acidic,738.52,3
201936,moisture,Low,4032.84,1
201936,moisture,Medium,9131.31,2
201936,moisture,High,4760.8,3
201936,salinity,Non Saline,17924.95,1
201936,recession,Early,1318.52,2
201936,recession,Normal,11006.55,3
201936,recession,Late,5599.88,4
201936,relief,Level,17924.95,
201940,landtype,High Land,1438.49,
201940,landtype,Medium High Land-1,2692.72,
201940,landtype,Medium High Land-2,7283.98,
201940,landtype,Medium Low Land,9535.17,
201940,landtype,Low land,629.41,
201940,texture,Loam,18060.28,3
201940,texture,Clay Loam,3519.48,4
201940,consistency,Friable,18060.28,2
201940,consistency,Firm,3519.48,3
201940,drainage,Imperfectly Drained,1438.49,3
201940,drainage,Poorly Drained,20141.27,4
201940,reaction,Moderately Acidic,9074.94,3
201940,reaction,Neutral,12504.82,4
201940,moisture,Low,3519.48,1
201940,moisture,Medium,5056.82,2
201940,moisture,High,9848.45,3
201940,moisture,Very High,3155.01,4
201940,salinity,Non Saline,21579.76,1
201940,recession,Very Early,1438.49,1
201940,recession,Early,9976.7,2
201940,recession,Normal,6682.89,3
201940,recession,Late,3481.68,4
201940,relief,Level,21579.76,
201954,landtype,Medium High Land-1,47.09,
201954,landtype,Medium High Land-2,53.15,
201954,landtype,Medium Low Land,2568.74,
201954,landtype,Low land,6972.33,
201954,landtype,Very Low land,527.71,
201954,texture,Sand,79.07,1
201954,texture,Sandy Loam ,442,2
201954,texture,Loam,4514.72,3
201954,texture,Clay Loam,4049.87,4
201954,texture,Clay,1083.37,5
201954,consistency,Loose,79.07,1
201954,consistency,Friable,4956.72,2
201954,consistency,Firm,5133.23,3
201954,drainage,Poorly Drained,10169.02,4
201954,reaction,Extremely Acidic,47.01,1
201954,reaction,Strongly Acidic,6700.82,2
201954,reaction,Moderately Acidic,3421.19,3
201954,moisture,Low,1604.44,1
201954,moisture,Medium,8564.58,2
201954,salinity,Non Saline,10169.02,1
201954,recession,Early,2637.41,2
201954,recession,Normal,6334.05,3
201954,recession,Late,1197.56,4
201954,relief,Level,10169.02,
201974,landtype,Medium High Land-1,735.67,
201974,landtype,Medium High Land-2,195.44,
201974,landtype,Medium Low Land,9680,
201974,landtype,Low land,807.61,
201974,texture,Loam,928.91,3
201974,texture,Clay Loam,7496.56,4
201974,texture,Clay,2993.25,5
201974,consistency,Friable,1398.55,2
201974,consistency,Firm,10020.17,3
201974,drainage,Poorly Drained,11418.72,4
201974,reaction,Strongly Acidic,467.02,2
201974,reaction,Moderately Acidic,10951.7,3
201974,moisture,Low,6729.68,1
201974,moisture,Medium,3760.14,2
201974,moisture,High,928.91,3
201974,salinity,Non Saline,11418.72,1
201974,recession,Early,464.09,2
201974,recession,Normal,467.02,3
201974,recession,Late,10487.61,4
201974,relief,Level,11418.72,
201973,landtype,High Land,299.43,
201973,landtype,Medium High Land-1,4914.29,
201973,landtype,Medium High Land-2,1504.05,
201973,landtype,Medium Low Land,302.5,
201973,texture,Loam,299.43,3
201973,texture,Clay Loam,6418.33,4
201973,texture,Clay,302.5,5
201973,consistency,Friable,299.43,2
201973,consistency,Firm,6720.83,3
201973,drainage,Imperfectly Drained,299.43,3
201973,drainage,Poorly Drained,6720.83,4
201973,reaction,Strongly Acidic,7020.25,2
201973,moisture,Low,302.5,1
201973,moisture,Medium,6418.33,2
201973,moisture,High,299.43,3
201973,salinity,Non Saline,7020.25,1
201973,recession,Very Early,299.43,1
201973,recession,Normal,6418.33,3
201973,recession,Late,302.5,4
201973,relief,Level,7020.25,
201975,landtype,Medium Low Land,3404.33,
201975,landtype,Low land,2905.35,
201975,texture,Sand,181.59,1
201975,texture,Sandy Loam ,790.44,2
201975,texture,Loam,2621.52,3
201975,texture,Clay Loam,2337.41,4
201975,texture,Clay,378.72,5
201975,consistency,Loose,181.59,1
201975,consistency,Friable,3154.75,2
201975,consistency,Firm,2973.33,3
201975,drainage,Poorly Drained,6309.67,4
201975,reaction,Strongly Acidic,6309.67,2
201975,moisture,Low,1679.8,1
201975,moisture,Medium,2931.38,2
201975,moisture,High,1698.49,3
201975,salinity,Non Saline,6309.67,1
201975,recession,Early,3404.33,2
201975,recession,Normal,1068.81,3
201975,recession,Late,1836.54,4
201975,relief,Level,6309.67,
201987,landtype,High Land,535.11,
201987,landtype,Medium High Land-1,5242.4,
201987,landtype,Medium High Land-2,10177.11,
201987,landtype,Medium Low Land,3410.18,
201987,landtype,Low land,1053.94,
201987,texture,Loam,19148.56,3
201987,texture,Clay Loam,815.4,4
201987,texture,Clay,454.79,5
201987,consistency,Friable,19148.56,2
201987,consistency,Firm,1270.19,3
201987,drainage,Imperfectly Drained,1127.29,3
201987,drainage,Poorly Drained,19291.46,4
201987,reaction,Strongly Acidic,4334.5,2
201987,reaction,Moderately Acidic,16084.25,3
201987,moisture,Low,1270.19,1
201987,moisture,Medium,5601.38,2
201987,moisture,High,13547.18,3
201987,salinity,Non Saline,20418.75,1
201987,recession,Very Early,535.11,1
201987,recession,Early,12025.72,2
201987,recession,Normal,6284.74,3
201987,recession,Late,1573.18,4
201987,relief,Level,20418.75,
201933,landtype,High Land,2954.82,
201933,landtype,Medium High Land-1,6883.99,
201933,landtype,Medium Low Land,2614.48,
201933,landtype,Low land,361.55,
201933,texture,Sandy Loam ,828.61,2
201933,texture,Loam,1555.87,3
201933,texture,Clay Loam,10390.36,4
201933,texture,Clay,40.01,5
201933,consistency,Friable,6330.7,2
201933,consistency,Firm,6484.15,3
201933,drainage,Well Drained,1633.71,1
201933,drainage,Moderately Well Drained,275.08,2
201933,drainage,Imperfectly Drained,1046.04,3
201933,drainage,Poorly Drained,9860.03,4
201933,reaction,Extremely Acidic,685.1,1
201933,reaction,Strongly Acidic,12129.75,2
201933,moisture,Low,8896.2,1
201933,moisture,Medium,3595.18,2
201933,moisture,High,323.47,3
201933,salinity,Non Saline,12814.85,1
201933,recession,Very Early,2954.82,1
201933,recession,Early,6815.65,2
201933,recession,Normal,2682.82,3
201933,recession,Late,361.55,4
201933,relief,Level,10906.06,
201933,relief,Slightly Undulating,692.88,
201933,relief,Moderately Undulating,162.26,
201933,relief,Sloppy,1053.65,
203014,landtype,High Land,713.54,
203014,landtype,Medium High Land-1,465.69,
203014,landtype,Medium High Land-2,7133.53,
203014,landtype,Medium Low Land,2489.87,
203014,texture,Sandy Loam ,302.71,2
203014,texture,Loam,3146.89,3
203014,texture,Clay Loam,6690.57,4
203014,texture,Clay,662.47,5
203014,consistency,Friable,3528.81,2
203014,consistency,Firm,7273.82,3
203014,drainage,Well Drained,104.06,1
203014,drainage,Imperfectly Drained,609.49,3
203014,drainage,Poorly Drained,10089.09,4
203014,reaction,Strongly Acidic,9598.6,2
203014,reaction,Moderately Acidic,1204.03,3
203014,moisture,Low,2116.4,1
203014,moisture,Medium,5564.18,2
203014,moisture,High,3122.05,3
203014,salinity,Non Saline,10802.63,1
203014,recession,Very Early,713.54,1
203014,recession,Early,6944.92,2
203014,recession,Normal,2603.97,3
203014,recession,Late,540.2,4
203014,relief,Level,10698.58,
203014,relief,Moderately Undulating,24.84,
203014,relief,Undulating,79.21,
203025,landtype,Medium High Land-1,2026.49,
203025,landtype,Medium High Land-2,8461.98,
203025,landtype,Medium Low Land,386.79,
203025,texture,Loam,7531.68,3
203025,texture,Clay Loam,2956.78,4
203025,texture,Clay,386.79,5
203025,consistency,Friable,7531.68,2
203025,consistency,Firm,3343.58,3
203025,drainage,Poorly Drained,10875.26,4
203025,reaction,Extremely Acidic,1394.86,1
203025,reaction,Strongly Acidic,9480.4,2
203025,moisture,Low,386.79,1
203025,moisture,Medium,3119.46,2
203025,moisture,High,7369,3
203025,salinity,Non Saline,10875.26,1
203025,recession,Normal,10488.47,3
203025,recession,Late,386.79,4
203025,relief,Level,10875.26,
203041,landtype,High Land,691.41,
203041,landtype,Medium High Land-1,383.59,
203041,landtype,Medium High Land-2,5580.11,
203041,texture,Sandy Loam ,81.17,2
203041,texture,Loam,4443.52,3
203041,texture,Clay Loam,1058.94,4
203041,texture,Clay,1071.49,5
203041,consistency,Friable,4524.69,2
203041,consistency,Firm,2130.43,3
203041,drainage,Well Drained,23.65,1
203041,drainage,Moderately Well Drained,124.3,2
203041,drainage,Imperfectly Drained,543.46,3
203041,drainage,Poorly Drained,5963.7,4
203041,reaction,Extremely Acidic,541.79,1
203041,reaction,Strongly Acidic,6113.32,2
203041,moisture,Low,1276.96,1
203041,moisture,Medium,5378.15,2
203041,salinity,Non Saline,6655.11,1
203041,recession,Very Early,492.39,1
203041,recession,Early,388.8,2
203041,recession,Normal,4702.43,3
203041,recession,Late,1071.49,4
203041,relief,Level,6507.16,
203041,relief,Undulating,147.95,
201994,landtype,Medium High Land-1,240.78,
201994,landtype,Medium High Land-2,54.91,
201994,landtype,Medium Low Land,6995.64,
201994,landtype,Low land,416.61,
201994,texture,Sandy Loam ,222.49,2
201994,texture,Loam,1478.11,3
201994,texture,Clay Loam,5742.96,4
201994,texture,Clay,264.38,5
201994,consistency,Friable,1700.6,2
201994,consistency,Firm,6007.34,3
201994,drainage,Poorly Drained,7707.94,4
201994,reaction,Strongly Acidic,1999.17,2
201994,reaction,Moderately Acidic,5367.23,3
201994,reaction,Neutral,341.55,4
201994,moisture,Low,486.87,1
201994,moisture,Medium,5610.42,2
201994,moisture,High,1610.65,3
201994,salinity,Non Saline,7707.94,1
201994,recession,Early,295.69,2
201994,recession,Normal,6995.64,3
201994,recession,Late,416.61,4
201994,relief,Level,7707.94,
203029,landtype,High Land,778.74,
203029,landtype,Medium High Land-1,2873.17,
203029,landtype,Medium High Land-2,12952.93,
203029,landtype,Medium Low Land,17.16,
203029,texture,Loam,9258.44,3
203029,texture,Clay Loam,6831.85,4
203029,texture,Clay,531.71,5
203029,consistency,Friable,9258.44,2
203029,consistency,Firm,7363.56,3
203029,drainage,Well Drained,320.78,1
203029,drainage,Imperfectly Drained,457.96,3
203029,drainage,Poorly Drained,15843.27,4
203029,reaction,Strongly Acidic,16067.65,2
203029,reaction,Moderately Acidic,554.35,3
203029,moisture,Low,531.71,1
203029,moisture,Medium,7206.41,2
203029,moisture,High,8883.89,3
203029,salinity,Non Saline,16622,1
203029,recession,Very Early,778.74,1
203029,recession,Early,551.81,2
203029,recession,Normal,15274.29,3
203029,recession,Very Late,17.16,5
203029,relief,Level,16301.23,
203029,relief,Slightly Undulating,320.78,
203051,landtype,High Land,1899.58,
203051,landtype,Medium High Land-1,1109.15,
203051,landtype,Medium High Land-2,5495.89,
203051,texture,Sandy Loam ,308.85,2
203051,texture,Loam,1761.32,3
203051,texture,Clay Loam,5168.5,4
203051,texture,Clay,1265.94,5
203051,consistency,Friable,2736.63,2
203051,consistency,Firm,5767.99,3
203051,drainage,Well Drained,815.62,1
203051,drainage,Imperfectly Drained,1083.96,3
203051,drainage,Poorly Drained,6605.04,4
203051,reaction,Strongly Acidic,8504.61,2
203051,moisture,Low,2422.34,1
203051,moisture,Medium,6082.28,2
203051,salinity,Non Saline,8504.61,1
203051,recession,Very Early,1899.58,1
203051,recession,Early,131.19,2
203051,recession,Normal,5175.98,3
203051,recession,Late,1297.86,4
203051,relief,Level,6122.87,
203051,relief,Slightly Undulating,1566.12,
203051,relief,Moderately Undulating,815.62,
203094,landtype,Medium High Land-1,3139.67,
203094,landtype,Medium High Land-2,13722.54,
203094,texture,Loam,12072.2,3
203094,texture,Clay Loam,4790.01,4
203094,consistency,Friable,12072.2,2
203094,consistency,Firm,4790.01,3
203094,drainage,Poorly Drained,16862.21,4
203094,reaction,Neutral,11794.51,4
203094,reaction,Moderately Alkaline,5067.71,5
203094,moisture,Medium,4876.25,2
203094,moisture,High,11985.96,3
203094,salinity,Non Saline,4592.54,1
203094,salinity,Slightly Saline,11607.91,3
203094,salinity,Moderately Saline,661.75,4
203094,recession,Normal,16862.21,3
203094,relief,Level,16862.21,
204647,landtype,High Land,17745.84,
204647,landtype,Medium High Land-1,624.46,
204647,landtype,Medium High Land-2,642.22,
204647,landtype,Medium Low Land,282.1,
204647,texture,Sandy Loam ,5811.52,2
204647,texture,Loam,11993.32,3
204647,texture,Clay Loam,1489.79,4
204647,consistency,Friable,18245.9,2
204647,consistency,Firm,1048.72,3
204647,drainage,Well Drained,17287.19,1
204647,drainage,Moderately Well Drained,379.71,2
204647,drainage,Imperfectly Drained,78.95,3
204647,drainage,Poorly Drained,1548.79,4
204647,reaction,Strongly Acidic,19294.63,2
204647,moisture,Low,16485.23,1
204647,moisture,Medium,2809.4,2
204647,salinity,Non Saline,19294.63,1
204647,recession,Very Early,17666.89,1
204647,recession,Early,795.74,2
204647,recession,Late,832,4
204647,relief,Level,1627.73,
204647,relief,Moderately Undulating,2009.74,
204647,relief,Undulating,5372.55,
204647,relief,Sloppy,10284.6,
204643,landtype,High Land,75200.94,
204643,landtype,Medium High Land-1,4248.06,
204643,landtype,Medium High Land-2,4311.01,
204643,texture,Sandy Loam ,17099.52,2
204643,texture,Loam,64481.56,3
204643,texture,Clay Loam,2178.93,4
204643,consistency,Friable,81581.08,2
204643,consistency,Firm,2178.93,3
204643,drainage,Well Drained,74575.37,1
204643,drainage,Moderately Well Drained,124.83,2
204643,drainage,Imperfectly Drained,500.74,3
204643,drainage,Poorly Drained,8559.07,4
204643,reaction,Strongly Acidic,73102.85,2
204643,reaction,Moderately Acidic,10657.16,3
204643,moisture,Low,74575.37,1
204643,moisture,Medium,9184.64,2
204643,salinity,Non Saline,83760.01,1
204643,recession,Very Early,75200.94,1
204643,recession,Early,4794.55,2
204643,recession,Normal,2196.96,3
204643,recession,Late,1567.56,4
204643,relief,Level,9184.64,
204643,relief,Undulating,4300.42,
204643,relief,Sloppy,70274.95,
204649,landtype,High Land,21271.89,
204649,landtype,Medium High Land-1,930.38,
204649,landtype,Medium High Land-2,927.13,
204649,texture,Sandy Loam ,9591.75,2
204649,texture,Loam,3089.21,3
204649,texture,Clay Loam,10448.44,4
204649,consistency,Friable,21943.58,2
204649,consistency,Firm,1185.82,3
204649,drainage,Well Drained,14438.01,1
204649,drainage,Moderately Well Drained,5416.54,2
204649,drainage,Imperfectly Drained,1417.35,3
204649,drainage,Poorly Drained,1857.51,4
204649,reaction,Extremely Acidic,1286.9,1
204649,reaction,Strongly Acidic,19491.43,2
204649,reaction,Moderately Acidic,2351.08,3
204649,moisture,Low,21915.83,1
204649,moisture,High,1213.58,3
204649,salinity,Non Saline,23129.4,1
204649,recession,Very Early,20828.71,1
204649,recession,Early,1857.51,2
204649,recession,Very Late,443.19,5
204649,relief,Level,3274.86,
204649,relief,Undulating,1998.85,
204649,relief,Sloppy,17855.69,
204661,landtype,High Land,19086.46,
204661,landtype,Medium High Land-1,120.32,
204661,landtype,Medium High Land-2,131.43,
204661,texture,Sandy Loam ,4773.35,2
204661,texture,Loam,14234.48,3
204661,texture,Clay Loam,330.37,4
204661,consistency,Friable,19007.83,2
204661,consistency,Firm,330.37,3
204661,drainage,Well Drained,18277.96,1
204661,drainage,Imperfectly Drained,808.5,3
204661,drainage,Poorly Drained,251.74,4
204661,reaction,Strongly Acidic,14197.21,2
204661,reaction,Moderately Acidic,5140.99,3
204661,moisture,Low,18751.82,1
204661,moisture,Medium,586.38,2
204661,salinity,Non Saline,19338.2,1
204661,recession,Very Early,19086.46,1
204661,recession,Normal,251.74,3
204661,relief,Level,1060.24,
204661,relief,Undulating,3053.81,
204661,relief,Sloppy,15224.15,
204665,landtype,High Land,17774.73,
204665,landtype,Medium High Land-1,1593.56,
204665,landtype,Medium High Land-2,1603.78,
204665,landtype,Medium Low Land,590.54,
204665,texture,Sandy Loam ,5439.81,2
204665,texture,Loam,3758.81,3
204665,texture,Clay Loam,11773.45,4
204665,texture,Clay,590.54,5
204665,consistency,Friable,16025.24,2
204665,consistency,Firm,5537.37,3
204665,drainage,Well Drained,17280.05,1
204665,drainage,Imperfectly Drained,494.68,3
204665,drainage,Poorly Drained,3787.87,4
204665,reaction,Strongly Acidic,14777.87,2
204665,reaction,Moderately Acidic,6784.74,3
204665,moisture,Low,15594.06,1
204665,moisture,Medium,5968.54,2
204665,salinity,Non Saline,21562.61,1
204665,recession,Very Early,17774.73,1
204665,recession,Early,3197.34,2
204665,recession,Late,590.54,4
204665,relief,Level,3787.87,
204665,relief,Moderately Undulating,2258.32,
204665,relief,Undulating,2369.55,
204665,relief,Sloppy,13146.86,
204667,landtype,High Land,15002.16,
204667,landtype,Medium High Land-1,1407.54,
204667,landtype,Medium High Land-2,1492.83,
204667,texture,Sandy Loam ,10787.34,2
204667,texture,Loam,6440.78,3
204667,texture,Clay Loam,57.53,4
204667,texture,Clay,616.88,5
204667,consistency,Friable,17228.12,2
204667,consistency,Firm,674.41,3
204667,drainage,Well Drained,13774.48,1
204667,drainage,Imperfectly Drained,1227.68,3
204667,drainage,Poorly Drained,2900.37,4
204667,reaction,Strongly Acidic,10338.15,2
204667,reaction,Moderately Acidic,7564.38,3
204667,moisture,Low,14792.5,1
204667,moisture,Medium,3110.03,2
204667,salinity,Non Saline,17902.53,1
204667,recession,Very Early,15002.16,1
204667,recession,Early,2283.49,2
204667,recession,Normal,616.88,3
204667,relief,Level,4128.05,
204667,relief,Slightly Undulating,375.55,
204667,relief,Moderately Undulating,6698.21,
204667,relief,Undulating,5825.75,
204667,relief,Sloppy,874.97,
204670,landtype,High Land,36285.44,
204670,landtype,Medium High Land-1,2432.53,
204670,landtype,Medium High Land-2,2447.38,
204670,texture,Sandy Loam ,6185.77,2
204670,texture,Loam,4936.94,3
204670,texture,Clay Loam,26489.54,4
204670,texture,Clay,3553.11,5
204670,consistency,Friable,35320.62,2
204670,consistency,Firm,5844.73,3
204670,drainage,Well Drained,32129.08,1
204670,drainage,Imperfectly Drained,1280.04,3
204670,drainage,Poorly Drained,7756.23,4
204670,reaction,Strongly Acidic,37293.49,2
204670,reaction,Moderately Acidic,3871.86,3
204670,moisture,Low,38873.73,1
204670,moisture,Medium,2291.62,2
204670,salinity,Non Saline,41165.35,1
204670,recession,Very Early,36285.44,1
204670,recession,Normal,4879.91,3
204670,relief,Level,6159.95,
204670,relief,Moderately Undulating,1285.47,
204670,relief,Undulating,3392.09,
204670,relief,Sloppy,30327.84,
204677,landtype,High Land,29682.35,
204677,landtype,Medium High Land-1,810.78,
204677,landtype,Medium High Land-2,912.52,
204677,texture,Sandy Loam ,10840.12,2
204677,texture,Loam,449.9,3
204677,texture,Clay Loam,20115.63,4
204677,consistency,Friable,23721.64,2
204677,consistency,Firm,7684.01,3
204677,drainage,Well Drained,26725.11,1
204677,drainage,Imperfectly Drained,2957.24,3
204677,drainage,Poorly Drained,1723.3,4
204677,reaction,Strongly Acidic,29198.73,2
204677,reaction,Moderately Acidic,2206.92,3
204677,moisture,Low,28819.1,1
204677,moisture,Medium,2586.55,2
204677,salinity,Non Saline,31405.65,1
204677,recession,Very Early,29682.35,1
204677,recession,Early,1067.48,2
204677,recession,Normal,655.82,3
204677,relief,Level,4680.54,
204677,relief,Undulating,449.9,
204677,relief,Sloppy,26275.21,
204680,landtype,High Land,12931.97,
204680,landtype,Medium High Land-1,139.2,
204680,landtype,Medium High Land-2,156.21,
204680,texture,Sandy Loam ,8344.97,2
204680,texture,Loam,1159.83,3
204680,texture,Clay Loam,3722.59,4
204680,consistency,Friable,6981.55,2
204680,consistency,Firm,6245.84,3
204680,drainage,Well Drained,10541.93,1
204680,drainage,Moderately Well Drained,205.97,2
204680,drainage,Imperfectly Drained,2184.07,3
204680,drainage,Poorly Drained,295.41,4
204680,reaction,Strongly Acidic,13227.39,2
204680,moisture,Low,11930,1
204680,moisture,Medium,798.87,2
204680,moisture,High,498.51,3
204680,salinity,Non Saline,13227.39,1
204680,recession,Very Early,12931.97,1
204680,recession,Early,295.41,2
204680,relief,Level,2284.54,
204680,relief,Undulating,1058.5,
204680,relief,Sloppy,9884.35,
205133,landtype,Medium High Land-1,4339.2,
205133,landtype,Medium High Land-2,4776.37,
205133,texture,Loam,9115.57,3
205133,consistency,Friable,9115.57,2
205133,drainage,Poorly Drained,9115.57,4
205133,reaction,Moderately Acidic,374.02,3
205133,reaction,Neutral,1036.92,4
205133,reaction,Moderately Alkaline,7527.76,5
205133,reaction,Strongly Alkaline,176.87,6
205133,moisture,High,9115.57,3
205133,salinity,Non Saline,9115.57,1
205133,recession,Normal,9115.57,3
205133,relief,Level,9115.57,
205165,landtype,Medium High Land-1,511.31,
205165,landtype,Medium High Land-2,5428.7,
205165,landtype,Medium Low Land,6635,
205165,landtype,Low land,541.11,
205165,texture,Loam,3857.91,3
205165,texture,Clay Loam,8193.73,4
205165,texture,Clay,1064.48,5
205165,consistency,Friable,3857.91,2
205165,consistency,Firm,9258.21,3
205165,drainage,Poorly Drained,13116.12,4
205165,reaction,Extremely Acidic,867.26,1
205165,reaction,Strongly Acidic,11839.77,2
205165,reaction,Moderately Acidic,409.09,3
205165,moisture,Low,1064.48,1
205165,moisture,Medium,8193.73,2
205165,moisture,High,3857.91,3
205165,salinity,Non Saline,13116.12,1
205165,recession,Early,5940.01,2
205165,recession,Normal,6635,3
205165,recession,Late,541.11,4
205165,relief,Level,13116.12,
205173,landtype,Medium High Land-1,3519.03,
205173,landtype,Medium High Land-2,15790.47,
205173,texture,Loam,19181.64,3
205173,texture,Clay Loam,127.86,4
205173,consistency,Friable,19181.64,2
205173,consistency,Firm,127.86,3
205173,drainage,Poorly Drained,19309.51,4
205173,reaction,Moderately Acidic,3574.52,3
205173,reaction,Neutral,2169.54,4
205173,reaction,Moderately Alkaline,13565.45,5
205173,moisture,High,19309.51,3
205173,salinity,Non Saline,19309.51,1
205173,recession,Early,291.41,2
205173,recession,Normal,19018.1,3
205173,relief,Level,19309.51,
205143,landtype,High Land,1213.77,
205143,landtype,Medium High Land-1,6620.44,
205143,landtype,Medium High Land-2,24151.48,
205143,landtype,Medium Low Land,2466.13,
205143,texture,Sandy Loam ,702.89,2
205143,texture,Loam,21732.06,3
205143,texture,Clay Loam,12016.86,4
205143,consistency,Friable,25740.59,2
205143,consistency,Firm,8711.22,3
205143,drainage,Imperfectly Drained,1213.77,3
205143,drainage,Poorly Drained,33238.05,4
205143,reaction,Strongly Acidic,1748.91,2
205143,reaction,Moderately Acidic,27544.78,3
205143,reaction,Neutral,5158.12,4
205143,moisture,Low,34.06,1
205143,moisture,Medium,12685.69,2
205143,moisture,High,21732.06,3
205143,salinity,Non Saline,22298,1
205143,salinity,Very Slightly Saline,12153.81,2
205143,recession,Very Early,1213.77,1
205143,recession,Early,702.89,2
205143,recession,Normal,30069.03,3
205143,recession,Late,2466.13,4
205143,relief,Level,34451.81,
205158,landtype,Medium High Land-1,2409.47,
205158,landtype,Medium High Land-2,9661.05,
205158,texture,Sandy Loam ,141.23,2
205158,texture,Loam,7940.05,3
205158,texture,Clay Loam,3989.24,4
205158,consistency,Friable,8081.28,2
205158,consistency,Firm,3989.24,3
205158,drainage,Poorly Drained,12070.52,4
205158,reaction,Moderately Acidic,3291.17,3
205158,reaction,Neutral,8779.35,4
205158,moisture,Low,141.23,1
205158,moisture,Medium,3989.24,2
205158,moisture,High,7940.05,3
205158,salinity,Non Saline,12070.52,1
205158,recession,Early,8081.28,2
205158,recession,Normal,3989.24,3
205158,relief,Level,12070.52,
207507,landtype,Medium High Land-1,1108.21,
207507,landtype,Medium High Land-2,3554.26,
207507,landtype,Medium Low Land,12501.43,
207507,landtype,Low land,1317.87,
207507,texture,Loam,4465.94,3
207507,texture,Clay Loam,13572.33,4
207507,texture,Clay,443.5,5
207507,consistency,Friable,4626.88,2
207507,consistency,Firm,13854.88,3
207507,drainage,Poorly Drained,17724.92,4
207507,drainage,Very Poorly Drained,756.85,5
207507,reaction,Strongly Acidic,15206.27,2
207507,reaction,Moderately Acidic,3275.5,3
207507,moisture,Medium,13258.98,2
207507,moisture,High,4465.94,3
207507,moisture,Very High,756.85,4
207507,salinity,Non Saline,18481.77,1
207507,recession,Normal,5150.59,3
207507,recession,Late,12574.33,4
207507,recession,Very Late,756.85,5
207507,relief,Level,18481.77,
207510,landtype,Medium High Land-1,916.37,
207510,landtype,Medium High Land-2,3218.65,
207510,landtype,Medium Low Land,5844.01,
207510,texture,Loam,3144.92,3
207510,texture,Clay Loam,6370.19,4
207510,texture,Clay,463.92,5
207510,consistency,Friable,3144.92,2
207510,consistency,Firm,6834.11,3
207510,drainage,Poorly Drained,9979.03,4
207510,reaction,Strongly Acidic,4078.24,2
207510,reaction,Moderately Acidic,5900.8,3
207510,moisture,Low,463.92,1
207510,moisture,Medium,6370.19,2
207510,moisture,High,3144.92,3
207510,salinity,Non Saline,9979.03,1
207510,recession,Early,4135.03,2
207510,recession,Normal,5844.01,3
207510,relief,Level,9979.03,
207521,landtype,Medium High Land-1,5445.8,
207521,landtype,Medium High Land-2,21214.71,
207521,texture,Loam,21729.67,3
207521,texture,Clay Loam,4930.84,4
207521,consistency,Friable,21943.1,2
207521,consistency,Firm,4717.41,3
207521,drainage,Moderately Well Drained,91.76,2
207521,drainage,Imperfectly Drained,3378.72,3
207521,drainage,Poorly Drained,23190.03,4
207521,reaction,Moderately Acidic,6130.17,3
207521,reaction,Neutral,20442.26,4
207521,reaction,Moderately Alkaline,88.08,5
207521,moisture,Medium,4930.84,2
207521,moisture,High,21729.67,3
207521,salinity,Non Saline,3003.33,1
207521,salinity,Very Slightly Saline,394.92,2
207521,salinity,Slightly Saline,19883.54,3
207521,salinity,Moderately Saline,3378.72,4
207521,recession,Early,1932.46,2
207521,recession,Normal,24135.44,3
207521,recession,Late,592.61,4
207521,relief,Level,26660.51,
207536,landtype,Medium High Land-1,4789.15,
207536,landtype,Medium High Land-2,17556.14,
207536,texture,Loam,10155.26,3
207536,texture,Clay Loam,12190.03,4
207536,consistency,Friable,10155.26,2
207536,consistency,Firm,12190.03,3
207536,drainage,Poorly Drained,22345.29,4
207536,reaction,Moderately Acidic,17227.59,3
207536,reaction,Neutral,2679.73,4
207536,reaction,Moderately Alkaline,2437.97,5
207536,moisture,Medium,12190.03,2
207536,moisture,High,10155.26,3
207536,salinity,Very Slightly Saline,28.62,2
207536,salinity,Slightly Saline,19999.14,3
207536,salinity,Strongly Saline,2317.53,5
207536,recession,Early,120.44,2
207536,recession,Normal,22224.85,3
207536,relief,Level,22345.29,
207580,landtype,High Land,296.21,
207580,landtype,Medium High Land-1,1942.36,
207580,landtype,Medium High Land-2,9316.25,
207580,landtype,Medium Low Land,1415.53,
207580,texture,Loam,10062.9,3
207580,texture,Clay Loam,2907.45,4
207580,consistency,Friable,10062.9,2
207580,consistency,Firm,2907.45,3
207580,drainage,Imperfectly Drained,296.21,3
207580,drainage,Poorly Drained,12674.15,4
207580,reaction,Moderately Acidic,12827.77,3
207580,reaction,Neutral,142.58,4
207580,moisture,Medium,2907.45,2
207580,moisture,High,10062.9,3
207580,salinity,Non Saline,12970.35,1
207580,recession,Very Early,296.21,1
207580,recession,Early,8104.97,2
207580,recession,Normal,2161.17,3
207580,recession,Late,2408.01,4
207580,relief,Level,12970.35,
207547,landtype,Medium High Land-1,9603.07,
207547,landtype,Medium High Land-2,2118.4,
207547,landtype,Medium Low Land,1911.93,
207547,texture,Loam,10878.04,3
207547,texture,Clay Loam,2755.37,4
207547,consistency,Friable,10878.04,2
207547,consistency,Firm,2755.37,3
207547,drainage,Poorly Drained,13633.41,4
207547,reaction,Strongly Acidic,327.41,2
207547,reaction,Moderately Acidic,10827.38,3
207547,reaction,Neutral,2478.61,4
207547,moisture,Medium,3451.55,2
207547,moisture,High,10181.86,3
207547,salinity,Non Saline,13633.41,1
207547,recession,Early,7656.84,2
207547,recession,Normal,4064.63,3
207547,recession,Late,1911.93,4
207547,relief,Level,13633.41,
207587,landtype,Medium High Land-1,5527.18,
207587,landtype,Medium High Land-2,20797.32,
207587,landtype,Medium Low Land,2783.6,
207587,texture,Loam,21428.37,3
207587,texture,Clay Loam,7679.72,4
207587,consistency,Friable,21428.37,2
207587,consistency,Firm,7679.72,3
207587,drainage,Poorly Drained,29108.09,4
207587,reaction,Strongly Acidic,6200.67,2
207587,reaction,Moderately Acidic,5271.57,3
207587,reaction,Neutral,17635.85,4
207587,moisture,Medium,10028.38,2
207587,moisture,High,19079.71,3
207587,salinity,Non Saline,8788.54,1
207587,salinity,Slightly Saline,20319.55,3
207587,recession,Early,24575.82,2
207587,recession,Normal,1748.68,3
207587,recession,Late,1681.83,4
207587,recession,Very Late,1101.77,5
207587,relief,Level,29108.09,
207583,landtype,Medium High Land-1,181.8,
207583,landtype,Medium High Land-2,959.93,
207583,landtype,Medium Low Land,5792.97,
207583,landtype,Low land,1053.01,
207583,texture,Loam,1243.73,3
207583,texture,Clay Loam,5641.72,4
207583,texture,Clay,1102.26,5
207583,consistency,Friable,1243.73,2
207583,consistency,Firm,6743.98,3
207583,drainage,Poorly Drained,6885.46,4
207583,drainage,Very Poorly Drained,1102.26,5
207583,reaction,Strongly Acidic,6625.1,2
207583,reaction,Moderately Acidic,1362.61,3
207583,moisture,Low,1102.26,1
207583,moisture,Medium,5641.72,2
207583,moisture,High,1243.73,3
207583,salinity,Non Saline,7987.72,1
207583,recession,Normal,82.62,3
207583,recession,Late,6802.84,4
207583,recession,Very Late,1102.26,5
207583,relief,Level,7987.72,
207585,landtype,High Land,857.68,
207585,landtype,Medium High Land-1,4994.34,
207585,landtype,Medium High Land-2,19178.76,
207585,landtype,Medium Low Land,4997.19,
207585,texture,Loam,23739.55,3
207585,texture,Clay Loam,6288.42,4
207585,consistency,Friable,20787.65,2
207585,consistency,Firm,9240.32,3
207585,drainage,Imperfectly Drained,3357.67,3
207585,drainage,Poorly Drained,26670.3,4
207585,reaction,Strongly Acidic,590.35,2
207585,reaction,Moderately Acidic,13691.08,3
207585,reaction,Neutral,12036.47,4
207585,reaction,Moderately Alkaline,3710.06,5
207585,moisture,Medium,10450.39,2
207585,moisture,High,19577.58,3
207585,salinity,Non Saline,28461.43,1
207585,salinity,Very Slightly Saline,1566.54,2
207585,recession,Very Early,857.68,1
207585,recession,Early,18726.49,2
207585,recession,Normal,10443.8,3
207585,relief,Level,30027.97,
208421,landtype,High Land,56441.59,
208421,texture,Sandy Loam ,11592.57,2
208421,texture,Clay Loam,44849.02,4
208421,consistency,Friable,56441.59,2
208421,drainage,Well Drained,49631.87,1
208421,drainage,Moderately Well Drained,6809.72,2
208421,reaction,Strongly Acidic,51855.33,2
208421,reaction,Moderately Acidic,4586.26,3
208421,moisture,Low,56441.59,1
208421,salinity,Non Saline,56441.59,1
208421,recession,Very Early,56441.59,1
208421,relief,Undulating,6809.72,
208421,relief,Sloppy,49631.87,
208407,landtype,High Land,72642.2,
208407,landtype,Medium High Land-1,547.25,
208407,landtype,Medium High Land-2,594.96,
208407,landtype,Medium Low Land,525.63,
208407,texture,Sandy Loam ,12480.46,2
208407,texture,Loam,5912.96,3
208407,texture,Clay Loam,55916.61,4
208407,consistency,Friable,72803.45,2
208407,consistency,Firm,1506.59,3
208407,drainage,Well Drained,72199.24,1
208407,drainage,Imperfectly Drained,442.96,3
208407,drainage,Poorly Drained,1667.84,4
208407,reaction,Strongly Acidic,69564.19,2
208407,reaction,Moderately Acidic,4745.84,3
208407,moisture,Low,73806.87,1
208407,moisture,Medium,459.07,2
208407,moisture,High,44.1,3
208407,salinity,Non Saline,74310.04,1
208407,recession,Very Early,72374.67,1
208407,recession,Early,447.96,2
208407,recession,Normal,961.77,3
208407,recession,Late,525.63,4
208407,relief,Level,2110.8,
208407,relief,Moderately Undulating,2335.49,
208407,relief,Undulating,4098.77,
208407,relief,Sloppy,65764.98,
208429,landtype,High Land,71985.52,
208429,landtype,Medium High Land-1,20.74,
208429,landtype,Medium High Land-2,28.74,
208429,texture,Sandy Loam ,7268.69,2
208429,texture,Loam,21989.53,3
208429,texture,Clay Loam,42776.78,4
208429,consistency,Friable,72035,2
208429,drainage,Well Drained,71894.39,1
208429,drainage,Imperfectly Drained,91.13,3
208429,drainage,Poorly Drained,49.48,4
208429,reaction,Extremely Acidic,1176.04,1
208429,reaction,Strongly Acidic,57055.18,2
208429,reaction,Moderately Acidic,13663.17,3
208429,reaction,Neutral,140.61,4
208429,moisture,Low,71930.37,1
208429,moisture,High,104.62,3
208429,salinity,Non Saline,72035,1
208429,recession,Very Early,71985.52,1
208429,recession,Early,49.48,2
208429,relief,Level,140.61,
208429,relief,Sloppy,71894.39,
208447,landtype,High Land,62359.52,
208447,landtype,Medium High Land-1,315.79,
208447,landtype,Medium High Land-2,326.98,
208447,texture,Sandy Loam ,14355.26,2
208447,texture,Loam,48647.03,3
208447,consistency,Friable,63002.29,2
208447,drainage,Well Drained,62099.59,1
208447,drainage,Imperfectly Drained,259.93,3
208447,drainage,Poorly Drained,642.77,4
208447,reaction,Strongly Acidic,21242,2
208447,reaction,Moderately Acidic,41190.79,3
208447,reaction,Neutral,569.5,4
208447,moisture,Low,60330.96,1
208447,moisture,Medium,2671.33,2
208447,salinity,Non Saline,63002.29,1
208447,recession,Very Early,62359.52,1
208447,recession,Normal,642.77,3
208447,relief,Level,902.7,
208447,relief,Undulating,1046.82,
208447,relief,Sloppy,61052.76,
208436,landtype,High Land,22728.22,
208436,landtype,Medium High Land-1,158.57,
208436,landtype,Medium High Land-2,158.49,
208436,texture,Sandy Loam ,4590.2,2
208436,texture,Loam,3707.4,3
208436,texture,Clay Loam,13481.63,4
208436,texture,Clay,1266.04,5
208436,consistency,Friable,20450.53,2
208436,consistency,Firm,2594.74,3
208436,drainage,Well Drained,15432.18,1
208436,drainage,Moderately Well Drained,6422.9,2
208436,drainage,Imperfectly Drained,873.14,3
208436,drainage,Poorly Drained,317.06,4
208436,reaction,Strongly Acidic,16029.07,2
208436,reaction,Moderately Acidic,1293.15,3
208436,reaction,Moderately Alkaline,5723.05,5
208436,moisture,Low,22034.85,1
208436,moisture,Medium,901.59,2
208436,moisture,High,108.83,3
208436,salinity,Non Saline,23045.27,1
208436,recession,Very Early,22728.22,1
208436,recession,Early,317.06,2
208436,relief,Level,1893.28,
208436,relief,Sloppy,21152,
208425,landtype,High Land,22476.54,
208425,landtype,Medium High Land-1,263.54,
208425,landtype,Medium High Land-2,280.56,
208425,texture,Sandy Loam ,10196.17,2
208425,texture,Loam,8502.31,3
208425,texture,Clay Loam,4322.16,4
208425,consistency,Friable,20545.26,2
208425,consistency,Firm,2475.39,3
208425,drainage,Well Drained,18261.65,1
208425,drainage,Imperfectly Drained,4214.89,3
208425,drainage,Poorly Drained,544.1,4
208425,reaction,Strongly Acidic,12706.79,2
208425,reaction,Moderately Acidic,10313.85,3
208425,moisture,Low,21180.46,1
208425,moisture,Medium,1840.18,2
208425,salinity,Non Saline,23020.64,1
208425,recession,Very Early,22476.54,1
208425,recession,Early,544.1,2
208425,relief,Level,4627.59,
208425,relief,Moderately Undulating,2762.93,
208425,relief,Undulating,2062.69,
208425,relief,Sloppy,13567.44,
208458,landtype,High Land,30845.58,
208458,landtype,Medium High Land-1,1224.24,
208458,landtype,Medium High Land-2,1275.69,
208458,landtype,Medium Low Land,310.06,
208458,texture,Sandy Loam ,9875.89,2
208458,texture,Loam,129.25,3
208458,texture,Clay Loam,23650.43,4
208458,consistency,Friable,31008.17,2
208458,consistency,Firm,2647.4,3
208458,drainage,Well Drained,30150.04,1
208458,drainage,Imperfectly Drained,824.79,3
208458,drainage,Poorly Drained,2680.74,4
208458,reaction,Strongly Acidic,31449.42,2
208458,reaction,Moderately Acidic,2206.15,3
208458,moisture,Low,30951.8,1
208458,moisture,Medium,2703.78,2
208458,salinity,Non Saline,33655.57,1
208458,recession,Very Early,30845.58,1
208458,recession,Early,726.65,2
208458,recession,Normal,801.4,3
208458,recession,Late,1281.94,4
208458,relief,Level,3505.53,
208458,relief,Moderately Undulating,2674.92,
208458,relief,Undulating,2719.19,
208458,relief,Sloppy,24755.93,
208478,landtype,High Land,13695.8,
208478,landtype,Medium High Land-1,414.54,
208478,landtype,Medium High Land-2,365.87,
208478,texture,Sandy Loam ,3736.34,2
208478,texture,Loam,3035.73,3
208478,texture,Clay Loam,7333.42,4
208478,texture,Clay,370.73,5
208478,consistency,Friable,11317.56,2
208478,consistency,Firm,3158.65,3
208478,drainage,Well Drained,8650.65,1
208478,drainage,Moderately Well Drained,4116.83,2
208478,drainage,Imperfectly Drained,928.32,3
208478,drainage,Poorly Drained,780.41,4
208478,reaction,Strongly Acidic,14476.21,2
208478,moisture,Low,13412.68,1
208478,moisture,Medium,596.07,2
208478,moisture,High,467.47,3
208478,salinity,Non Saline,14476.21,1
208478,recession,Very Early,13695.8,1
208478,recession,Early,780.41,2
208478,relief,Level,2228.27,
208478,relief,Moderately Undulating,2307.2,
208478,relief,Undulating,2326.8,
208478,relief,Sloppy,7613.93,
208475,landtype,High Land,28289.43,
208475,landtype,Medium High Land-1,563.58,
208475,landtype,Medium High Land-2,611.41,
208475,landtype,Medium Low Land,129.61,
208475,texture,Sand,652.13,1
208475,texture,Sandy Loam ,8654.77,2
208475,texture,Loam,10586.64,3
208475,texture,Clay Loam,8831.93,4
208475,texture,Clay,868.55,5
208475,consistency,Loose,652.13,1
208475,consistency,Friable,25401.39,2
208475,consistency,Firm,3540.52,3
208475,drainage,Well Drained,26646.97,1
208475,drainage,Imperfectly Drained,1642.46,3
208475,drainage,Poorly Drained,1304.6,4
208475,reaction,Extremely Acidic,6415.56,1
208475,reaction,Strongly Acidic,21424.76,2
208475,reaction,Moderately Acidic,1753.71,3
208475,moisture,Low,27921.94,1
208475,moisture,Medium,1672.09,2
208475,salinity,Non Saline,29594.03,1
208475,recession,Very Early,28289.43,1
208475,recession,Early,1304.6,2
208475,relief,Level,2947.06,
208475,relief,Slightly Undulating,559.72,
208475,relief,Moderately Undulating,2150.09,
208475,relief,Undulating,6805,
208475,relief,Sloppy,17132.16,
208487,landtype,High Land,39894.55,
208487,landtype,Medium High Land-1,291.01,
208487,landtype,Medium High Land-2,266.4,
208487,texture,Sandy Loam ,4826.07,2
208487,texture,Loam,18947.36,3
208487,texture,Clay Loam,16524.98,4
208487,texture,Clay,153.55,5
208487,consistency,Friable,39894.55,2
208487,consistency,Firm,557.41,3
208487,drainage,Well Drained,37982.18,1
208487,drainage,Moderately Well Drained,1846.59,2
208487,drainage,Imperfectly Drained,65.78,3
208487,drainage,Poorly Drained,557.41,4
208487,reaction,Extremely Acidic,4063.88,1
208487,reaction,Strongly Acidic,25655.08,2
208487,reaction,Moderately Acidic,10732.99,3
208487,moisture,Low,39982.32,1
208487,moisture,Medium,469.64,2
208487,salinity,Non Saline,40451.96,1
208487,recession,Very Early,39894.55,1
208487,recession,Early,403.86,2
208487,recession,Normal,153.55,3
208487,relief,Level,623.19,
208487,relief,Undulating,5006.66,
208487,relief,Sloppy,34822.11,
302618,landtype,High Land,20.82,
302618,landtype,Medium High Land-1,160.49,
302618,landtype,Medium High Land-2,1235.95,
302618,landtype,Medium Low Land,1335.83,
302618,landtype,Low land,1506.03,
302618,landtype,Very Low land,74.34,
302618,texture,Sand,79.65,1
302618,texture,Loam,1140.46,3
302618,texture,Clay Loam,1764.53,4
302618,texture,Clay,1348.81,5
302618,consistency,Loose,79.65,1
302618,consistency,Friable,2176.17,2
302618,consistency,Firm,2077.63,3
302618,drainage,Imperfectly Drained,206.99,3
302618,drainage,Poorly Drained,4126.47,4
302618,reaction,Moderately Acidic,360.9,3
302618,reaction,Neutral,2151.15,4
302618,reaction,Moderately Alkaline,1821.42,5
302618,moisture,Low,1428.46,1
302618,moisture,Medium,1591.02,2
302618,moisture,High,1313.98,3
302618,salinity,Non Saline,4333.46,1
302618,recession,Very Early,20.82,1
302618,recession,Early,1396.44,2
302618,recession,Normal,2415.88,3
302618,recession,Late,425.98,4
302618,recession,Very Late,74.34,5
302618,relief,Level,4333.46,
302614,landtype,High Land,145.07,
302614,landtype,Medium High Land-1,438.19,
302614,landtype,Medium High Land-2,2302.17,
302614,landtype,Medium Low Land,19379.21,
302614,landtype,Low land,1899.47,
302614,landtype,Very Low land,67.45,
302614,texture,Sand,72.7,1
302614,texture,Loam,18394.02,3
302614,texture,Clay Loam,1296.53,4
302614,texture,Clay,4468.31,5
302614,consistency,Loose,150.62,1
302614,consistency,Friable,18043.88,2
302614,consistency,Firm,6037.06,3
302614,drainage,Imperfectly Drained,2685.3,3
302614,drainage,Poorly Drained,21478.81,4
302614,drainage,Very Poorly Drained,67.45,5
302614,reaction,Strongly Acidic,3051.47,2
302614,reaction,Moderately Acidic,20065.73,3
302614,reaction,Neutral,269.13,4
302614,reaction,Moderately Alkaline,845.24,5
302614,moisture,Low,4549.85,1
302614,moisture,Medium,13877.61,2
302614,moisture,High,5804.11,3
302614,salinity,Non Saline,24231.57,1
302614,recession,Very Early,145.07,1
302614,recession,Early,2740.37,2
302614,recession,Normal,17111.19,3
302614,recession,Late,4167.49,4
302614,recession,Very Late,67.45,5
302614,relief,Level,24231.57,
302638,landtype,Medium High Land-1,518.25,
302638,landtype,Medium High Land-2,2366.29,
302638,landtype,Medium Low Land,2916.52,
302638,landtype,Low land,1666.17,
302638,texture,Sand,130.48,1
302638,texture,Loam,4148.13,3
302638,texture,Clay Loam,1230.19,4
302638,texture,Clay,1958.42,5
302638,consistency,Loose,130.48,1
302638,consistency,Friable,4148.13,2
302638,consistency,Firm,3188.61,3
302638,drainage,Poorly Drained,7467.22,4
302638,reaction,Strongly Acidic,2927.69,2
302638,reaction,Moderately Acidic,4054.97,3
302638,reaction,Neutral,484.56,4
302638,moisture,Low,2222.95,1
302638,moisture,High,5244.27,3
302638,salinity,Non Saline,7467.22,1
302638,recession,Early,3085.01,2
302638,recession,Normal,3359.15,3
302638,recession,Late,1023.06,4
302638,relief,Level,7467.22,
302662,landtype,Medium High Land-1,525.75,
302662,landtype,Medium High Land-2,3049.76,
302662,landtype,Medium Low Land,7070.81,
302662,landtype,Low land,5440.83,
302662,landtype,Very Low land,682.12,
302662,texture,Sandy Loam ,1712.56,2
302662,texture,Loam,4008.27,3
302662,texture,Clay Loam,4647.18,4
302662,texture,Clay,6401.26,5
302662,consistency,Friable,5720.83,2
302662,consistency,Firm,11048.44,3
302662,drainage,Poorly Drained,16630.18,4
302662,drainage,Very Poorly Drained,139.09,5
302662,reaction,Strongly Acidic,543.02,2
302662,reaction,Moderately Acidic,6831.37,3
302662,reaction,Neutral,8463.06,4
302662,reaction,Moderately Alkaline,931.82,5
302662,moisture,Low,6540.36,1
302662,moisture,Medium,4508.08,2
302662,moisture,High,5720.83,3
302662,salinity,Non Saline,16769.27,1
302662,recession,Normal,7374.39,3
302662,recession,Late,9394.88,4
302662,relief,Level,16769.27,
302672,landtype,High Land,1347.71,
302672,landtype,Medium High Land-1,121.45,
302672,landtype,Medium High Land-2,1148.05,
302672,landtype,Medium Low Land,2744.77,
302672,landtype,Low land,1661.83,
302672,landtype,Very Low land,1711.22,
302672,texture,Loam,3805.76,3
302672,texture,Clay Loam,2552.17,4
302672,texture,Clay,2377.08,5
302672,consistency,Friable,4689.83,2
302672,consistency,Firm,4045.18,3
302672,drainage,Well Drained,785.54,1
302672,drainage,Moderately Well Drained,98.53,2
302672,drainage,Imperfectly Drained,463.64,3
302672,drainage,Poorly Drained,6587.8,4
302672,drainage,Very Poorly Drained,799.5,5
302672,reaction,Strongly Acidic,4106.55,2
302672,reaction,Moderately Acidic,3634.54,3
302672,reaction,Neutral,993.92,4
302672,moisture,Low,4083.31,1
302672,moisture,Medium,1568.52,2
302672,moisture,High,3083.18,3
302672,salinity,Non Saline,8735.01,1
302672,recession,Very Early,1347.71,1
302672,recession,Early,2297.54,2
302672,recession,Normal,1788.47,3
302672,recession,Late,1590.08,4
302672,recession,Very Late,1711.22,5
302672,relief,Level,8735.01,
302903,landtype,High Land,649.79,
302903,landtype,Medium High Land-1,145.41,
302903,landtype,Medium High Land-2,3059.6,
302903,landtype,Medium Low Land,3441.92,
302903,landtype,Low land,1326.12,
302903,landtype,Very Low land,73.65,
302903,texture,Sand,1402.49,1
302903,texture,Loam,2704.67,3
302903,texture,Clay Loam,1717.89,4
302903,texture,Clay,2871.44,5
302903,consistency,Loose,1402.49,1
302903,consistency,Friable,2665.69,2
302903,consistency,Firm,4628.31,3
302903,drainage,Imperfectly Drained,649.79,3
302903,drainage,Poorly Drained,7973.05,4
302903,drainage,Very Poorly Drained,73.65,5
302903,reaction,Neutral,582.46,4
302903,reaction,Moderately Alkaline,8114.03,5
302903,moisture,Low,4450.9,1
302903,moisture,Medium,2432.67,2
302903,moisture,High,1739.27,3
302903,moisture,Very High,73.65,4
302903,salinity,Non Saline,8696.49,1
302903,recession,Very Early,649.79,1
302903,recession,Early,3205.01,2
302903,recession,Normal,3441.92,3
302903,recession,Late,1326.12,4
302903,recession,Very Late,73.65,5
302903,relief,Level,8696.49,
302910,landtype,High Land,1731.57,
302910,landtype,Medium High Land-1,499.84,
302910,landtype,Medium High Land-2,5122.6,
302910,landtype,Medium Low Land,6152.54,
302910,landtype,Low land,2260.8,
302910,texture,Loam,1977.71,3
302910,texture,Clay Loam,2630.99,4
302910,texture,Clay,11158.66,5
302910,consistency,Friable,4608.7,2
302910,consistency,Firm,11158.66,3
302910,drainage,Imperfectly Drained,1731.57,3
302910,drainage,Poorly Drained,14035.78,4
302910,reaction,Neutral,1620.28,4
302910,reaction,Moderately Alkaline,14030.05,5
302910,reaction,Strongly Alkaline,117.02,6
302910,moisture,Low,6190.68,1
302910,moisture,Medium,5345.97,2
302910,moisture,High,4230.7,3
302910,salinity,Non Saline,15767.36,1
302910,recession,Very Early,1731.57,1
302910,recession,Early,5364.43,2
302910,recession,Normal,2442.7,3
302910,recession,Late,6228.65,4
302910,relief,Level,15767.36,
302918,landtype,High Land,8730.55,
302918,landtype,Medium High Land-1,663.87,
302918,landtype,Medium High Land-2,8900.22,
302918,landtype,Medium Low Land,5484.63,
302918,landtype,Low land,318.18,
302918,texture,Sand,169.07,1
302918,texture,Loam,8345.43,3
302918,texture,Clay Loam,6626.44,4
302918,texture,Clay,8956.51,5
302918,consistency,Loose,169.07,1
302918,consistency,Friable,8345.43,2
302918,consistency,Firm,15582.95,3
302918,drainage,Imperfectly Drained,8730.55,3
302918,drainage,Poorly Drained,15188.15,4
302918,drainage,Very Poorly Drained,178.75,5
302918,reaction,Moderately Acidic,546.98,3
302918,reaction,Neutral,11946.17,4
302918,reaction,Moderately Alkaline,11604.3,5
302918,moisture,Low,8946.83,1
302918,moisture,Medium,6970.58,2
302918,moisture,High,8001.29,3
302918,moisture,Very High,178.75,4
302918,salinity,Non Saline,24097.45,1
302918,recession,Very Early,4838.26,1
302918,recession,Early,10041.32,2
302918,recession,Normal,8883.96,3
302918,recession,Late,155.15,4
302918,recession,Very Late,178.75,5
302918,relief,Level,24097.45,
302921,landtype,High Land,564.54,
302921,landtype,Medium High Land-1,1023.34,
302921,landtype,Medium High Land-2,1000.57,
302921,landtype,Medium Low Land,1656.69,
302921,landtype,Low land,2624.23,
302921,texture,Sand,1400.76,1
302921,texture,Loam,3770.2,3
302921,texture,Clay Loam,1698.42,4
302921,consistency,Loose,1400.76,1
302921,consistency,Friable,4720.08,2
302921,consistency,Firm,748.54,3
302921,drainage,Imperfectly Drained,564.54,3
302921,drainage,Poorly Drained,6304.84,4
302921,reaction,Neutral,1026.75,4
302921,reaction,Moderately Alkaline,5842.63,5
302921,moisture,Low,1644.37,1
302921,moisture,Medium,3256.31,2
302921,moisture,High,1968.7,3
302921,salinity,Non Saline,6869.38,1
302921,recession,Very Early,564.54,1
302921,recession,Early,3551.82,2
302921,recession,Normal,2753.01,3
302921,relief,Level,6869.38,
302947,landtype,High Land,4203.5,
302947,landtype,Medium High Land-1,578.1,
302947,landtype,Medium High Land-2,13263.39,
302947,landtype,Medium Low Land,7994.3,
302947,landtype,Low land,2578.77,
302947,texture,Sand,127.94,1
302947,texture,Loam,7086.41,3
302947,texture,Clay Loam,7023.3,4
302947,texture,Clay,14380.43,5
302947,consistency,Loose,127.94,1
302947,consistency,Friable,11551.19,2
302947,consistency,Firm,16938.95,3
302947,drainage,Imperfectly Drained,4203.5,3
302947,drainage,Poorly Drained,24275.44,4
302947,drainage,Very Poorly Drained,139.13,5
302947,reaction,Neutral,613.96,4
302947,reaction,Moderately Alkaline,28004.11,5
302947,moisture,Low,3238.53,1
302947,moisture,Medium,11130.71,2
302947,moisture,High,14109.71,3
302947,moisture,Very High,139.13,4
302947,salinity,Non Saline,28618.07,1
302947,recession,Very Early,4203.5,1
302947,recession,Early,14188.49,2
302947,recession,Normal,7366.32,3
302947,recession,Late,2720.63,4
302947,recession,Very Late,139.13,5
302947,relief,Level,28618.07,
302956,landtype,High Land,3840.22,
302956,landtype,Medium High Land-1,567.99,
302956,landtype,Medium High Land-2,7169.21,
302956,landtype,Medium Low Land,6907.51,
302956,texture,Sand,88.43,1
302956,texture,Loam,4128.98,3
302956,texture,Clay Loam,4052.73,4
302956,texture,Clay,10214.79,5
302956,consistency,Loose,88.43,1
302956,consistency,Friable,8181.71,2
302956,consistency,Firm,10214.79,3
302956,drainage,Imperfectly Drained,3840.22,3
302956,drainage,Poorly Drained,14644.71,4
302956,reaction,Neutral,7643.77,4
302956,reaction,Moderately Alkaline,10841.15,5
302956,moisture,Low,2582.48,1
302956,moisture,Medium,8368.83,2
302956,moisture,High,7533.62,3
302956,salinity,Non Saline,18484.92,1
302956,recession,Very Early,3840.22,1
302956,recession,Early,7737.2,2
302956,recession,Normal,6907.51,3
302956,relief,Level,17533.9,
302956,relief,Slightly Undulating,951.02,
302962,landtype,High Land,763.38,
302962,landtype,Medium High Land-1,1305.02,
302962,landtype,Medium High Land-2,4164.09,
302962,landtype,Medium Low Land,8428.42,
302962,landtype,Low land,2028.52,
302962,texture,Loam,421.94,3
302962,texture,Clay Loam,1885.35,4
302962,texture,Clay,14382.15,5
302962,consistency,Friable,2307.29,2
302962,consistency,Firm,14382.15,3
302962,drainage,Imperfectly Drained,763.38,3
302962,drainage,Poorly Drained,15803.08,4
302962,drainage,Very Poorly Drained,122.98,5
302962,reaction,Neutral,3454.5,4
302962,reaction,Moderately Alkaline,13234.94,5
302962,moisture,Low,5756.26,1
302962,moisture,Medium,8502.91,2
302962,moisture,High,2307.29,3
302962,moisture,Very High,122.98,4
302962,salinity,Non Saline,16689.44,1
302962,recession,Very Early,763.38,1
302962,recession,Early,5469.12,2
302962,recession,Normal,8428.42,3
302962,recession,Late,1905.54,4
302962,recession,Very Late,122.98,5
302962,relief,Level,16533.67,
302962,relief,Slightly Undulating,155.78,
302984,landtype,High Land,776.54,
302984,landtype,Medium High Land-1,111.63,
302984,landtype,Medium High Land-2,6380.41,
302984,landtype,Medium Low Land,8502.19,
302984,landtype,Low land,1920.85,
302984,texture,Sand,2344.19,1
302984,texture,Sandy Loam ,1250.27,2
302984,texture,Loam,6720.62,3
302984,texture,Clay Loam,4482.93,4
302984,texture,Clay,2893.63,5
302984,consistency,Loose,2344.19,1
302984,consistency,Friable,10581.89,2
302984,consistency,Firm,4765.55,3
302984,drainage,Imperfectly Drained,776.54,3
302984,drainage,Poorly Drained,16915.09,4
302984,reaction,Neutral,1179.83,4
302984,reaction,Moderately Alkaline,16511.8,5
302984,moisture,Low,3769.32,1
302984,moisture,Medium,3340.41,2
302984,moisture,High,10581.89,3
302984,salinity,Non Saline,17691.63,1
302984,recession,Very Early,776.54,1
302984,recession,Early,6492.05,2
302984,recession,Normal,8997.91,3
302984,recession,Late,1425.14,4
302984,relief,Level,17691.63,
303331,landtype,High Land,6210.35,
303331,landtype,Medium High Land-1,331.62,
303331,landtype,Medium High Land-2,2483.68,
303331,landtype,Medium Low Land,636.58,
303331,landtype,Low land,3341.59,
303331,landtype,Very Low land,647.71,
303331,texture,Loam,2720.05,3
303331,texture,Clay Loam,6295.05,4
303331,texture,Clay,4636.43,5
303331,consistency,Friable,5708.08,2
303331,consistency,Firm,7943.46,3
303331,drainage,Well Drained,88.87,1
303331,drainage,Moderately Well Drained,502.09,2
303331,drainage,Imperfectly Drained,5619.39,3
303331,drainage,Poorly Drained,6104.34,4
303331,drainage,Very Poorly Drained,1336.85,5
303331,reaction,Extremely Acidic,1794.16,1
303331,reaction,Strongly Acidic,10094.79,2
303331,reaction,Moderately Acidic,1762.59,3
303331,moisture,Low,12499.64,1
303331,moisture,Medium,816.82,2
303331,moisture,High,335.07,3
303331,salinity,Non Saline,13651.54,1
303331,recession,Very Early,6210.35,1
303331,recession,Early,2815.3,2
303331,recession,Normal,636.58,3
303331,recession,Late,2652.45,4
303331,recession,Very Late,1336.85,5
303331,relief,Level,13651.54,
302990,landtype,High Land,1826.47,
302990,landtype,Medium High Land-1,443.89,
302990,landtype,Medium High Land-2,4613.51,
302990,landtype,Medium Low Land,8232.78,
302990,landtype,Low land,791.66,
302990,texture,Loam,1120.81,3
302990,texture,Clay Loam,2435.46,4
302990,texture,Clay,12352.03,5
302990,consistency,Friable,3556.27,2
302990,consistency,Firm,12352.03,3
302990,drainage,Imperfectly Drained,1826.47,3
302990,drainage,Poorly Drained,13995.26,4
302990,drainage,Very Poorly Drained,86.57,5
302990,reaction,Neutral,4362.96,4
302990,reaction,Moderately Alkaline,11545.34,5
302990,moisture,Low,4614.94,1
302990,moisture,Medium,6967.19,2
302990,moisture,High,4239.6,3
302990,moisture,Very High,86.57,4
302990,salinity,Non Saline,9260.56,1
302990,salinity,Very Slightly Saline,3892.77,2
302990,salinity,Slightly Saline,2754.98,3
302990,recession,Very Early,1826.47,1
302990,recession,Early,5057.39,2
302990,recession,Normal,8232.78,3
302990,recession,Late,705.09,4
302990,recession,Very Late,86.57,5
302990,relief,Level,15908.31,
303330,landtype,High Land,5058.98,
303330,landtype,Medium High Land-1,240.09,
303330,landtype,Medium High Land-2,1052.36,
303330,texture,Loam,1292.44,3
303330,texture,Clay Loam,4956.84,4
303330,texture,Clay,102.14,5
303330,consistency,Friable,6170.59,2
303330,consistency,Firm,180.83,3
303330,drainage,Well Drained,1855.21,1
303330,drainage,Moderately Well Drained,2136.2,2
303330,drainage,Imperfectly Drained,1067.56,3
303330,drainage,Poorly Drained,1292.44,4
303330,reaction,Strongly Acidic,5646.59,2
303330,reaction,Moderately Acidic,704.83,3
303330,moisture,Low,2360,1
303330,moisture,Medium,3991.41,2
303330,salinity,Non Saline,6351.42,1
303330,recession,Very Early,5058.98,1
303330,recession,Early,1292.44,2
303330,relief,Level,6351.42,
303332,landtype,High Land,13513.66,
303332,landtype,Medium High Land-1,322.94,
303332,landtype,Medium High Land-2,5313.57,
303332,landtype,Medium Low Land,6206.41,
303332,landtype,Low land,2397.73,
303332,texture,Sandy Loam ,1057.72,2
303332,texture,Loam,4935.08,3
303332,texture,Clay Loam,15905.23,4
303332,texture,Clay,5856.28,5
303332,consistency,Friable,13094.99,2
303332,consistency,Firm,14659.32,3
303332,drainage,Well Drained,2888.34,1
303332,drainage,Moderately Well Drained,8591.48,2
303332,drainage,Imperfectly Drained,2958.25,3
303332,drainage,Poorly Drained,11700.81,4
303332,drainage,Very Poorly Drained,1615.44,5
303332,reaction,Extremely Acidic,16920.83,1
303332,reaction,Strongly Acidic,10833.47,2
303332,moisture,Low,17871.62,1
303332,moisture,Medium,9882.69,2
303332,salinity,Non Saline,27754.31,1
303332,recession,Very Early,13513.66,1
303332,recession,Early,5636.51,2
303332,recession,Normal,2747.86,3
303332,recession,Late,4240.84,4
303332,recession,Very Late,1615.44,5
303332,relief,Level,27754.31,
303334,landtype,High Land,2496.68,
303334,landtype,Medium High Land-1,156.31,
303334,landtype,Medium High Land-2,3019.4,
303334,landtype,Medium Low Land,1837.54,
303334,landtype,Low land,2058.33,
303334,landtype,Very Low land,1727.65,
303334,texture,Loam,662.04,3
303334,texture,Clay Loam,5792.21,4
303334,texture,Clay,4841.66,5
303334,consistency,Friable,4136.95,2
303334,consistency,Firm,7158.97,3
303334,drainage,Well Drained,1772.19,1
303334,drainage,Moderately Well Drained,671.76,2
303334,drainage,Imperfectly Drained,724.49,3
303334,drainage,Poorly Drained,6703.89,4
303334,drainage,Very Poorly Drained,1423.58,5
303334,reaction,Extremely Acidic,2873.64,1
303334,reaction,Strongly Acidic,8308.86,2
303334,reaction,Moderately Acidic,113.41,3
303334,moisture,Low,6812.86,1
303334,moisture,Medium,3897.05,2
303334,moisture,High,586.01,3
303334,salinity,Non Saline,11295.91,1
303334,recession,Very Early,2515.41,1
303334,recession,Early,3270.39,2
303334,recession,Normal,1724.13,3
303334,recession,Late,1378.21,4
303334,recession,Very Late,2407.77,5
303334,relief,Level,7691.67,
303334,relief,Slightly Undulating,3198.52,
303334,relief,Moderately Undulating,405.73,
303336,landtype,High Land,4417.25,
303336,landtype,Medium High Land-1,520.47,
303336,landtype,Medium High Land-2,3886.48,
303336,landtype,Medium Low Land,5261.32,
303336,landtype,Low land,1907.02,
303336,texture,Loam,3463.14,3
303336,texture,Clay Loam,6330.54,4
303336,texture,Clay,6198.86,5
303336,consistency,Friable,9224.7,2
303336,consistency,Firm,6767.85,3
303336,drainage,Well Drained,1322.38,1
303336,drainage,Moderately Well Drained,1766.83,2
303336,drainage,Imperfectly Drained,1328.04,3
303336,drainage,Poorly Drained,11575.29,4
303336,reaction,Strongly Acidic,14865.3,2
303336,reaction,Moderately Acidic,1127.24,3
303336,moisture,Low,8634.98,1
303336,moisture,Medium,3241.58,2
303336,moisture,High,4115.99,3
303336,salinity,Non Saline,15992.54,1
303336,recession,Very Early,4417.25,1
303336,recession,Early,5001.59,2
303336,recession,Normal,4636.25,3
303336,recession,Late,619.37,4
303336,recession,Very Late,1318.08,5
303336,relief,Level,10982.35,
303336,relief,Slightly Undulating,5010.19,
303386,landtype,High Land,28916.21,
303386,landtype,Medium High Land-1,502.69,
303386,landtype,Medium High Land-2,7840.88,
303386,landtype,Medium Low Land,3826.95,
303386,landtype,Low land,2403.56,
303386,landtype,Very Low land,493.08,
303386,texture,Loam,8462.13,3
303386,texture,Clay Loam,28763.97,4
303386,texture,Clay,6757.29,5
303386,consistency,Friable,24369.65,2
303386,consistency,Firm,19613.74,3
303386,drainage,Well Drained,6603.17,1
303386,drainage,Moderately Well Drained,14725.99,2
303386,drainage,Imperfectly Drained,7587.06,3
303386,drainage,Poorly Drained,13537.16,4
303386,drainage,Very Poorly Drained,1530.02,5
303386,reaction,Extremely Acidic,24959.38,1
303386,reaction,Strongly Acidic,19024.01,2
303386,moisture,Low,29559.07,1
303386,moisture,Medium,12781.27,2
303386,moisture,High,113.03,3
303386,moisture,Very High,1530.02,4
303386,salinity,Non Saline,43983.39,1
303386,recession,Very Early,28916.21,1
303386,recession,Early,8148.24,2
303386,recession,Normal,2634.93,3
303386,recession,Late,2753.99,4
303386,recession,Very Late,1530.02,5
303386,relief,Level,30051.25,
303386,relief,Slightly Undulating,13932.14,
303551,landtype,High Land,46.54,
303551,landtype,Medium High Land-1,2024.27,
303551,landtype,Medium High Land-2,1975.44,
303551,landtype,Medium Low Land,8371.82,
303551,landtype,Low land,6576.01,
303551,landtype,Very Low land,7906.97,
303551,texture,Loam,5871.32,3
303551,texture,Clay Loam,1955.13,4
303551,texture,Clay,19074.61,5
303551,consistency,Friable,5871.32,2
303551,consistency,Firm,21029.74,3
303551,drainage,Imperfectly Drained,46.54,3
303551,drainage,Poorly Drained,17443.79,4
303551,drainage,Very Poorly Drained,9410.73,5
303551,reaction,Strongly Acidic,1657.22,2
303551,reaction,Moderately Acidic,16850.1,3
303551,reaction,Neutral,7693.62,4
303551,reaction,Moderately Alkaline,700.12,5
303551,moisture,Low,10732.5,1
303551,moisture,Medium,886.51,2
303551,moisture,High,5871.32,3
303551,moisture,Very High,9410.73,4
303551,salinity,Non Saline,3135.42,1
303551,salinity,Very Slightly Saline,9601.46,2
303551,salinity,Slightly Saline,14164.17,3
303551,recession,Very Early,46.54,1
303551,recession,Early,3999.71,2
303551,recession,Normal,8371.82,3
303551,recession,Late,5072.25,4
303551,recession,Very Late,9410.73,5
303551,relief,Level,26901.06,
303543,landtype,High Land,1950.72,
303543,landtype,Medium High Land-1,167.61,
303543,landtype,Medium High Land-2,1725.47,
303543,landtype,Medium Low Land,7384.07,
303543,landtype,Low land,8527.44,
303543,landtype,Very Low land,2927.46,
303543,texture,Loam,2134.87,3
303543,texture,Clay Loam,6162.56,4
303543,texture,Clay,14385.33,5
303543,consistency,Friable,7759.36,2
303543,consistency,Firm,14923.41,3
303543,drainage,Imperfectly Drained,1950.72,3
303543,drainage,Poorly Drained,17804.58,4
303543,drainage,Very Poorly Drained,2927.46,5
303543,reaction,Strongly Acidic,661.93,2
303543,reaction,Moderately Acidic,3009.62,3
303543,reaction,Neutral,16064.57,4
303543,reaction,Moderately Alkaline,2946.64,5
303543,moisture,Low,12158.5,1
303543,moisture,Medium,4026.66,2
303543,moisture,High,3570.14,3
303543,moisture,Very High,2927.46,4
303543,salinity,Non Saline,21942.72,1
303543,salinity,Very Slightly Saline,78.11,2
303543,salinity,Slightly Saline,661.93,3
303543,recession,Very Early,1950.72,1
303543,recession,Early,1893.07,2
303543,recession,Normal,7384.07,3
303543,recession,Late,8527.44,4
303543,recession,Very Late,2927.46,5
303543,relief,Level,22682.76,
303558,landtype,High Land,455.11,
303558,landtype,Medium High Land-1,125.22,
303558,landtype,Medium High Land-2,1039.39,
303558,landtype,Medium Low Land,9535.75,
303558,landtype,Low land,10886.78,
303558,landtype,Very Low land,2717.93,
303558,texture,Loam,124.5,3
303558,texture,Clay Loam,1531.59,4
303558,texture,Clay,23104.08,5
303558,consistency,Friable,1214.03,2
303558,consistency,Firm,23546.15,3
303558,drainage,Imperfectly Drained,455.11,3
303558,drainage,Poorly Drained,19603.1,4
303558,drainage,Very Poorly Drained,4701.96,5
303558,reaction,Strongly Acidic,3490.77,2
303558,reaction,Moderately Acidic,3018.53,3
303558,reaction,Neutral,11883.26,4
303558,reaction,Moderately Alkaline,6367.61,5
303558,moisture,Low,10409.85,1
303558,moisture,Medium,8611.32,2
303558,moisture,High,1037.05,3
303558,moisture,Very High,4701.96,4
303558,salinity,Non Saline,19027.55,1
303558,salinity,Very Slightly Saline,4179.48,2
303558,salinity,Slightly Saline,1553.14,3
303558,recession,Very Early,455.11,1
303558,recession,Early,1164.61,2
303558,recession,Normal,9535.75,3
303558,recession,Late,8902.75,4
303558,recession,Very Late,4701.96,5
303558,relief,Level,24760.17,
303591,landtype,High Land,613.2,
303591,landtype,Medium High Land-1,406,
303591,landtype,Medium High Land-2,1872.22,
303591,landtype,Medium Low Land,2444.73,
303591,landtype,Low land,2495.43,
303591,landtype,Very Low land,1592.03,
303591,texture,Loam,916.15,3
303591,texture,Clay Loam,3381.17,4
303591,texture,Clay,5126.28,5
303591,consistency,Friable,2317.35,2
303591,consistency,Firm,7106.25,3
303591,drainage,Imperfectly Drained,613.2,3
303591,drainage,Poorly Drained,3829.98,4
303591,drainage,Very Poorly Drained,4980.43,5
303591,reaction,Strongly Acidic,2381.31,2
303591,reaction,Moderately Acidic,3154.44,3
303591,reaction,Neutral,1988.05,4
303591,reaction,Moderately Alkaline,1899.8,5
303591,moisture,Low,700.17,1
303591,moisture,Medium,2575.15,2
303591,moisture,High,1167.86,3
303591,moisture,Very High,4980.43,4
303591,salinity,Non Saline,1489.03,1
303591,salinity,Very Slightly Saline,1221.77,2
303591,salinity,Slightly Saline,6712.79,3
303591,recession,Very Early,613.2,1
303591,recession,Early,2072.23,2
303591,recession,Normal,505.12,3
303591,recession,Late,1252.63,4
303591,recession,Very Late,4980.43,5
303591,relief,Level,9423.6,
304806,landtype,High Land,2330.16,
304806,landtype,Medium High Land-1,510.41,
304806,landtype,Medium High Land-2,2948.31,
304806,landtype,Medium Low Land,4339.02,
304806,landtype,Low land,3732.47,
304806,landtype,Very Low land,1339.8,
304806,texture,Sandy Loam ,112.22,2
304806,texture,Loam,9761.61,3
304806,texture,Clay Loam,3998.43,4
304806,texture,Clay,1327.91,5
304806,consistency,Friable,10861.44,2
304806,consistency,Firm,4338.73,3
304806,drainage,Imperfectly Drained,2330.16,3
304806,drainage,Poorly Drained,11473.67,4
304806,drainage,Very Poorly Drained,1396.34,5
304806,reaction,Extremely Acidic,201.44,1
304806,reaction,Strongly Acidic,13614.28,2
304806,reaction,Moderately Acidic,1384.45,3
304806,moisture,Low,4450.95,1
304806,moisture,Medium,4766.47,2
304806,moisture,High,5982.75,3
304806,salinity,Non Saline,15200.17,1
304806,recession,Very Early,2330.16,1
304806,recession,Early,4041.37,2
304806,recession,Normal,4058.35,3
304806,recession,Late,3675.93,4
304806,recession,Very Late,1094.36,5
304806,relief,Level,15200.17,
304827,landtype,High Land,4216.57,
304827,landtype,Medium High Land-1,1053.21,
304827,landtype,Medium High Land-2,3786.17,
304827,landtype,Medium Low Land,1325.9,
304827,landtype,Low land,247.15,
304827,texture,Sandy Loam ,345.66,2
304827,texture,Loam,6475.29,3
304827,texture,Clay Loam,3697.1,4
304827,texture,Clay,110.93,5
304827,consistency,Friable,6820.95,2
304827,consistency,Firm,3808.03,3
304827,drainage,Imperfectly Drained,4216.57,3
304827,drainage,Poorly Drained,6201.8,4
304827,drainage,Very Poorly Drained,210.62,5
304827,reaction,Strongly Acidic,485.14,2
304827,reaction,Moderately Acidic,5635.7,3
304827,reaction,Neutral,4508.15,4
304827,moisture,Low,680.63,1
304827,moisture,Medium,2391.95,2
304827,moisture,High,7345.78,3
304827,moisture,Very High,210.62,4
304827,salinity,Non Saline,10628.99,1
304827,recession,Very Early,4216.57,1
304827,recession,Early,3938.02,2
304827,recession,Normal,1849.18,3
304827,recession,Late,414.59,4
304827,recession,Very Late,210.62,5
304827,relief,Level,10628.99,
304842,landtype,High Land,6500.81,
304842,landtype,Medium High Land-1,1174.35,
304842,landtype,Medium High Land-2,3935.96,
304842,landtype,Medium Low Land,1833.92,
304842,landtype,Low land,3290.65,
304842,landtype,Very Low land,954.49,
304842,texture,Loam,6492.13,3
304842,texture,Clay Loam,6719.73,4
304842,texture,Clay,4478.3,5
304842,consistency,Friable,11246.1,2
304842,consistency,Firm,6444.07,3
304842,drainage,Imperfectly Drained,6500.81,3
304842,drainage,Poorly Drained,10234.87,4
304842,drainage,Very Poorly Drained,954.49,5
304842,reaction,Strongly Acidic,5621.41,2
304842,reaction,Moderately Acidic,11597.76,3
304842,reaction,Neutral,471,4
304842,moisture,Low,4728.77,1
304842,moisture,Medium,662.2,2
304842,moisture,High,11344.71,3
304842,moisture,Very High,954.49,4
304842,salinity,Non Saline,17690.17,1
304842,recession,Very Early,6500.81,1
304842,recession,Early,4245.76,2
304842,recession,Normal,1785.29,3
304842,recession,Late,4203.82,4
304842,recession,Very Late,954.49,5
304842,relief,Level,17690.17,
304833,landtype,Medium Low Land,3994.91,
304833,landtype,Low land,24525.79,
304833,landtype,Very Low land,6326.71,
304833,texture,Loam,1127.26,3
304833,texture,Clay Loam,2218.77,4
304833,texture,Clay,31501.4,5
304833,consistency,Friable,1127.26,2
304833,consistency,Firm,33720.16,3
304833,drainage,Poorly Drained,33957.38,4
304833,drainage,Very Poorly Drained,890.04,5
304833,reaction,Strongly Acidic,4243.49,2
304833,reaction,Moderately Acidic,30603.93,3
304833,moisture,Low,31795.05,1
304833,moisture,Medium,1925.11,2
304833,moisture,High,1127.26,3
304833,salinity,Non Saline,34847.42,1
304833,recession,Normal,4582.38,3
304833,recession,Late,29357.52,4
304833,recession,Very Late,907.52,5
304833,relief,Level,34847.42,
304849,landtype,High Land,1123.5,
304849,landtype,Medium High Land-1,2077.5,
304849,landtype,Medium High Land-2,6427.51,
304849,landtype,Medium Low Land,777.07,
304849,landtype,Low land,1974.37,
304849,landtype,Very Low land,101.37,
304849,texture,Loam,5716.47,3
304849,texture,Clay Loam,1791.27,4
304849,texture,Clay,4973.58,5
304849,consistency,Friable,5821.46,2
304849,consistency,Firm,6659.86,3
304849,drainage,Imperfectly Drained,1123.5,3
304849,drainage,Poorly Drained,11256.45,4
304849,drainage,Very Poorly Drained,101.37,5
304849,reaction,Extremely Acidic,625.66,1
304849,reaction,Strongly Acidic,11559.93,2
304849,reaction,Moderately Acidic,295.73,3
304849,moisture,Low,6558.49,1
304849,moisture,High,5821.46,3
304849,moisture,Very High,101.37,4
304849,salinity,Non Saline,12481.32,1
304849,recession,Very Early,1123.5,1
304849,recession,Early,6384.25,2
304849,recession,Normal,625.66,3
304849,recession,Late,4246.55,4
304849,recession,Very Late,101.37,5
304849,relief,Level,12481.32,
304845,landtype,High Land,2043.82,
304845,landtype,Medium High Land-1,1448.14,
304845,landtype,Medium High Land-2,4497.24,
304845,landtype,Medium Low Land,4101.13,
304845,landtype,Low land,2389.83,
304845,landtype,Very Low land,559.19,
304845,texture,Sandy Loam ,235.65,2
304845,texture,Loam,2426.02,3
304845,texture,Clay Loam,7309.08,4
304845,texture,Clay,5068.59,5
304845,consistency,Friable,3741.81,2
304845,consistency,Firm,11297.53,3
304845,drainage,Moderately Well Drained,356.85,2
304845,drainage,Imperfectly Drained,1686.97,3
304845,drainage,Poorly Drained,12755.57,4
304845,drainage,Very Poorly Drained,239.96,5
304845,reaction,Strongly Acidic,7668.11,2
304845,reaction,Moderately Acidic,7371.23,3
304845,moisture,Low,4828.63,1
304845,moisture,Medium,8030.95,2
304845,moisture,High,1939.81,3
304845,moisture,Very High,239.96,4
304845,salinity,Non Saline,15039.34,1
304845,recession,Very Early,2043.82,1
304845,recession,Early,5530.57,2
304845,recession,Normal,3041.91,3
304845,recession,Late,4183.09,4
304845,recession,Very Late,239.96,5
304845,relief,Level,15039.34,
304859,landtype,Medium Low Land,1352.56,
304859,landtype,Low land,7999.2,
304859,landtype,Very Low land,10657.03,
304859,texture,Loam,1860.25,3
304859,texture,Clay Loam,13988.38,4
304859,texture,Clay,4160.18,5
304859,consistency,Friable,1860.25,2
304859,consistency,Firm,18148.55,3
304859,drainage,Poorly Drained,17929.32,4
304859,drainage,Very Poorly Drained,2079.48,5
304859,reaction,Strongly Acidic,1860.25,2
304859,reaction,Moderately Acidic,18148.55,3
304859,moisture,Low,14596.92,1
304859,moisture,Medium,1472.16,2
304859,moisture,High,1860.25,3
304859,moisture,Very High,2079.48,4
304859,salinity,Non Saline,20008.8,1
304859,recession,Normal,1352.56,3
304859,recession,Late,16576.76,4
304859,recession,Very Late,2079.48,5
304859,relief,Level,20008.8,
304876,landtype,Medium High Land-1,62.19,
304876,landtype,Medium High Land-2,206.34,
304876,landtype,Medium Low Land,2249.59,
304876,landtype,Low land,7667.96,
304876,landtype,Very Low land,6727.92,
304876,texture,Loam,2345.83,3
304876,texture,Clay Loam,1821.73,4
304876,texture,Clay,12746.44,5
304876,consistency,Friable,2345.83,2
304876,consistency,Firm,14568.17,3
304876,drainage,Poorly Drained,16913.99,4
304876,reaction,Strongly Acidic,348,2
304876,reaction,Moderately Acidic,16375.56,3
304876,reaction,Neutral,190.43,4
304876,moisture,Low,15242.75,1
304876,moisture,Medium,159.69,2
304876,moisture,High,1511.55,3
304876,salinity,Non Saline,16913.99,1
304876,recession,Early,268.52,2
304876,recession,Normal,2249.59,3
304876,recession,Late,13775.13,4
304876,recession,Very Late,620.75,5
304876,relief,Level,16913.99,
304879,landtype,High Land,4714.88,
304879,landtype,Medium High Land-1,531.92,
304879,landtype,Medium High Land-2,3207,
304879,landtype,Medium Low Land,2210.06,
304879,landtype,Low land,803.4,
304879,texture,Sand,358.82,1
304879,texture,Loam,5078.36,3
304879,texture,Clay Loam,4214.56,4
304879,texture,Clay,1815.52,5
304879,consistency,Loose,358.82,1
304879,consistency,Friable,5225.91,2
304879,consistency,Firm,5882.53,3
304879,drainage,Well Drained,84.12,1
304879,drainage,Moderately Well Drained,176.58,2
304879,drainage,Imperfectly Drained,4454.17,3
304879,drainage,Poorly Drained,6623.18,4
304879,drainage,Very Poorly Drained,129.19,5
304879,reaction,Strongly Acidic,7915.9,2
304879,reaction,Moderately Acidic,2606.51,3
304879,reaction,Neutral,192.45,4
304879,reaction,Moderately Alkaline,752.39,5
304879,moisture,Low,2289.98,1
304879,moisture,Medium,4098.92,2
304879,moisture,High,5078.36,3
304879,salinity,Non Saline,11467.26,1
304879,recession,Very Early,4714.88,1
304879,recession,Early,4734.95,2
304879,recession,Normal,266.59,3
304879,recession,Late,1490.52,4
304879,recession,Very Late,260.32,5
304879,relief,Level,9602.01,
304879,relief,Slightly Undulating,1865.25,
304892,landtype,High Land,2215.48,
304892,landtype,Medium High Land-1,651.06,
304892,landtype,Medium High Land-2,2141.69,
304892,landtype,Medium Low Land,3251.13,
304892,landtype,Low land,4601.84,
304892,landtype,Very Low land,183.1,
304892,texture,Loam,2342.77,3
304892,texture,Clay Loam,3627,4
304892,texture,Clay,7074.53,5
304892,consistency,Friable,2837.61,2
304892,consistency,Firm,10206.69,3
304892,drainage,Imperfectly Drained,2215.48,3
304892,drainage,Poorly Drained,10645.72,4
304892,drainage,Very Poorly Drained,183.1,5
304892,reaction,Strongly Acidic,4994.77,2
304892,reaction,Moderately Acidic,8049.54,3
304892,moisture,Low,7608.37,1
304892,moisture,Medium,3093.16,2
304892,moisture,High,2342.77,3
304892,salinity,Non Saline,13044.3,1
304892,recession,Very Early,2215.48,1
304892,recession,Early,2537.85,2
304892,recession,Normal,2876.52,3
304892,recession,Late,5231.35,4
304892,recession,Very Late,183.1,5
304892,relief,Level,13044.3,
305418,landtype,High Land,11.87,
305418,landtype,Medium High Land-1,71.89,
305418,landtype,Medium High Land-2,886.98,
305418,landtype,Medium Low Land,1703.47,
305418,landtype,Low land,2154.19,
305418,texture,Loam,1191.67,3
305418,texture,Clay Loam,3430.88,4
305418,texture,Clay,205.85,5
305418,consistency,Friable,1191.67,2
305418,consistency,Firm,3636.73,3
305418,drainage,Imperfectly Drained,11.87,3
305418,drainage,Poorly Drained,3685.06,4
305418,drainage,Very Poorly Drained,1131.47,5
305418,reaction,Moderately Acidic,3775.38,3
305418,reaction,Neutral,703.86,4
305418,reaction,Moderately Alkaline,349.17,5
305418,moisture,Low,2401.24,1
305418,moisture,Medium,1720.12,2
305418,moisture,High,707.04,3
305418,salinity,Non Saline,3667.27,1
305418,salinity,Very Slightly Saline,29.66,2
305418,salinity,Slightly Saline,1131.47,3
305418,recession,Very Early,11.87,1
305418,recession,Early,958.87,2
305418,recession,Normal,1703.47,3
305418,recession,Late,1022.73,4
305418,recession,Very Late,1131.47,5
305418,relief,Level,4828.4,
305480,landtype,High Land,1294.6,
305480,landtype,Medium High Land-1,353.29,
305480,landtype,Medium High Land-2,4648.76,
305480,landtype,Medium Low Land,7935.61,
305480,landtype,Low land,6178.59,
305480,landtype,Very Low land,467.9,
305480,texture,Sand,175.81,1
305480,texture,Loam,1396.8,3
305480,texture,Clay Loam,2747.59,4
305480,texture,Clay,16558.56,5
305480,consistency,Loose,175.81,1
305480,consistency,Friable,3351.97,2
305480,consistency,Firm,17350.98,3
305480,drainage,Imperfectly Drained,1294.6,3
305480,drainage,Poorly Drained,16059.21,4
305480,drainage,Very Poorly Drained,3524.95,5
305480,reaction,Strongly Acidic,2641.89,2
305480,reaction,Moderately Acidic,2253.62,3
305480,reaction,Neutral,2858.47,4
305480,reaction,Moderately Alkaline,13124.77,5
305480,moisture,Low,7834.93,1
305480,moisture,Medium,6334.19,2
305480,moisture,High,3184.68,3
305480,moisture,Very High,3524.95,4
305480,salinity,Non Saline,19524.68,1
305480,salinity,Very Slightly Saline,468.4,2
305480,salinity,Slightly Saline,885.68,3
305480,recession,Very Early,1294.6,1
305480,recession,Early,2233.17,2
305480,recession,Normal,3839.89,3
305480,recession,Late,9986.15,4
305480,recession,Very Late,3524.95,5
305480,relief,Level,20878.76,
305440,landtype,High Land,220.53,
305440,landtype,Medium High Land-1,766.65,
305440,landtype,Medium High Land-2,8468.11,
305440,landtype,Medium Low Land,3509.55,
305440,landtype,Low land,406.87,
305440,texture,Sand,1315.19,1
305440,texture,Loam,6932.74,3
305440,texture,Clay Loam,5123.78,4
305440,consistency,Loose,1315.19,1
305440,consistency,Friable,6932.74,2
305440,consistency,Firm,5123.78,3
305440,drainage,Imperfectly Drained,220.53,3
305440,drainage,Poorly Drained,13151.18,4
305440,reaction,Moderately Acidic,2642.07,3
305440,reaction,Neutral,4129.37,4
305440,reaction,Moderately Alkaline,6600.27,5
305440,moisture,Low,2140.44,1
305440,moisture,Medium,4298.53,2
305440,moisture,High,6932.74,3
305440,salinity,Non Saline,11687.39,1
305440,salinity,Very Slightly Saline,67.95,2
305440,salinity,Slightly Saline,1616.38,3
305440,recession,Very Early,220.53,1
305440,recession,Early,9234.76,2
305440,recession,Normal,3509.55,3
305440,recession,Late,406.87,4
305440,relief,Level,13371.71,
305487,landtype,High Land,159.29,
305487,landtype,Medium High Land-1,1419.24,
305487,landtype,Medium High Land-2,7990.7,
305487,landtype,Medium Low Land,6422.14,
305487,landtype,Low land,1717.14,
305487,texture,Sandy Loam ,330.83,2
305487,texture,Loam,5458.88,3
305487,texture,Clay Loam,11580.45,4
305487,texture,Clay,338.35,5
305487,consistency,Friable,12793.93,2
305487,consistency,Firm,4914.58,3
305487,drainage,Imperfectly Drained,159.29,3
305487,drainage,Poorly Drained,17549.23,4
305487,reaction,Moderately Acidic,155,3
305487,reaction,Moderately Alkaline,17553.51,5
305487,moisture,Low,705.29,1
305487,moisture,Medium,4745.2,2
305487,moisture,High,12258.03,3
305487,salinity,Non Saline,17708.51,1
305487,recession,Very Early,159.29,1
305487,recession,Early,12520.95,2
305487,recession,Normal,4659.34,3
305487,recession,Late,368.94,4
305487,relief,Level,17677.93,
305487,relief,Slightly Undulating,30.58,
305610,landtype,Medium High Land-1,157.68,
305610,landtype,Medium High Land-2,495.86,
305610,landtype,Medium Low Land,7484.13,
305610,landtype,Low land,7286.61,
305610,texture,Sand,1570.01,1
305610,texture,Loam,6798.98,3
305610,texture,Clay Loam,4967.88,4
305610,texture,Clay,2087.42,5
305610,consistency,Loose,1570.01,1
305610,consistency,Friable,6798.98,2
305610,consistency,Firm,7055.29,3
305610,drainage,Poorly Drained,15424.28,4
305610,reaction,Strongly Acidic,1652.6,2
305610,reaction,Moderately Acidic,5282.2,3
305610,reaction,Neutral,3690.05,4
305610,reaction,Moderately Alkaline,4799.43,5
305610,moisture,Low,3657.43,1
305610,moisture,Medium,10110.55,2
305610,moisture,High,1656.31,3
305610,salinity,Non Saline,15424.28,1
305610,recession,Early,2657.17,2
305610,recession,Normal,11286.48,3
305610,recession,Late,1480.63,4
305610,relief,Level,15424.28,
305454,landtype,High Land,688.52,
305454,landtype,Medium High Land-1,895.86,
305454,landtype,Medium High Land-2,7058.81,
305454,landtype,Medium Low Land,10252,
305454,landtype,Low land,4091.14,
305454,texture,Sand,143.91,1
305454,texture,Loam,2892.45,3
305454,texture,Clay Loam,7352.02,4
305454,texture,Clay,12597.96,5
305454,consistency,Loose,143.91,1
305454,consistency,Friable,6026.82,2
305454,consistency,Firm,16815.61,3
305454,drainage,Imperfectly Drained,688.52,3
305454,drainage,Poorly Drained,21861.93,4
305454,drainage,Very Poorly Drained,435.89,5
305454,reaction,Moderately Acidic,429,3
305454,reaction,Neutral,2238.79,4
305454,reaction,Moderately Alkaline,20318.55,5
305454,moisture,Low,5811.66,1
305454,moisture,Medium,10570.29,2
305454,moisture,High,6168.5,3
305454,moisture,Very High,435.89,4
305454,salinity,Non Saline,22986.34,1
305454,recession,Very Early,688.52,1
305454,recession,Early,16810.75,2
305454,recession,Normal,2493.01,3
305454,recession,Late,2558.18,4
305454,recession,Very Late,435.89,5
305454,relief,Level,22986.34,
305628,landtype,High Land,129.52,
305628,landtype,Medium High Land-1,622.42,
305628,landtype,Medium High Land-2,3952.4,
305628,landtype,Medium Low Land,4818.2,
305628,landtype,Low land,3281.63,
305628,texture,Sandy Loam ,1941.24,2
305628,texture,Loam,3856.03,3
305628,texture,Clay Loam,5949.47,4
305628,texture,Clay,1057.43,5
305628,consistency,Loose,1390.78,1
305628,consistency,Friable,8428.31,2
305628,consistency,Firm,2985.08,3
305628,drainage,Imperfectly Drained,173.54,3
305628,drainage,Poorly Drained,12630.62,4
305628,reaction,Moderately Acidic,4470.86,3
305628,reaction,Neutral,3657.1,4
305628,reaction,Moderately Alkaline,4676.2,5
305628,moisture,Low,2448.21,1
305628,moisture,Medium,9234.89,2
305628,moisture,High,1121.06,3
305628,salinity,Non Saline,12804.16,1
305628,recession,Very Early,129.52,1
305628,recession,Early,9393.01,2
305628,recession,Normal,2268.23,3
305628,recession,Late,1013.41,4
305628,relief,Level,12804.16,
305670,landtype,High Land,314.37,
305670,landtype,Medium High Land-1,496.09,
305670,landtype,Medium High Land-2,3207.78,
305670,landtype,Medium Low Land,4451.3,
305670,landtype,Low land,1285.81,
305670,texture,Sand,171.18,1
305670,texture,Loam,4979.56,3
305670,texture,Clay Loam,4078.05,4
305670,texture,Clay,526.55,5
305670,consistency,Loose,171.18,1
305670,consistency,Friable,4979.56,2
305670,consistency,Firm,4604.6,3
305670,drainage,Imperfectly Drained,314.37,3
305670,drainage,Poorly Drained,9440.98,4
305670,reaction,Strongly Acidic,3854.27,2
305670,reaction,Moderately Acidic,5901.07,3
305670,moisture,Low,697.73,1
305670,moisture,Medium,2469.3,2
305670,moisture,High,6588.32,3
305670,salinity,Non Saline,9755.34,1
305670,recession,Very Early,314.37,1
305670,recession,Early,3703.86,2
305670,recession,Normal,5210.57,3
305670,recession,Late,526.55,4
305670,relief,Level,9755.34,
305646,landtype,High Land,108.02,
305646,landtype,Medium High Land-1,472.96,
305646,landtype,Medium High Land-2,3275.71,
305646,landtype,Medium Low Land,9039.92,
305646,landtype,Low land,2896.38,
305646,landtype,Very Low land,119.77,
305646,texture,Sand,302.34,1
305646,texture,Loam,3771.23,3
305646,texture,Clay Loam,7466.32,4
305646,texture,Clay,4372.89,5
305646,consistency,Loose,302.34,1
305646,consistency,Friable,11117.77,2
305646,consistency,Firm,4492.66,3
305646,drainage,Imperfectly Drained,108.02,3
305646,drainage,Poorly Drained,15684.98,4
305646,drainage,Very Poorly Drained,119.77,5
305646,reaction,Strongly Acidic,913.26,2
305646,reaction,Moderately Acidic,11790.31,3
305646,reaction,Neutral,3209.19,4
305646,moisture,Low,4675.23,1
305646,moisture,Medium,5607.35,2
305646,moisture,High,5510.42,3
305646,moisture,Very High,119.77,4
305646,salinity,Non Saline,15912.77,1
305646,recession,Very Early,108.02,1
305646,recession,Early,3982.78,2
305646,recession,Normal,6362.96,3
305646,recession,Late,5339.24,4
305646,recession,Very Late,119.77,5
305646,relief,Level,15912.77,
305678,landtype,Medium High Land-1,278.66,
305678,landtype,Medium High Land-2,1616.01,
305678,landtype,Medium Low Land,8877.19,
305678,landtype,Low land,1562.37,
305678,texture,Sand,1490.87,1
305678,texture,Sandy Loam ,1623.97,2
305678,texture,Loam,5483.89,3
305678,texture,Clay Loam,2668.68,4
305678,texture,Clay,1066.82,5
305678,consistency,Loose,1490.87,1
305678,consistency,Friable,5234.24,2
305678,consistency,Firm,5609.13,3
305678,drainage,Poorly Drained,12334.23,4
305678,reaction,Moderately Acidic,8366.79,3
305678,reaction,Neutral,3229.43,4
305678,reaction,Moderately Alkaline,738.01,5
305678,moisture,Low,3013.98,1
305678,moisture,Medium,5957.85,2
305678,moisture,High,3362.39,3
305678,salinity,Non Saline,12334.23,1
305678,recession,Very Early,696.48,1
305678,recession,Early,5198.9,2
305678,recession,Normal,6438.85,3
305678,relief,Level,10346.42,
305678,relief,Slightly Undulating,1987.81,
305682,landtype,High Land,375.63,
305682,landtype,Medium High Land-1,1091.46,
305682,landtype,Medium High Land-2,5618.88,
305682,landtype,Medium Low Land,8814.15,
305682,landtype,Low land,2184.04,
305682,texture,Sandy Loam ,34.93,2
305682,texture,Loam,7004.77,3
305682,texture,Clay Loam,11044.46,4
305682,consistency,Friable,13418.16,2
305682,consistency,Firm,4666,3
305682,drainage,Imperfectly Drained,375.63,3
305682,drainage,Poorly Drained,17641.95,4
305682,drainage,Very Poorly Drained,66.58,5
305682,reaction,Strongly Acidic,3320.37,2
305682,reaction,Moderately Acidic,8357.83,3
305682,reaction,Neutral,6405.96,4
305682,moisture,Low,4564.66,1
305682,moisture,Medium,5159.24,2
305682,moisture,High,8293.68,3
305682,moisture,Very High,66.58,4
305682,salinity,Non Saline,18084.16,1
305682,recession,Very Early,375.63,1
305682,recession,Early,6710.34,2
305682,recession,Normal,8915.49,3
305682,recession,Late,2016.12,4
305682,recession,Very Late,66.58,5
305682,relief,Level,18084.16,
305924,landtype,Medium High Land-1,54.18,
305924,landtype,Medium High Land-2,402.26,
305924,landtype,Medium Low Land,5353.87,
305924,landtype,Low land,1448.79,
305924,texture,Sandy Loam ,439.61,2
305924,texture,Loam,966.6,3
305924,texture,Clay Loam,5289.29,4
305924,texture,Clay,563.6,5
305924,consistency,Friable,6695.5,2
305924,consistency,Firm,563.6,3
305924,drainage,Poorly Drained,7259.1,4
305924,reaction,Extremely Acidic,210.6,1
305924,reaction,Strongly Acidic,7048.5,2
305924,moisture,Low,1003.21,1
305924,moisture,Medium,5289.29,2
305924,moisture,High,966.6,3
305924,salinity,Non Saline,7259.1,1
305924,recession,Early,5810.31,2
305924,recession,Normal,1448.79,3
305924,relief,Level,7259.1,
305944,landtype,Medium High Land-1,14.85,
305944,landtype,Medium High Land-2,137.52,
305944,landtype,Medium Low Land,1552.6,
305944,landtype,Low land,6802.06,
305944,texture,Sand,698.89,1
305944,texture,Loam,2193.16,3
305944,texture,Clay Loam,3880.51,4
305944,texture,Clay,1734.46,5
305944,consistency,Loose,698.89,1
305944,consistency,Friable,3008.63,2
305944,consistency,Firm,4799.5,3
305944,drainage,Imperfectly Drained,1119.31,3
305944,drainage,Poorly Drained,7385.47,4
305944,drainage,Very Poorly Drained,2.24,5
305944,reaction,Strongly Acidic,1288.21,2
305944,reaction,Moderately Acidic,4033.32,3
305944,reaction,Neutral,477.24,4
305944,reaction,Moderately Alkaline,2708.26,5
305944,moisture,Low,4992.73,1
305944,moisture,Medium,3342.21,2
305944,moisture,High,172.08,3
305944,salinity,Non Saline,8507.02,1
305944,recession,Early,2500.7,2
305944,recession,Normal,4776.71,3
305944,recession,Late,1227.37,4
305944,recession,Very Late,2.24,5
305944,relief,Level,8507.02,
305956,landtype,High Land,683.6,
305956,landtype,Medium High Land-1,447.63,
305956,landtype,Medium High Land-2,1849.95,
305956,landtype,Medium Low Land,5366.15,
305956,landtype,Low land,2201.42,
305956,texture,Sand,109.35,1
305956,texture,Loam,6688.65,3
305956,texture,Clay Loam,3750.74,4
305956,consistency,Loose,109.35,1
305956,consistency,Friable,8031.75,2
305956,consistency,Firm,2407.64,3
305956,drainage,Imperfectly Drained,683.6,3
305956,drainage,Poorly Drained,9865.14,4
305956,reaction,Extremely Acidic,683.6,1
305956,reaction,Strongly Acidic,6733.47,2
305956,reaction,Moderately Acidic,708.74,3
305956,reaction,Neutral,2366.96,4
305956,reaction,Moderately Alkaline,55.97,5
305956,moisture,Low,2516.99,1
305956,moisture,Medium,3119.93,2
305956,moisture,High,4911.81,3
305956,salinity,Non Saline,10548.74,1
305956,recession,Very Early,683.6,1
305956,recession,Early,2556.68,2
305956,recession,Normal,6220.84,3
305956,recession,Late,1087.62,4
305956,relief,Level,9457.74,
305956,relief,Moderately Undulating,1091,
305974,landtype,High Land,675.22,
305974,landtype,Medium High Land-1,663.87,
305974,landtype,Medium High Land-2,2157.49,
305974,landtype,Medium Low Land,6287.51,
305974,landtype,Low land,4994.71,
305974,landtype,Very Low land,21.25,
305974,texture,Sand,97.36,1
305974,texture,Loam,5287.66,3
305974,texture,Clay Loam,6756.76,4
305974,texture,Clay,2658.28,5
305974,consistency,Loose,97.36,1
305974,consistency,Friable,6065.61,2
305974,consistency,Firm,8637.09,3
305974,drainage,Imperfectly Drained,675.22,3
305974,drainage,Poorly Drained,13388.15,4
305974,drainage,Very Poorly Drained,736.68,5
305974,reaction,Extremely Acidic,2090.74,1
305974,reaction,Strongly Acidic,11257.15,2
305974,reaction,Moderately Acidic,1452.17,3
305974,moisture,Low,7962.22,1
305974,moisture,Medium,1950.93,2
305974,moisture,High,4886.91,3
305974,salinity,Non Saline,14800.06,1
305974,recession,Very Early,675.22,1
305974,recession,Early,3406.67,2
305974,recession,Normal,5528.79,3
305974,recession,Late,4722.89,4
305974,recession,Very Late,466.48,5
305974,relief,Level,14045.37,
305974,relief,Slightly Undulating,754.69,
305984,landtype,Medium High Land-1,31.61,
305984,landtype,Medium High Land-2,169,
305984,landtype,Medium Low Land,4427.5,
305984,landtype,Low land,3629.08,
305984,landtype,Very Low land,5030.89,
305984,texture,Sand,84.12,1
305984,texture,Sandy Loam ,6.6,2
305984,texture,Loam,1380.25,3
305984,texture,Clay Loam,3000.04,4
305984,texture,Clay,8817.09,5
305984,consistency,Loose,84.12,1
305984,consistency,Friable,1442.21,2
305984,consistency,Firm,11761.77,3
305984,drainage,Poorly Drained,8257.2,4
305984,drainage,Very Poorly Drained,5030.89,5
305984,reaction,Strongly Acidic,2423.45,2
305984,reaction,Moderately Acidic,10181.38,3
305984,reaction,Neutral,683.26,4
305984,moisture,Low,10077.46,1
305984,moisture,Medium,1775.02,2
305984,moisture,High,1435.61,3
305984,salinity,Non Saline,13288.09,1
305984,recession,Early,1384.01,2
305984,recession,Normal,3726.75,3
305984,recession,Late,3146.43,4
305984,recession,Very Late,5030.89,5
305984,relief,Level,13288.09,
305994,landtype,High Land,363.88,
305994,landtype,Medium High Land-1,36.49,
305994,landtype,Medium High Land-2,210.27,
305994,landtype,Medium Low Land,2852.4,
305994,landtype,Low land,3533.33,
305994,texture,Sand,271.83,1
305994,texture,Loam,1814.04,3
305994,texture,Clay Loam,2404.82,4
305994,texture,Clay,2505.7,5
305994,consistency,Loose,271.83,1
305994,consistency,Friable,2863.09,2
305994,consistency,Firm,3861.46,3
305994,drainage,Imperfectly Drained,363.88,3
305994,drainage,Poorly Drained,6632.5,4
305994,reaction,Strongly Acidic,4763.76,2
305994,reaction,Moderately Acidic,445.12,3
305994,reaction,Neutral,854.07,4
305994,reaction,Moderately Alkaline,933.43,5
305994,moisture,Low,3328.95,1
305994,moisture,Medium,1853.39,2
305994,moisture,High,1814.04,3
305994,salinity,Non Saline,6996.38,1
305994,recession,Very Early,363.88,1
305994,recession,Early,3099.17,2
305994,recession,Normal,3533.33,3
305994,relief,Level,6412.21,
305994,relief,Slightly Undulating,584.17,
306706,landtype,Medium High Land-1,78.59,
306706,landtype,Medium High Land-2,376,
306706,landtype,Medium Low Land,960.86,
306706,landtype,Low land,496.7,
306706,texture,Loam,591.57,3
306706,texture,Clay Loam,1320.58,4
306706,consistency,Friable,591.57,2
306706,consistency,Firm,1320.58,3
306706,drainage,Poorly Drained,1912.16,4
306706,reaction,Strongly Acidic,1794.55,2
306706,reaction,Moderately Acidic,117.61,3
306706,moisture,Medium,1320.58,2
306706,moisture,High,591.57,3
306706,salinity,Non Saline,1912.16,1
306706,recession,Early,454.59,2
306706,recession,Normal,960.86,3
306706,recession,Late,496.7,4
306706,relief,Level,1912.16,
306702,landtype,High Land,734.86,
306702,landtype,Medium High Land-1,699.8,
306702,landtype,Medium High Land-2,2954.81,
306702,landtype,Medium Low Land,5784.61,
306702,landtype,Low land,2501.32,
306702,landtype,Very Low land,323.58,
306702,texture,Sand,214.8,1
306702,texture,Sandy Loam ,277.63,2
306702,texture,Loam,5138.55,3
306702,texture,Clay Loam,6674.4,4
306702,texture,Clay,693.6,5
306702,consistency,Loose,214.8,1
306702,consistency,Friable,8612.55,2
306702,consistency,Firm,4171.63,3
306702,drainage,Imperfectly Drained,734.86,3
306702,drainage,Poorly Drained,11940.54,4
306702,drainage,Very Poorly Drained,323.58,5
306702,reaction,Strongly Acidic,1021.96,2
306702,reaction,Moderately Acidic,11047.13,3
306702,reaction,Neutral,929.9,4
306702,moisture,Low,2120.07,1
306702,moisture,Medium,7091.95,2
306702,moisture,High,3463.38,3
306702,moisture,Very High,323.58,4
306702,salinity,Non Saline,12998.98,1
306702,recession,Very Early,734.86,1
306702,recession,Early,8092.49,2
306702,recession,Normal,1531,3
306702,recession,Late,2317.05,4
306702,recession,Very Late,323.58,5
306702,relief,Level,12998.98,
306768,landtype,High Land,2367.14,
306768,landtype,Medium High Land-1,351.02,
306768,landtype,Medium High Land-2,2814.37,
306768,landtype,Medium Low Land,3328.46,
306768,landtype,Low land,1513.97,
306768,landtype,Very Low land,1592.82,
306768,texture,Loam,1026.33,3
306768,texture,Clay Loam,5981,4
306768,texture,Clay,4960.46,5
306768,consistency,Friable,3239.78,2
306768,consistency,Firm,8728.01,3
306768,drainage,Well Drained,592.17,1
306768,drainage,Moderately Well Drained,327.29,2
306768,drainage,Imperfectly Drained,1447.67,3
306768,drainage,Poorly Drained,9063.46,4
306768,drainage,Very Poorly Drained,537.19,5
306768,reaction,Strongly Acidic,4417.77,2
306768,reaction,Moderately Acidic,7550.02,3
306768,moisture,Low,6891.77,1
306768,moisture,Medium,4360.11,2
306768,moisture,High,715.91,3
306768,salinity,Non Saline,11967.79,1
306768,recession,Very Early,2367.14,1
306768,recession,Early,3165.39,2
306768,recession,Normal,3328.46,3
306768,recession,Late,1909.75,4
306768,recession,Very Late,1197.04,5
306768,relief,Level,11967.79,
306704,landtype,High Land,940.81,
306704,landtype,Medium High Land-1,457.33,
306704,landtype,Medium High Land-2,1805.53,
306704,landtype,Medium Low Land,5928.93,
306704,landtype,Low land,3087.17,
306704,texture,Sand,195.72,1
306704,texture,Sandy Loam ,465.86,2
306704,texture,Loam,4026.77,3
306704,texture,Clay Loam,2815.61,4
306704,texture,Clay,4715.82,5
306704,consistency,Loose,195.72,1
306704,consistency,Friable,4410.73,2
306704,consistency,Firm,7613.33,3
306704,drainage,Moderately Well Drained,241.21,2
306704,drainage,Imperfectly Drained,699.6,3
306704,drainage,Poorly Drained,11226.44,4
306704,drainage,Very Poorly Drained,52.53,5
306704,reaction,Strongly Acidic,8417.11,2
306704,reaction,Moderately Acidic,3736.58,3
306704,reaction,Neutral,66.09,4
306704,moisture,Low,2048.58,1
306704,moisture,Medium,4833.91,2
306704,moisture,High,5284.76,3
306704,moisture,Very High,52.53,4
306704,salinity,Non Saline,12219.79,1
306704,recession,Very Early,940.81,1
306704,recession,Early,4495.82,2
306704,recession,Normal,4802.64,3
306704,recession,Late,1927.98,4
306704,recession,Very Late,52.53,5
306704,relief,Level,10687.02,
306704,relief,Slightly Undulating,1532.76,
306807,landtype,High Land,3813.79,
306807,landtype,Medium High Land-1,652.43,
306807,landtype,Medium High Land-2,3577.81,
306807,landtype,Medium Low Land,1751.15,
306807,landtype,Low land,168.47,
306807,texture,Loam,2389.43,3
306807,texture,Clay Loam,6490.21,4
306807,texture,Clay,1084.01,5
306807,consistency,Friable,5881.74,2
306807,consistency,Firm,4081.9,3
306807,drainage,Well Drained,1708.88,1
306807,drainage,Moderately Well Drained,750.12,2
306807,drainage,Imperfectly Drained,1354.79,3
306807,drainage,Poorly Drained,6095,4
306807,drainage,Very Poorly Drained,54.86,5
306807,reaction,Strongly Acidic,6768.2,2
306807,reaction,Moderately Acidic,3195.45,3
306807,moisture,Low,2588.92,1
306807,moisture,Medium,1987.4,2
306807,moisture,High,5332.47,3
306807,moisture,Very High,54.86,4
306807,salinity,Non Saline,9963.65,1
306807,recession,Very Early,3813.79,1
306807,recession,Early,4450.13,2
306807,recession,Normal,1366.34,3
306807,recession,Late,278.52,4
306807,recession,Very Late,54.86,5
306807,relief,Level,8900.24,
306807,relief,Slightly Undulating,1063.41,
306852,landtype,High Land,3528.98,
306852,landtype,Medium High Land-1,1005.77,
306852,landtype,Medium High Land-2,5468.12,
306852,landtype,Medium Low Land,4114.58,
306852,landtype,Low land,1508.58,
306852,texture,Sandy Loam ,524.17,2
306852,texture,Loam,10142.55,3
306852,texture,Clay Loam,4363.41,4
306852,texture,Clay,595.89,5
306852,consistency,Loose,524.17,1
306852,consistency,Friable,12163.48,2
306852,consistency,Firm,2938.37,3
306852,drainage,Moderately Well Drained,731.91,2
306852,drainage,Imperfectly Drained,2797.07,3
306852,drainage,Poorly Drained,11811.34,4
306852,drainage,Very Poorly Drained,285.71,5
306852,reaction,Strongly Acidic,9429.01,2
306852,reaction,Moderately Acidic,4522.46,3
306852,reaction,Neutral,1674.55,4
306852,moisture,Low,1241.77,1
306852,moisture,Medium,4159.56,2
306852,moisture,High,9938.98,3
306852,moisture,Very High,285.71,4
306852,salinity,Non Saline,15626.02,1
306852,recession,Very Early,3528.98,1
306852,recession,Early,6473.89,2
306852,recession,Normal,4114.58,3
306852,recession,Late,1222.88,4
306852,recession,Very Late,285.71,5
306852,relief,Level,14764.6,
306852,relief,Slightly Undulating,861.42,
306860,landtype,High Land,1077.94,
306860,landtype,Medium High Land-1,605.46,
306860,landtype,Medium High Land-2,3607.12,
306860,landtype,Medium Low Land,4226.67,
306860,landtype,Low land,6259.99,
306860,landtype,Very Low land,921.73,
306860,texture,Sandy Loam ,365.52,2
306860,texture,Loam,10625.95,3
306860,texture,Clay Loam,604.29,4
306860,texture,Clay,5103.15,5
306860,consistency,Friable,11179.19,2
306860,consistency,Firm,5519.72,3
306860,drainage,Moderately Well Drained,187.72,2
306860,drainage,Imperfectly Drained,890.23,3
306860,drainage,Poorly Drained,14699.24,4
306860,drainage,Very Poorly Drained,921.73,5
306860,reaction,Extremely Acidic,1427.3,1
306860,reaction,Strongly Acidic,11924.58,2
306860,reaction,Moderately Acidic,3347.04,3
306860,moisture,Low,1331.67,1
306860,moisture,Medium,4247.08,2
306860,moisture,High,10198.43,3
306860,moisture,Very High,921.73,4
306860,salinity,Non Saline,16698.91,1
306860,recession,Very Early,1077.94,1
306860,recession,Early,6245.12,2
306860,recession,Normal,4849.39,3
306860,recession,Late,3604.73,4
306860,recession,Very Late,921.73,5
306860,relief,Level,15914.09,
306860,relief,Slightly Undulating,784.82,
306863,landtype,High Land,1179.39,
306863,landtype,Medium High Land-1,385.94,
306863,landtype,Medium High Land-2,1936.05,
306863,landtype,Medium Low Land,1349.95,
306863,landtype,Low land,1306.8,
306863,texture,Loam,1690.46,3
306863,texture,Clay Loam,2247.88,4
306863,texture,Clay,2219.79,5
306863,consistency,Friable,2015.02,2
306863,consistency,Firm,4143.12,3
306863,drainage,Well Drained,8.8,1
306863,drainage,Moderately Well Drained,21.69,2
306863,drainage,Imperfectly Drained,1148.9,3
306863,drainage,Poorly Drained,4961.82,4
306863,drainage,Very Poorly Drained,16.93,5
306863,reaction,Extremely Acidic,175.69,1
306863,reaction,Strongly Acidic,3559.39,2
306863,reaction,Moderately Acidic,2423.06,3
306863,moisture,Low,2254.36,1
306863,moisture,Medium,2358.64,2
306863,moisture,High,1528.2,3
306863,moisture,Very High,16.93,4
306863,salinity,Non Saline,6158.14,1
306863,recession,Very Early,1179.39,1
306863,recession,Early,2557.23,2
306863,recession,Normal,1114.71,3
306863,recession,Late,1306.8,4
306863,relief,Level,4043.12,
306863,relief,Slightly Undulating,2115.01,
306864,landtype,High Land,1528.81,
306864,landtype,Medium High Land-1,624.49,
306864,landtype,Medium High Land-2,4984.53,
306864,landtype,Medium Low Land,8454.89,
306864,landtype,Low land,4428.08,
306864,texture,Sandy Loam ,1325.11,2
306864,texture,Loam,12914.63,3
306864,texture,Clay Loam,5769.61,4
306864,texture,Clay,11.45,5
306864,consistency,Friable,14460.68,2
306864,consistency,Firm,5560.12,3
306864,drainage,Well Drained,210.65,1
306864,drainage,Moderately Well Drained,10.29,2
306864,drainage,Imperfectly Drained,1307.87,3
306864,drainage,Poorly Drained,16744.76,4
306864,drainage,Very Poorly Drained,1747.23,5
306864,reaction,Strongly Acidic,15603.54,2
306864,reaction,Moderately Acidic,4417.26,3
306864,moisture,Low,3148,1
306864,moisture,Medium,5822.07,2
306864,moisture,High,9303.5,3
306864,moisture,Very High,1747.23,4
306864,salinity,Non Saline,20020.8,1
306864,recession,Very Early,1528.81,1
306864,recession,Early,5609.02,2
306864,recession,Normal,8438.92,3
306864,recession,Late,2696.82,4
306864,recession,Very Late,1747.23,5
306864,relief,Level,19486.12,
306864,relief,Slightly Undulating,534.68,
306876,landtype,High Land,6030.34,
306876,landtype,Medium High Land-1,1030.11,
306876,landtype,Medium High Land-2,6202.03,
306876,landtype,Medium Low Land,3618.37,
306876,landtype,Low land,1609.73,
306876,texture,Loam,3427.34,3
306876,texture,Clay Loam,10111.55,4
306876,texture,Clay,4951.69,5
306876,consistency,Friable,6333.88,2
306876,consistency,Firm,12156.7,3
306876,drainage,Well Drained,2792.45,1
306876,drainage,Moderately Well Drained,1689.16,2
306876,drainage,Imperfectly Drained,1548.73,3
306876,drainage,Poorly Drained,12329.17,4
306876,drainage,Very Poorly Drained,131.07,5
306876,reaction,Strongly Acidic,10220.64,2
306876,reaction,Moderately Acidic,8269.94,3
306876,moisture,Low,3328.41,1
306876,moisture,Medium,6913.15,2
306876,moisture,High,8117.95,3
306876,moisture,Very High,131.07,4
306876,salinity,Non Saline,18490.58,1
306876,recession,Very Early,6030.34,1
306876,recession,Early,7377.48,2
306876,recession,Normal,3473.02,3
306876,recession,Late,1478.66,4
306876,recession,Very Late,131.07,5
306876,relief,Level,18490.58,
308207,landtype,High Land,2103.53,
308207,landtype,Medium High Land-1,295.57,
308207,landtype,Medium High Land-2,3422.19,
308207,landtype,Medium Low Land,4040.22,
308207,landtype,Low land,5550,
308207,landtype,Very Low land,1332.1,
308207,texture,Loam,3430.4,3
308207,texture,Clay Loam,5507.11,4
308207,texture,Clay,7806.11,5
308207,consistency,Friable,6348.1,2
308207,consistency,Firm,10395.52,3
308207,drainage,Imperfectly Drained,2103.53,3
308207,drainage,Poorly Drained,13307.99,4
308207,drainage,Very Poorly Drained,1332.1,5
308207,reaction,Moderately Alkaline,16743.62,5
308207,moisture,Low,5999.32,1
308207,moisture,Medium,3813.74,2
308207,moisture,High,5598.46,3
308207,moisture,Very High,1332.1,4
308207,salinity,Non Saline,16743.62,1
308207,recession,Very Early,2103.53,1
308207,recession,Early,5216.39,2
308207,recession,Normal,2541.6,3
308207,recession,Late,5550,4
308207,recession,Very Late,1332.1,5
308207,relief,Level,16320.32,
308207,relief,Slightly Undulating,423.3,
308247,landtype,High Land,2390.65,
308247,landtype,Medium High Land-1,918.98,
308247,landtype,Medium High Land-2,8875.76,
308247,landtype,Medium Low Land,2563.45,
308247,landtype,Low land,199.99,
308247,texture,Loam,5407.29,3
308247,texture,Clay Loam,2618.62,4
308247,texture,Clay,6922.91,5
308247,consistency,Friable,7909.61,2
308247,consistency,Firm,7039.21,3
308247,drainage,Imperfectly Drained,2293.75,3
308247,drainage,Poorly Drained,12571.37,4
308247,drainage,Very Poorly Drained,83.7,5
308247,reaction,Moderately Alkaline,14948.82,5
308247,moisture,Low,3205.17,1
308247,moisture,Medium,5617.94,2
308247,moisture,High,6125.71,3
308247,salinity,Non Saline,14948.82,1
308247,recession,Very Early,2771.33,1
308247,recession,Early,7804.03,2
308247,recession,Normal,2604.47,3
308247,recession,Late,1625.56,4
308247,recession,Very Late,143.43,5
308247,relief,Level,14948.82,
308273,landtype,High Land,4461.37,
308273,landtype,Medium High Land-1,757.2,
308273,landtype,Medium High Land-2,12403.02,
308273,landtype,Medium Low Land,3383.89,
308273,landtype,Low land,345.01,
308273,texture,Sand,72.1,1
308273,texture,Sandy Loam ,133.78,2
308273,texture,Loam,9095.75,3
308273,texture,Clay Loam,3619.03,4
308273,texture,Clay,8429.84,5
308273,consistency,Loose,72.1,1
308273,consistency,Friable,12838.96,2
308273,consistency,Firm,8439.45,3
308273,drainage,Imperfectly Drained,4461.37,3
308273,drainage,Poorly Drained,16426.69,4
308273,drainage,Very Poorly Drained,462.44,5
308273,reaction,Neutral,218.07,4
308273,reaction,Moderately Alkaline,21132.43,5
308273,moisture,Low,3194.22,1
308273,moisture,Medium,6356,2
308273,moisture,High,11337.84,3
308273,moisture,Very High,462.44,4
308273,salinity,Non Saline,21350.5,1
308273,recession,Very Early,4870.9,1
308273,recession,Early,12558.51,2
308273,recession,Normal,1609.29,3
308273,recession,Late,1849.36,4
308273,recession,Very Late,462.44,5
308273,relief,Level,21350.5,
308625,landtype,High Land,1508.63,
308625,landtype,Medium High Land-1,101.13,
308625,landtype,Medium High Land-2,3001.87,
308625,landtype,Medium Low Land,1863.79,
308625,landtype,Low land,301.97,
308625,texture,Loam,4847.99,3
308625,texture,Clay Loam,1302.3,4
308625,texture,Clay,627.11,5
308625,consistency,Friable,4847.99,2
308625,consistency,Firm,1929.4,3
308625,drainage,Imperfectly Drained,1964.52,3
308625,drainage,Poorly Drained,4812.87,4
308625,reaction,Moderately Acidic,1427.53,3
308625,reaction,Neutral,1719.3,4
308625,reaction,Moderately Alkaline,3630.56,5
308625,moisture,Low,1121.48,1
308625,moisture,Medium,1567.12,2
308625,moisture,High,4088.79,3
308625,salinity,Non Saline,6777.39,1
308625,recession,Very Early,1508.63,1
308625,recession,Early,3103,2
308625,recession,Normal,1863.79,3
308625,recession,Late,301.97,4
308625,relief,Level,6777.39,
308276,landtype,High Land,5703.28,
308276,landtype,Medium High Land-1,1084.83,
308276,landtype,Medium High Land-2,12908.3,
308276,landtype,Medium Low Land,3100.03,
308276,landtype,Low land,1607.66,
308276,texture,Loam,7655.64,3
308276,texture,Clay Loam,5696.79,4
308276,texture,Clay,11051.66,5
308276,consistency,Friable,13352.43,2
308276,consistency,Firm,11051.66,3
308276,drainage,Imperfectly Drained,5703.28,3
308276,drainage,Poorly Drained,18150.59,4
308276,drainage,Very Poorly Drained,550.23,5
308276,reaction,Neutral,681.31,4
308276,reaction,Moderately Alkaline,23722.78,5
308276,moisture,Low,2601.01,1
308276,moisture,Medium,10565.98,2
308276,moisture,High,10686.88,3
308276,moisture,Very High,550.23,4
308276,salinity,Non Saline,24404.09,1
308276,recession,Very Early,5703.28,1
308276,recession,Early,12921.43,2
308276,recession,Normal,3699.84,3
308276,recession,Late,1529.31,4
308276,recession,Very Late,550.23,5
308276,relief,Level,24404.09,
308636,landtype,High Land,1235.95,
308636,landtype,Medium High Land-1,57.49,
308636,landtype,Medium High Land-2,5296.63,
308636,landtype,Medium Low Land,4724.13,
308636,landtype,Low land,424.11,
308636,texture,Sand,1268.46,1
308636,texture,Loam,8472.54,3
308636,texture,Clay Loam,1084.95,4
308636,texture,Clay,912.35,5
308636,consistency,Loose,1268.46,1
308636,consistency,Friable,8472.54,2
308636,consistency,Firm,1997.3,3
308636,drainage,Imperfectly Drained,1235.95,3
308636,drainage,Poorly Drained,10502.36,4
308636,reaction,Moderately Acidic,136.86,3
308636,reaction,Neutral,4312.14,4
308636,reaction,Moderately Alkaline,7289.3,5
308636,moisture,Low,3265.76,1
308636,moisture,Medium,2685.53,2
308636,moisture,High,5787.01,3
308636,salinity,Non Saline,11738.31,1
308636,recession,Very Early,1235.95,1
308636,recession,Early,5354.12,2
308636,recession,Normal,4724.13,3
308636,recession,Late,424.11,4
308636,relief,Level,11738.31,
308614,landtype,Medium High Land-1,4540.68,
308614,landtype,Medium High Land-2,4772.9,
308614,landtype,Medium Low Land,4648.92,
308614,landtype,Low land,2526.55,
308614,texture,Loam,10342.32,3
308614,texture,Clay Loam,6004.3,4
308614,texture,Clay,142.44,5
308614,consistency,Friable,10342.32,2
308614,consistency,Firm,6146.73,3
308614,drainage,Poorly Drained,16489.05,4
308614,reaction,Moderately Acidic,245.49,3
308614,reaction,Neutral,861.53,4
308614,reaction,Moderately Alkaline,15382.03,5
308614,moisture,Low,572.94,1
308614,moisture,Medium,6251.15,2
308614,moisture,High,9664.95,3
308614,salinity,Non Saline,16489.05,1
308614,recession,Early,11098.92,2
308614,recession,Normal,4817.19,3
308614,recession,Late,572.94,4
308614,relief,Level,16489.05,
308665,landtype,High Land,163.84,
308665,landtype,Medium High Land-1,92.24,
308665,landtype,Medium High Land-2,2988.89,
308665,landtype,Medium Low Land,5616.99,
308665,landtype,Low land,5488.07,
308665,texture,Sandy Loam ,948.81,2
308665,texture,Loam,5780.25,3
308665,texture,Clay Loam,4858.38,4
308665,texture,Clay,2762.58,5
308665,consistency,Friable,6729.06,2
308665,consistency,Firm,7620.96,3
308665,drainage,Imperfectly Drained,163.84,3
308665,drainage,Poorly Drained,14186.18,4
308665,reaction,Neutral,5298.23,4
308665,reaction,Moderately Alkaline,9051.79,5
308665,moisture,Low,3323.06,1
308665,moisture,Medium,9487.51,2
308665,moisture,High,1539.45,3
308665,salinity,Non Saline,14350.02,1
308665,recession,Very Early,163.84,1
308665,recession,Early,4041.76,2
308665,recession,Normal,6758.59,3
308665,recession,Late,3385.83,4
308665,relief,Level,14350.02,
308669,landtype,Medium High Land-1,331.33,
308669,landtype,Medium High Land-2,2670.89,
308669,landtype,Medium Low Land,7823.57,
308669,landtype,Low land,2749.22,
308669,texture,Sand,16.89,1
308669,texture,Loam,423.06,3
308669,texture,Clay Loam,1461.54,4
308669,texture,Clay,11673.52,5
308669,consistency,Loose,16.89,1
308669,consistency,Friable,1884.6,2
308669,consistency,Firm,11673.52,3
308669,drainage,Poorly Drained,13575,4
308669,reaction,Neutral,6932.36,4
308669,reaction,Moderately Alkaline,6642.64,5
308669,moisture,Low,4784.74,1
308669,moisture,Medium,6905.67,2
308669,moisture,High,1884.6,3
308669,salinity,Non Saline,8861.39,1
308669,salinity,Very Slightly Saline,4713.61,2
308669,recession,Early,3064.99,2
308669,recession,Normal,7760.8,3
308669,recession,Late,2749.22,4
308669,relief,Level,13575,
308694,landtype,High Land,51.95,
308694,landtype,Medium High Land-1,551.5,
308694,landtype,Medium High Land-2,4398.96,
308694,landtype,Medium Low Land,5962.55,
308694,landtype,Low land,1237.46,
308694,texture,Sand,674.08,1
308694,texture,Loam,6874.79,3
308694,texture,Clay Loam,4341.9,4
308694,texture,Clay,311.65,5
308694,consistency,Loose,674.08,1
308694,consistency,Friable,10104,2
308694,consistency,Firm,1424.34,3
308694,drainage,Imperfectly Drained,51.95,3
308694,drainage,Poorly Drained,12150.47,4
308694,reaction,Neutral,872.43,4
308694,reaction,Moderately Alkaline,11329.98,5
308694,moisture,Low,1903.54,1
308694,moisture,Medium,7143.44,2
308694,moisture,High,3155.43,3
308694,salinity,Non Saline,11657.43,1
308694,salinity,Very Slightly Saline,544.99,2
308694,recession,Very Early,51.95,1
308694,recession,Early,8534.23,2
308694,recession,Normal,3304.58,3
308694,recession,Late,311.65,4
308694,relief,Level,12202.42,
309309,landtype,Medium High Land-1,951.6,
309309,landtype,Medium High Land-2,2930.06,
309309,landtype,Medium Low Land,2493.12,
309309,landtype,Low land,5620.32,
309309,landtype,Very Low land,1344.19,
309309,texture,Loam,3881.66,3
309309,texture,Clay Loam,1977.2,4
309309,texture,Clay,7480.44,5
309309,consistency,Friable,5858.86,2
309309,consistency,Firm,7480.44,3
309309,drainage,Poorly Drained,11995.11,4
309309,drainage,Very Poorly Drained,1344.19,5
309309,reaction,Strongly Acidic,756.28,2
309309,reaction,Moderately Acidic,12185.83,3
309309,reaction,Neutral,397.19,4
309309,moisture,Low,6136.24,1
309309,moisture,Medium,2081.68,2
309309,moisture,High,3777.18,3
309309,moisture,Very High,1344.19,4
309309,salinity,Non Saline,13339.3,1
309309,recession,Early,3881.66,2
309309,recession,Normal,2493.12,3
309309,recession,Late,5620.32,4
309309,recession,Very Late,1344.19,5
309309,relief,Level,13339.3,
309323,landtype,Medium High Land-1,1496.05,
309323,landtype,Medium High Land-2,6322.18,
309323,landtype,Medium Low Land,3828.3,
309323,landtype,Low land,197.1,
309323,texture,Sand,316.84,1
309323,texture,Loam,6044.67,3
309323,texture,Clay Loam,5285.01,4
309323,texture,Clay,197.1,5
309323,consistency,Loose,316.84,1
309323,consistency,Friable,6044.67,2
309323,consistency,Firm,5482.11,3
309323,drainage,Poorly Drained,11843.63,4
309323,reaction,Strongly Acidic,7583.21,2
309323,reaction,Moderately Acidic,3232.1,3
309323,reaction,Neutral,745.77,4
309323,reaction,Moderately Alkaline,282.55,5
309323,moisture,Low,513.95,1
309323,moisture,Medium,5911.41,2
309323,moisture,High,5418.28,3
309323,salinity,Non Saline,11843.63,1
309323,recession,Early,5735.12,2
309323,recession,Normal,5911.41,3
309323,recession,Late,197.1,4
309323,relief,Level,11843.63,
309319,landtype,Medium High Land-1,705.68,
309319,landtype,Medium High Land-2,8843.22,
309319,landtype,Medium Low Land,6773.76,
309319,landtype,Low land,1421.95,
309319,landtype,Very Low land,77.57,
309319,texture,Sand,2413.87,1
309319,texture,Loam,12073.79,3
309319,texture,Clay Loam,2828.04,4
309319,texture,Clay,506.47,5
309319,consistency,Loose,2413.87,1
309319,consistency,Friable,12073.79,2
309319,consistency,Firm,3334.51,3
309319,drainage,Poorly Drained,17744.6,4
309319,drainage,Very Poorly Drained,77.57,5
309319,reaction,Strongly Acidic,2082.28,2
309319,reaction,Moderately Acidic,3699.6,3
309319,reaction,Neutral,2994.61,4
309319,reaction,Moderately Alkaline,9045.69,5
309319,moisture,Low,3006.08,1
309319,moisture,Medium,1527.47,2
309319,moisture,High,13211.05,3
309319,moisture,Very High,77.57,4
309319,salinity,Non Saline,17822.17,1
309319,recession,Early,9548.9,2
309319,recession,Normal,7914.24,3
309319,recession,Late,281.46,4
309319,recession,Very Late,77.57,5
309319,relief,Level,17822.17,
309325,landtype,High Land,255.5,
309325,landtype,Medium High Land-1,1496.36,
309325,landtype,Medium High Land-2,6381.09,
309325,landtype,Medium Low Land,3115.98,
309325,landtype,Low land,244.88,
309325,landtype,Very Low land,23.29,
309325,texture,Loam,5805.27,3
309325,texture,Clay Loam,4971.06,4
309325,texture,Clay,740.77,5
309325,consistency,Friable,10361.65,2
309325,consistency,Firm,1155.46,3
309325,drainage,Moderately Well Drained,28.21,2
309325,drainage,Imperfectly Drained,227.29,3
309325,drainage,Poorly Drained,11238.31,4
309325,drainage,Very Poorly Drained,23.29,5
309325,reaction,Strongly Acidic,6258.64,2
309325,reaction,Moderately Acidic,5258.47,3
309325,moisture,Low,1190.18,1
309325,moisture,Medium,4498.36,2
309325,moisture,High,5805.27,3
309325,moisture,Very High,23.29,4
309325,salinity,Non Saline,11517.1,1
309325,recession,Very Early,255.5,1
309325,recession,Early,7877.44,2
309325,recession,Normal,2228.7,3
309325,recession,Late,1132.16,4
309325,recession,Very Late,23.29,5
309325,relief,Level,11430.88,
309325,relief,Slightly Undulating,86.23,
309328,landtype,High Land,15058.98,
309328,landtype,Medium High Land-1,2277.22,
309328,landtype,Medium High Land-2,10096.78,
309328,landtype,Medium Low Land,9755.4,
309328,landtype,Low land,4845.39,
309328,texture,Loam,5354.83,3
309328,texture,Clay Loam,33487.53,4
309328,texture,Clay,3191.41,5
309328,consistency,Friable,24645.55,2
309328,consistency,Firm,17388.21,3
309328,drainage,Well Drained,9375.82,1
309328,drainage,Moderately Well Drained,4508.05,2
309328,drainage,Imperfectly Drained,1175.12,3
309328,drainage,Poorly Drained,26240.32,4
309328,drainage,Very Poorly Drained,734.46,5
309328,reaction,Strongly Acidic,33121.3,2
309328,reaction,Moderately Acidic,8912.46,3
309328,moisture,Low,16166.95,1
309328,moisture,Medium,19386.12,2
309328,moisture,High,5746.23,3
309328,moisture,Very High,734.46,4
309328,salinity,Non Saline,42033.76,1
309328,recession,Very Early,15058.98,1
309328,recession,Early,12374,2
309328,recession,Normal,10070.68,3
309328,recession,Late,3795.64,4
309328,recession,Very Late,734.46,5
309328,relief,Level,22614.97,
309328,relief,Slightly Undulating,19418.8,
309338,landtype,High Land,70.82,
309338,landtype,Medium High Land-1,963.15,
309338,landtype,Medium High Land-2,3801.42,
309338,landtype,Medium Low Land,6721.53,
309338,landtype,Low land,1725.05,
309338,texture,Sand,89.5,1
309338,texture,Loam,4853.98,3
309338,texture,Clay Loam,7959.5,4
309338,texture,Clay,378.99,5
309338,consistency,Loose,89.5,1
309338,consistency,Friable,4853.98,2
309338,consistency,Firm,8338.5,3
309338,drainage,Imperfectly Drained,70.82,3
309338,drainage,Poorly Drained,13211.15,4
309338,reaction,Strongly Acidic,10565.03,2
309338,reaction,Moderately Acidic,2716.94,3
309338,moisture,Low,3608.65,1
309338,moisture,Medium,5339.95,2
309338,moisture,High,4333.37,3
309338,salinity,Non Saline,11343.09,1
309338,salinity,Very Slightly Saline,41.67,2
309338,salinity,Slightly Saline,1897.22,3
309338,recession,Very Early,70.82,1
309338,recession,Early,4764.57,2
309338,recession,Normal,5946.77,3
309338,recession,Late,2120.82,4
309338,recession,Very Late,378.99,5
309338,relief,Level,12297.33,
309338,relief,Slightly Undulating,984.64,
309347,landtype,High Land,2992.43,
309347,landtype,Medium High Land-1,1904.01,
309347,landtype,Medium High Land-2,10813.82,
309347,landtype,Medium Low Land,4415.35,
309347,landtype,Low land,1525.11,
309347,landtype,Very Low land,229.27,
309347,texture,Sand,447.98,1
309347,texture,Loam,9930.59,3
309347,texture,Clay Loam,9059.41,4
309347,texture,Clay,2442,5
309347,consistency,Loose,447.98,1
309347,consistency,Friable,10186.07,2
309347,consistency,Firm,11245.94,3
309347,drainage,Well Drained,107.93,1
309347,drainage,Moderately Well Drained,102.64,2
309347,drainage,Imperfectly Drained,2781.86,3
309347,drainage,Poorly Drained,18658.29,4
309347,drainage,Very Poorly Drained,229.27,5
309347,reaction,Strongly Acidic,19294.28,2
309347,reaction,Moderately Acidic,1541.24,3
309347,reaction,Neutral,1044.47,4
309347,moisture,Low,3476.65,1
309347,moisture,Medium,1453.57,2
309347,moisture,High,16720.5,3
309347,moisture,Very High,229.27,4
309347,salinity,Non Saline,21879.99,1
309347,recession,Very Early,21879.99,1
309347,relief,Level,2992.43,
309347,relief,Slightly Undulating,13762.3,
309347,relief,Moderately Undulating,3370.88,
309347,relief,Undulating,1525.11,
309347,relief,Sloppy,229.27,
309376,landtype,High Land,602.36,
309376,landtype,Medium High Land-1,2218.15,
309376,landtype,Medium High Land-2,9231.02,
309376,landtype,Medium Low Land,7308.37,
309376,landtype,Low land,1184.99,
309376,landtype,Very Low land,88.05,
309376,texture,Sand,660.74,1
309376,texture,Loam,10305.67,3
309376,texture,Clay Loam,8095.9,4
309376,texture,Clay,1570.65,5
309376,consistency,Loose,1218.82,1
309376,consistency,Friable,9747.58,2
309376,consistency,Firm,9666.55,3
309376,drainage,Imperfectly Drained,602.36,3
309376,drainage,Poorly Drained,19942.54,4
309376,drainage,Very Poorly Drained,88.05,5
309376,reaction,Strongly Acidic,1652.06,2
309376,reaction,Moderately Acidic,18892.84,3
309376,reaction,Neutral,88.05,4
309376,moisture,Low,2143.34,1
309376,moisture,Medium,5742.18,2
309376,moisture,High,12659.38,3
309376,moisture,Very High,88.05,4
309376,salinity,Non Saline,20632.95,1
309376,recession,Very Early,602.36,1
309376,recession,Early,11449.17,2
309376,recession,Normal,7308.37,3
309376,recession,Late,1184.99,4
309376,recession,Very Late,88.05,5
309376,relief,Level,20632.95,
309366,landtype,High Land,7383.91,
309366,landtype,Medium High Land-1,2627.01,
309366,landtype,Medium High Land-2,8502.72,
309366,landtype,Medium Low Land,9217.13,
309366,landtype,Low land,4797.97,
309366,landtype,Very Low land,14.89,
309366,texture,Sand,27.03,1
309366,texture,Loam,9059.15,3
309366,texture,Clay Loam,18904.72,4
309366,texture,Clay,4552.72,5
309366,consistency,Loose,27.03,1
309366,consistency,Friable,16510.63,2
309366,consistency,Firm,16005.96,3
309366,drainage,Moderately Well Drained,7086.78,2
309366,drainage,Imperfectly Drained,297.12,3
309366,drainage,Poorly Drained,24265.99,4
309366,drainage,Very Poorly Drained,893.72,5
309366,reaction,Strongly Acidic,32208.07,2
309366,reaction,Moderately Alkaline,335.55,5
309366,moisture,Low,11600.47,1
309366,moisture,Medium,10990.28,2
309366,moisture,High,9059.15,3
309366,moisture,Very High,893.72,4
309366,salinity,Non Saline,32543.62,1
309366,recession,Very Early,7383.91,1
309366,recession,Early,11129.73,2
309366,recession,Normal,9217.13,3
309366,recession,Late,3919.14,4
309366,recession,Very Late,893.72,5
309366,relief,Level,27506.56,
309366,relief,Slightly Undulating,5037.06,
309357,landtype,High Land,10174.85,
309357,landtype,Medium High Land-1,1774.9,
309357,landtype,Medium High Land-2,7974.99,
309357,landtype,Medium Low Land,4570.37,
309357,landtype,Low land,850.91,
309357,texture,Loam,2135.53,3
309357,texture,Clay Loam,19084.14,4
309357,texture,Clay,4126.35,5
309357,consistency,Friable,20750.21,2
309357,consistency,Firm,4595.8,3
309357,drainage,Well Drained,6864.21,1
309357,drainage,Moderately Well Drained,1575.44,2
309357,drainage,Imperfectly Drained,1735.2,3
309357,drainage,Poorly Drained,15081.61,4
309357,drainage,Very Poorly Drained,89.55,5
309357,reaction,Strongly Acidic,10990.16,2
309357,reaction,Moderately Acidic,14355.85,3
309357,moisture,Low,10179.3,1
309357,moisture,Medium,8781.98,2
309357,moisture,High,6295.18,3
309357,moisture,Very High,89.55,4
309357,salinity,Non Saline,25346.01,1
309357,recession,Very Early,10174.85,1
309357,recession,Early,9749.89,2
309357,recession,Normal,3583.94,3
309357,recession,Late,1747.78,4
309357,recession,Very Late,89.55,5
309357,relief,Level,25346.01,
309395,landtype,High Land,538.67,
309395,landtype,Medium High Land-1,1132.75,
309395,landtype,Medium High Land-2,7089.25,
309395,landtype,Medium Low Land,7591.49,
309395,landtype,Low land,2178.52,
309395,texture,Sand,2662.22,1
309395,texture,Loam,13277.11,3
309395,texture,Clay Loam,2591.35,4
309395,consistency,Loose,2662.22,1
309395,consistency,Friable,13277.11,2
309395,consistency,Firm,2591.35,3
309395,drainage,Imperfectly Drained,538.67,3
309395,drainage,Poorly Drained,17992.01,4
309395,reaction,Moderately Acidic,1524.74,3
309395,reaction,Neutral,7431.12,4
309395,reaction,Moderately Alkaline,9574.82,5
309395,moisture,Low,3113.44,1
309395,moisture,Medium,985.06,2
309395,moisture,High,14432.18,3
309395,salinity,Non Saline,18530.68,1
309395,recession,Very Early,711.7,1
309395,recession,Early,8669.05,2
309395,recession,Normal,6971.41,3
309395,recession,Late,2178.52,4
309395,relief,Level,18530.68,
400114,landtype,Medium High Land-1,1814.79,
400114,landtype,Medium High Land-2,5458.44,
400114,landtype,Medium Low Land,7055.76,
400114,landtype,Low land,1175.95,
400114,texture,Loam,1510.53,3
400114,texture,Clay Loam,2293.84,4
400114,texture,Clay,11700.57,5
400114,consistency,Friable,2219.25,2
400114,consistency,Firm,13285.69,3
400114,drainage,Poorly Drained,9597.96,4
400114,drainage,Very Poorly Drained,5906.98,5
400114,reaction,Strongly Acidic,2395.08,2
400114,reaction,Moderately Acidic,3986.45,3
400114,reaction,Neutral,3084.27,4
400114,reaction,Moderately Alkaline,6039.14,5
400114,moisture,Low,1725.6,1
400114,moisture,Medium,5703.98,2
400114,moisture,High,2168.38,3
400114,moisture,Very High,5906.98,4
400114,salinity,Non Saline,9755.53,1
400114,salinity,Very Slightly Saline,5476.13,2
400114,salinity,Slightly Saline,273.28,3
400114,recession,Early,6099.27,2
400114,recession,Normal,1173.96,3
400114,recession,Late,2324.73,4
400114,recession,Very Late,5906.98,5
400114,relief,Level,9986.24,
400114,relief,Slightly Undulating,5518.7,
309385,landtype,High Land,13339.33,
309385,landtype,Medium High Land-1,992.52,
309385,landtype,Medium High Land-2,4538.05,
309385,landtype,Medium Low Land,4132.43,
309385,landtype,Low land,1621.75,
309385,landtype,Very Low land,137.78,
309385,texture,Loam,4110.24,3
309385,texture,Clay Loam,16373.61,4
309385,texture,Clay,4278.02,5
309385,consistency,Friable,13092.77,2
309385,consistency,Firm,11669.1,3
309385,drainage,Well Drained,3384.38,1
309385,drainage,Moderately Well Drained,6208.17,2
309385,drainage,Imperfectly Drained,3746.78,3
309385,drainage,Poorly Drained,11127.1,4
309385,drainage,Very Poorly Drained,295.43,5
309385,reaction,Extremely Acidic,1626.76,1
309385,reaction,Strongly Acidic,13649.98,2
309385,reaction,Moderately Acidic,9485.13,3
309385,moisture,Low,14361.17,1
309385,moisture,Medium,9335.19,2
309385,moisture,High,770.08,3
309385,moisture,Very High,295.43,4
309385,salinity,Non Saline,24761.87,1
309385,recession,Very Early,13761.29,1
309385,recession,Early,3928.15,2
309385,recession,Normal,3954.25,3
309385,recession,Late,2822.74,4
309385,recession,Very Late,295.43,5
309385,relief,Level,14043.63,
309385,relief,Slightly Undulating,10718.24,
400108,landtype,High Land,1619.3,
400108,landtype,Medium High Land-1,2482.43,
400108,landtype,Medium High Land-2,13644.08,
400108,landtype,Medium Low Land,3623.72,
400108,landtype,Low land,91.77,
400108,texture,Loam,2082.97,3
400108,texture,Clay Loam,8208.49,4
400108,texture,Clay,11169.83,5
400108,consistency,Friable,10291.46,2
400108,consistency,Firm,11169.83,3
400108,drainage,Imperfectly Drained,1619.3,3
400108,drainage,Poorly Drained,19528.64,4
400108,drainage,Very Poorly Drained,313.36,5
400108,reaction,Moderately Acidic,2724.25,3
400108,reaction,Neutral,1547.34,4
400108,reaction,Moderately Alkaline,17189.7,5
400108,moisture,Low,10856.48,1
400108,moisture,Medium,8208.49,2
400108,moisture,High,2082.97,3
400108,moisture,Very High,313.36,4
400108,salinity,Non Saline,329.45,1
400108,salinity,Slightly Saline,1289.85,3
400108,salinity,Moderately Saline,321.77,4
400108,salinity,Strongly Saline,1217.1,5
400108,salinity,Extremely Saline,18303.13,6
400108,recession,Very Early,1619.3,1
400108,recession,Early,3750.37,2
400108,recession,Normal,12376.14,3
400108,recession,Late,3402.13,4
400108,recession,Very Late,313.36,5
400108,relief,Level,19969.77,
400108,relief,Slightly Undulating,1491.52,
400134,landtype,High Land,2148.25,
400134,landtype,Medium High Land-1,921.98,
400134,landtype,Medium High Land-2,5351.17,
400134,landtype,Medium Low Land,2655.75,
400134,landtype,Low land,60.45,
400134,texture,Loam,205.35,3
400134,texture,Clay Loam,5427.35,4
400134,texture,Clay,5504.88,5
400134,consistency,Friable,2789.26,2
400134,consistency,Firm,8348.33,3
400134,drainage,Imperfectly Drained,2148.25,3
400134,drainage,Poorly Drained,8173.71,4
400134,drainage,Very Poorly Drained,815.63,5
400134,reaction,Strongly Acidic,815.63,2
400134,reaction,Moderately Acidic,470.84,3
400134,reaction,Neutral,1518.78,4
400134,reaction,Moderately Alkaline,8332.34,5
400134,moisture,Low,4689.26,1
400134,moisture,Medium,3599.73,2
400134,moisture,High,2032.97,3
400134,moisture,Very High,815.63,4
400134,salinity,Non Saline,4817.99,1
400134,salinity,Very Slightly Saline,263.88,2
400134,salinity,Slightly Saline,1261.71,3
400134,salinity,Strongly Saline,3125.12,5
400134,salinity,Extremely Saline,1668.88,6
400134,recession,Very Early,2148.25,1
400134,recession,Early,2669.75,2
400134,recession,Normal,3603.4,3
400134,recession,Late,1900.56,4
400134,recession,Very Late,815.63,5
400134,relief,Level,11137.59,
400138,landtype,High Land,473.76,
400138,landtype,Medium High Land-1,1171.6,
400138,landtype,Medium High Land-2,5340.8,
400138,landtype,Medium Low Land,1150.65,
400138,landtype,Low land,2.72,
400138,texture,Loam,1492.48,3
400138,texture,Clay Loam,5783.42,4
400138,texture,Clay,863.62,5
400138,consistency,Friable,1020.09,2
400138,consistency,Firm,7119.44,3
400138,drainage,Imperfectly Drained,341.76,3
400138,drainage,Poorly Drained,7797.76,4
400138,reaction,Neutral,1659.15,4
400138,reaction,Moderately Alkaline,6480.37,5
400138,moisture,Low,4551.63,1
400138,moisture,Medium,2567.81,2
400138,moisture,High,1020.09,3
400138,salinity,Very Slightly Saline,805.38,2
400138,salinity,Slightly Saline,7174.58,3
400138,salinity,Moderately Saline,159.56,4
400138,recession,Very Early,473.76,1
400138,recession,Early,500.35,2
400138,recession,Normal,2476.25,3
400138,recession,Late,4689.17,4
400138,relief,Level,8139.52,
400156,landtype,High Land,1203.53,
400156,landtype,Medium High Land-1,1122.88,
400156,landtype,Medium High Land-2,4041.18,
400156,landtype,Medium Low Land,4671.58,
400156,landtype,Low land,2906.73,
400156,texture,Loam,3297.17,3
400156,texture,Clay Loam,2494.87,4
400156,texture,Clay,8153.86,5
400156,consistency,Friable,3297.17,2
400156,consistency,Firm,10648.73,3
400156,drainage,Imperfectly Drained,1203.53,3
400156,drainage,Poorly Drained,7016.26,4
400156,drainage,Very Poorly Drained,5726.1,5
400156,reaction,Neutral,9087.76,4
400156,reaction,Moderately Alkaline,4858.14,5
400156,moisture,Low,2427.76,1
400156,moisture,Medium,2494.87,2
400156,moisture,High,3297.17,3
400156,moisture,Very High,5726.1,4
400156,salinity,Non Saline,4299.12,1
400156,salinity,Very Slightly Saline,880.66,2
400156,salinity,Slightly Saline,4802.18,3
400156,salinity,Moderately Saline,2274.04,4
400156,salinity,Extremely Saline,1689.9,6
400156,recession,Very Early,1203.53,1
400156,recession,Early,2143.74,2
400156,recession,Normal,1492.63,3
400156,recession,Late,3379.9,4
400156,recession,Very Late,5726.1,5
400156,relief,Level,13945.9,
400177,landtype,High Land,5.72,
400177,landtype,Medium High Land-1,1886.81,
400177,landtype,Medium High Land-2,6699.7,
400177,texture,Loam,38.46,3
400177,texture,Clay Loam,5855.93,4
400177,texture,Clay,2697.84,5
400177,consistency,Friable,38.46,2
400177,consistency,Firm,8553.77,3
400177,drainage,Imperfectly Drained,5.72,3
400177,drainage,Poorly Drained,8586.51,4
400177,reaction,Moderately Acidic,6637.95,3
400177,reaction,Moderately Alkaline,1954.28,5
400177,moisture,Low,2697.84,1
400177,moisture,Medium,5855.93,2
400177,moisture,High,38.46,3
400177,salinity,Non Saline,173.45,1
400177,salinity,Slightly Saline,2486.67,3
400177,salinity,Moderately Saline,56.47,4
400177,salinity,Strongly Saline,5875.64,5
400177,recession,Very Early,5.72,1
400177,recession,Early,1692.94,2
400177,recession,Normal,6893.58,3
400177,relief,Level,8592.23,
400173,landtype,High Land,531.91,
400173,landtype,Medium High Land-1,4078.27,
400173,landtype,Medium High Land-2,13669.12,
400173,texture,Loam,307.26,3
400173,texture,Clay Loam,7659.73,4
400173,texture,Clay,10312.32,5
400173,consistency,Friable,307.26,2
400173,consistency,Firm,17972.05,3
400173,drainage,Imperfectly Drained,531.91,3
400173,drainage,Poorly Drained,17747.4,4
400173,reaction,Moderately Acidic,156.64,3
400173,reaction,Neutral,334.32,4
400173,reaction,Moderately Alkaline,17788.34,5
400173,moisture,Low,10312.32,1
400173,moisture,Medium,7659.73,2
400173,moisture,High,307.26,3
400173,salinity,Slightly Saline,561.06,3
400173,salinity,Strongly Saline,153.41,5
400173,salinity,Extremely Saline,17564.84,6
400173,recession,Very Early,531.91,1
400173,recession,Early,336.7,2
400173,recession,Normal,9411.11,3
400173,recession,Late,7252.8,4
400173,recession,Very Late,746.78,5
400173,relief,Level,17865.06,
400173,relief,Slightly Undulating,414.25,
400160,landtype,High Land,144.08,
400160,landtype,Medium High Land-1,5582.78,
400160,landtype,Medium High Land-2,21861.6,
400160,landtype,Medium Low Land,249.42,
400160,texture,Loam,2026.99,3
400160,texture,Clay Loam,13900.7,4
400160,texture,Clay,11910.19,5
400160,consistency,Friable,3220.96,2
400160,consistency,Firm,24616.92,3
400160,drainage,Imperfectly Drained,144.08,3
400160,drainage,Poorly Drained,27693.81,4
400160,reaction,Strongly Acidic,2788.08,2
400160,reaction,Moderately Acidic,10267.28,3
400160,reaction,Neutral,14782.52,4
400160,moisture,Low,11109.25,1
400160,moisture,Medium,13507.67,2
400160,moisture,High,3220.96,3
400160,salinity,Slightly Saline,2698.4,3
400160,salinity,Moderately Saline,1246.02,4
400160,salinity,Strongly Saline,77.48,5
400160,salinity,Extremely Saline,23815.98,6
400160,recession,Very Early,144.08,1
400160,recession,Early,10631.02,2
400160,recession,Normal,14025.28,3
400160,recession,Late,3037.51,4
400160,relief,Level,27460.14,
400160,relief,Slightly Undulating,377.75,
401807,landtype,High Land,17293.05,
401807,landtype,Medium High Land-1,1418.28,
401807,landtype,Medium High Land-2,9593.5,
401807,landtype,Medium Low Land,1574.66,
401807,texture,Loam,13994.74,3
401807,texture,Clay Loam,3435.96,4
401807,texture,Clay,12448.79,5
401807,consistency,Friable,17430.7,2
401807,consistency,Firm,12448.79,3
401807,drainage,Imperfectly Drained,17293.05,3
401807,drainage,Poorly Drained,12586.44,4
401807,reaction,Moderately Alkaline,29879.49,5
401807,moisture,Low,3914.76,1
401807,moisture,Medium,8534.03,2
401807,moisture,High,17430.7,3
401807,salinity,Non Saline,29879.49,1
401807,recession,Very Early,17293.05,1
401807,recession,Early,8013.27,2
401807,recession,Normal,2998.51,3
401807,recession,Late,1574.66,4
401807,relief,Level,29879.49,
400158,landtype,Medium High Land-1,2719.56,
400158,landtype,Medium High Land-2,9724.01,
400158,landtype,Medium Low Land,147.93,
400158,texture,Loam,10.08,3
400158,texture,Clay Loam,1855.88,4
400158,texture,Clay,10725.54,5
400158,consistency,Friable,10.08,2
400158,consistency,Firm,12581.42,3
400158,drainage,Poorly Drained,12591.5,4
400158,reaction,Neutral,12591.5,4
400158,moisture,Low,10725.54,1
400158,moisture,Medium,1855.88,2
400158,moisture,High,10.08,3
400158,salinity,Extremely Saline,12591.5,6
400158,recession,Early,10.08,2
400158,recession,Normal,470.89,3
400158,recession,Late,12110.53,4
400158,relief,Level,12591.5,
401823,landtype,High Land,11087.79,
401823,landtype,Medium High Land-1,1155.29,
401823,landtype,Medium High Land-2,8612.68,
401823,landtype,Medium Low Land,2171.07,
401823,texture,Loam,5203.32,3
401823,texture,Clay Loam,8710.73,4
401823,texture,Clay,9112.78,5
401823,consistency,Friable,11885.71,2
401823,consistency,Firm,11141.12,3
401823,drainage,Imperfectly Drained,11087.79,3
401823,drainage,Poorly Drained,11939.04,4
401823,reaction,Neutral,11614,4
401823,reaction,Moderately Alkaline,11412.84,5
401823,moisture,Low,2492.44,1
401823,moisture,Medium,9040.67,2
401823,moisture,High,11493.72,3
401823,salinity,Non Saline,23026.84,1
401823,recession,Very Early,11087.79,1
401823,recession,Early,3875.31,2
401823,recession,Normal,6249.33,3
401823,recession,Late,1814.4,4
401823,relief,Level,23026.84,
401831,landtype,High Land,10354.48,
401831,landtype,Medium High Land-1,1366.7,
401831,landtype,Medium High Land-2,9010.43,
401831,landtype,Medium Low Land,2401.2,
401831,landtype,Low land,46.52,
401831,texture,Loam,4963.99,3
401831,texture,Clay Loam,4416.3,4
401831,texture,Clay,13799.04,5
401831,consistency,Friable,9380.29,2
401831,consistency,Firm,13799.04,3
401831,drainage,Imperfectly Drained,12705.06,3
401831,drainage,Poorly Drained,10399.99,4
401831,drainage,Very Poorly Drained,74.29,5
401831,reaction,Neutral,5008.76,4
401831,reaction,Moderately Alkaline,18170.57,5
401831,moisture,Low,5852.4,1
401831,moisture,Medium,5807.32,2
401831,moisture,High,11519.61,3
401831,salinity,Non Saline,23179.34,1
401831,recession,Very Early,10354.48,1
401831,recession,Early,6853.82,2
401831,recession,Normal,3621.06,3
401831,recession,Late,2275.7,4
401831,recession,Very Late,74.29,5
401831,relief,Level,23179.34,
401855,landtype,High Land,8415.76,
401855,landtype,Medium High Land-1,1196.6,
401855,landtype,Medium High Land-2,5666.56,
401855,landtype,Medium Low Land,875.89,
401855,landtype,Low land,145.02,
401855,texture,Loam,3103.18,3
401855,texture,Clay Loam,9512.16,4
401855,texture,Clay,3684.49,5
401855,consistency,Friable,7182.56,2
401855,consistency,Firm,9117.27,3
401855,drainage,Imperfectly Drained,8415.76,3
401855,drainage,Poorly Drained,7730.05,4
401855,drainage,Very Poorly Drained,154.03,5
401855,reaction,Neutral,7132.74,4
401855,reaction,Moderately Alkaline,9167.09,5
401855,moisture,Low,3530.46,1
401855,moisture,Medium,5432.79,2
401855,moisture,High,7182.56,3
401855,moisture,Very High,154.03,4
401855,salinity,Non Saline,16299.83,1
401855,recession,Very Early,8415.76,1
401855,recession,Early,3936.85,2
401855,recession,Normal,2926.31,3
401855,recession,Late,866.89,4
401855,recession,Very Late,154.03,5
401855,relief,Level,12805.31,
401855,relief,Slightly Undulating,3494.52,
404104,landtype,High Land,2435.16,
404104,landtype,Medium High Land-1,844.49,
404104,landtype,Medium High Land-2,6173.61,
404104,landtype,Medium Low Land,5774.11,
404104,landtype,Low land,2323.59,
404104,texture,Loam,786.11,3
404104,texture,Clay Loam,3854.69,4
404104,texture,Clay,12910.16,5
404104,consistency,Friable,786.11,2
404104,consistency,Firm,16764.85,3
404104,drainage,Imperfectly Drained,2435.16,3
404104,drainage,Poorly Drained,13460.5,4
404104,drainage,Very Poorly Drained,1655.3,5
404104,reaction,Moderately Acidic,2578.43,3
404104,reaction,Neutral,2093.93,4
404104,reaction,Moderately Alkaline,12878.6,5
404104,moisture,Low,7333.9,1
404104,moisture,Medium,4034.22,2
404104,moisture,High,4401.62,3
404104,moisture,Very High,1781.22,4
404104,salinity,Non Saline,6599.08,1
404104,salinity,Very Slightly Saline,715.74,2
404104,salinity,Slightly Saline,8475.97,3
404104,salinity,Moderately Saline,1032.5,4
404104,salinity,Extremely Saline,727.67,6
404104,recession,Very Early,2435.16,1
404104,recession,Early,6000.68,2
404104,recession,Normal,1017.42,3
404104,recession,Late,6316.48,4
404104,recession,Very Late,1781.22,5
404104,relief,Level,17550.96,
404109,landtype,High Land,6197.99,
404109,landtype,Medium High Land-1,1174.64,
404109,landtype,Medium High Land-2,10438.96,
404109,landtype,Medium Low Land,1963.88,
404109,texture,Loam,1242.16,3
404109,texture,Clay Loam,2549.28,4
404109,texture,Clay,15984.04,5
404109,consistency,Friable,3791.44,2
404109,consistency,Firm,15984.04,3
404109,drainage,Imperfectly Drained,6197.99,3
404109,drainage,Poorly Drained,13366.54,4
404109,drainage,Very Poorly Drained,210.95,5
404109,reaction,Neutral,395.46,4
404109,reaction,Moderately Alkaline,19380.02,5
404109,moisture,Low,9600.51,1
404109,moisture,Medium,6172.58,2
404109,moisture,High,3791.44,3
404109,moisture,Very High,210.95,4
404109,salinity,Non Saline,19775.48,1
404109,recession,Very Early,6197.99,1
404109,recession,Early,3766.03,2
404109,recession,Normal,7847.57,3
404109,recession,Late,1752.93,4
404109,recession,Very Late,210.95,5
404109,relief,Level,19775.48,
404147,landtype,High Land,14912.14,
404147,landtype,Medium High Land-1,2148.05,
404147,landtype,Medium High Land-2,12678.41,
404147,landtype,Medium Low Land,2216.84,
404147,landtype,Low land,905.25,
404147,texture,Loam,4135.95,3
404147,texture,Clay Loam,11186.64,4
404147,texture,Clay,17538.1,5
404147,consistency,Friable,15322.59,2
404147,consistency,Firm,17538.1,3
404147,drainage,Imperfectly Drained,14912.14,3
404147,drainage,Poorly Drained,17043.3,4
404147,drainage,Very Poorly Drained,905.25,5
404147,reaction,Moderately Acidic,943.62,3
404147,reaction,Neutral,9309.73,4
404147,reaction,Moderately Alkaline,22607.34,5
404147,moisture,Low,3831,1
404147,moisture,Medium,8625.86,2
404147,moisture,High,19498.59,3
404147,moisture,Very High,905.25,4
404147,salinity,Non Saline,32860.7,1
404147,recession,Very Early,14912.14,1
404147,recession,Early,9036.31,2
404147,recession,Normal,5790.16,3
404147,recession,Late,2216.84,4
404147,recession,Very Late,905.25,5
404147,relief,Level,32419.47,
404147,relief,Slightly Undulating,441.22,
404123,landtype,High Land,10928.21,
404123,landtype,Medium High Land-1,1617.76,
404123,landtype,Medium High Land-2,6668.92,
404123,landtype,Medium Low Land,2200.39,
404123,landtype,Low land,906.79,
404123,texture,Sandy Loam ,564.19,2
404123,texture,Loam,6780.43,3
404123,texture,Clay Loam,5829.75,4
404123,texture,Clay,9147.69,5
404123,consistency,Friable,7344.62,2
404123,consistency,Firm,14977.45,3
404123,drainage,Moderately Well Drained,1931.03,2
404123,drainage,Imperfectly Drained,8997.18,3
404123,drainage,Poorly Drained,11219.43,4
404123,drainage,Very Poorly Drained,174.42,5
404123,reaction,Moderately Acidic,267.6,3
404123,reaction,Neutral,3219.78,4
404123,reaction,Moderately Alkaline,18834.68,5
404123,moisture,Low,4460.78,1
404123,moisture,Medium,6726.93,2
404123,moisture,High,10959.93,3
404123,moisture,Very High,174.42,4
404123,salinity,Non Saline,21993.4,1
404123,salinity,Very Slightly Saline,328.67,2
404123,recession,Very Early,10928.21,1
404123,recession,Early,7128.56,2
404123,recession,Normal,1158.11,3
404123,recession,Late,2932.76,4
404123,recession,Very Late,174.42,5
404123,relief,Level,19561.52,
404123,relief,Slightly Undulating,2760.55,
404111,landtype,High Land,10730.34,
404111,landtype,Medium High Land-1,1589.5,
404111,landtype,Medium High Land-2,7769.98,
404111,landtype,Medium Low Land,1680.3,
404111,landtype,Low land,191.91,
404111,texture,Loam,4546.48,3
404111,texture,Clay Loam,5732.96,4
404111,texture,Clay,11682.59,5
404111,consistency,Friable,9824.56,2
404111,consistency,Firm,12137.48,3
404111,drainage,Imperfectly Drained,10730.34,3
404111,drainage,Poorly Drained,11039.78,4
404111,drainage,Very Poorly Drained,191.91,5
404111,reaction,Moderately Alkaline,21962.04,5
404111,moisture,Low,1680.3,1
404111,moisture,Medium,9810.38,2
404111,moisture,High,10279.44,3
404111,moisture,Very High,191.91,4
404111,salinity,Non Saline,21962.04,1
404111,recession,Very Early,10730.34,1
404111,recession,Early,9359.48,2
404111,recession,Late,1680.3,4
404111,recession,Very Late,191.91,5
404111,relief,Level,14015.05,
404111,relief,Slightly Undulating,7946.98,
404138,landtype,High Land,7705.01,
404138,landtype,Medium High Land-1,1385.41,
404138,landtype,Medium High Land-2,7261.19,
404138,landtype,Medium Low Land,4054.25,
404138,landtype,Low land,614.65,
404138,texture,Loam,4811.72,3
404138,texture,Clay Loam,2813.46,4
404138,texture,Clay,13395.32,5
404138,consistency,Friable,7625.19,2
404138,consistency,Firm,13395.32,3
404138,drainage,Imperfectly Drained,7705.01,3
404138,drainage,Poorly Drained,11825.94,4
404138,drainage,Very Poorly Drained,1489.56,5
404138,reaction,Extremely Acidic,194.15,1
404138,reaction,Strongly Acidic,251.23,2
404138,reaction,Neutral,3032.54,4
404138,reaction,Moderately Alkaline,17542.59,5
404138,moisture,Low,4648.03,1
404138,moisture,Medium,7257.73,2
404138,moisture,High,7625.19,3
404138,moisture,Very High,1489.56,4
404138,salinity,Non Saline,18111.78,1
404138,salinity,Very Slightly Saline,1452.91,2
404138,salinity,Slightly Saline,1455.81,3
404138,recession,Very Early,7705.01,1
404138,recession,Early,7177.91,2
404138,recession,Normal,1468.7,3
404138,recession,Late,3179.33,4
404138,recession,Very Late,1489.56,5
404138,relief,Level,12378.9,
404138,relief,Slightly Undulating,8641.61,
404161,landtype,High Land,8049.23,
404161,landtype,Medium High Land-1,2392.81,
404161,landtype,Medium High Land-2,13814.44,
404161,landtype,Medium Low Land,3779.75,
404161,landtype,Low land,898.47,
404161,texture,Loam,2603.14,3
404161,texture,Clay Loam,4567.75,4
404161,texture,Clay,21763.83,5
404161,consistency,Friable,7170.89,2
404161,consistency,Firm,21763.83,3
404161,drainage,Imperfectly Drained,8049.23,3
404161,drainage,Poorly Drained,17825.41,4
404161,drainage,Very Poorly Drained,3060.08,5
404161,reaction,Moderately Acidic,1349.84,3
404161,reaction,Neutral,15115.93,4
404161,reaction,Moderately Alkaline,12468.95,5
404161,moisture,Low,5851.6,1
404161,moisture,Medium,12852.15,2
404161,moisture,High,7170.89,3
404161,moisture,Very High,3060.08,4
404161,salinity,Non Saline,17466.78,1
404161,salinity,Very Slightly Saline,8637.93,2
404161,salinity,Slightly Saline,2765.54,3
404161,salinity,Extremely Saline,64.47,6
404161,recession,Very Early,8049.23,1
404161,recession,Early,11973.81,2
404161,recession,Normal,4233.45,3
404161,recession,Late,1618.15,4
404161,recession,Very Late,3060.08,5
404161,relief,Level,28934.72,
404414,landtype,High Land,6244.38,
404414,landtype,Medium High Land-1,942.54,
404414,landtype,Medium High Land-2,7092.56,
404414,landtype,Medium Low Land,362.41,
404414,texture,Loam,1651.13,3
404414,texture,Clay Loam,3479.25,4
404414,texture,Clay,9511.5,5
404414,consistency,Friable,5130.38,2
404414,consistency,Firm,9511.5,3
404414,drainage,Imperfectly Drained,4941.17,3
404414,drainage,Poorly Drained,9598.22,4
404414,drainage,Very Poorly Drained,102.5,5
404414,reaction,Neutral,4435.44,4
404414,reaction,Moderately Alkaline,10206.44,5
404414,moisture,Low,2395.56,1
404414,moisture,Medium,7013.45,2
404414,moisture,High,5130.38,3
404414,moisture,Very High,102.5,4
404414,salinity,Non Saline,14641.88,1
404414,recession,Very Early,6244.38,1
404414,recession,Early,5899.45,2
404414,recession,Normal,2135.65,3
404414,recession,Late,259.91,4
404414,recession,Very Late,102.5,5
404414,relief,Level,13512.42,
404414,relief,Slightly Undulating,1129.47,
404190,landtype,High Land,5137.38,
404190,landtype,Medium High Land-1,1269.18,
404190,landtype,Medium High Land-2,9305.49,
404190,landtype,Medium Low Land,7551.21,
404190,landtype,Low land,945.56,
404190,texture,Loam,3986.35,3
404190,texture,Clay,20222.47,5
404190,consistency,Friable,6208.85,2
404190,consistency,Firm,17999.96,3
404190,drainage,Imperfectly Drained,5885.57,3
404190,drainage,Poorly Drained,18188.24,4
404190,drainage,Very Poorly Drained,135.01,5
404190,reaction,Moderately Acidic,748.19,3
404190,reaction,Neutral,19757.95,4
404190,reaction,Moderately Alkaline,3702.68,5
404190,moisture,Low,9864.34,1
404190,moisture,Medium,10358.13,2
404190,moisture,High,3986.35,3
404190,salinity,Non Saline,23909.54,1
404190,salinity,Very Slightly Saline,164.26,2
404190,salinity,Moderately Saline,135.01,4
404190,recession,Very Early,5137.38,1
404190,recession,Early,9207.1,2
404190,recession,Normal,1531.83,3
404190,recession,Late,8197.5,4
404190,recession,Very Late,135.01,5
404190,relief,Level,24208.82,
404442,landtype,High Land,5327.22,
404442,landtype,Medium High Land-1,726.28,
404442,landtype,Medium High Land-2,4534.25,
404442,landtype,Medium Low Land,575.09,
404442,landtype,Low land,1372.52,
404442,texture,Loam,975.16,3
404442,texture,Clay Loam,3522.19,4
404442,texture,Clay,8038.02,5
404442,consistency,Friable,975.16,2
404442,consistency,Firm,11560.21,3
404442,drainage,Imperfectly Drained,5327.22,3
404442,drainage,Poorly Drained,7208.15,4
404442,reaction,Moderately Alkaline,12535.37,5
404442,moisture,Low,2398.75,1
404442,moisture,Medium,5639.27,2
404442,moisture,High,4497.35,3
404442,salinity,Non Saline,12535.37,1
404442,recession,Very Early,5327.22,1
404442,recession,Early,4809.4,2
404442,recession,Normal,701.06,3
404442,recession,Late,1697.69,4
404442,relief,Level,12535.37,
404419,landtype,High Land,10157.97,
404419,landtype,Medium High Land-1,1717.43,
404419,landtype,Medium High Land-2,14500.29,
404419,landtype,Medium Low Land,5407.63,
404419,landtype,Low land,1563.33,
404419,texture,Loam,2686.98,3
404419,texture,Clay Loam,11709.64,4
404419,texture,Clay,18950.05,5
404419,consistency,Friable,14396.62,2
404419,consistency,Firm,18950.05,3
404419,drainage,Imperfectly Drained,10157.97,3
404419,drainage,Poorly Drained,23148.35,4
404419,drainage,Very Poorly Drained,40.34,5
404419,reaction,Moderately Alkaline,33346.67,5
404419,moisture,Low,5732.73,1
404419,moisture,Medium,13217.32,2
404419,moisture,High,14396.62,3
404419,salinity,Non Saline,33346.67,1
404419,recession,Very Early,10157.97,1
404419,recession,Early,9553.03,2
404419,recession,Normal,8227.81,3
404419,recession,Late,5367.51,4
404419,recession,Very Late,40.34,5
404419,relief,Level,33346.67,
404433,landtype,High Land,7184.42,
404433,landtype,Medium High Land-1,1671.94,
404433,landtype,Medium High Land-2,10850.88,
404433,landtype,Medium Low Land,1914.31,
404433,landtype,Low land,135.61,
404433,texture,Loam,2794.28,3
404433,texture,Clay Loam,4715.43,4
404433,texture,Clay,14247.44,5
404433,consistency,Friable,7509.72,2
404433,consistency,Firm,14247.44,3
404433,drainage,Imperfectly Drained,7184.42,3
404433,drainage,Poorly Drained,14500.38,4
404433,drainage,Very Poorly Drained,72.36,5
404433,reaction,Neutral,20242.72,4
404433,reaction,Moderately Alkaline,1514.44,5
404433,moisture,Low,2628.98,1
404433,moisture,Medium,11546.1,2
404433,moisture,High,7509.72,3
404433,moisture,Very High,72.36,4
404433,salinity,Non Saline,21757.16,1
404433,recession,Very Early,7184.42,1
404433,recession,Early,11251.93,2
404433,recession,Normal,1890.36,3
404433,recession,Late,1358.09,4
404433,recession,Very Late,72.36,5
404433,relief,Level,18525.58,
404433,relief,Slightly Undulating,3231.58,
404471,landtype,High Land,9154.99,
404471,landtype,Medium High Land-1,2151.41,
404471,landtype,Medium High Land-2,14408.37,
404471,landtype,Medium Low Land,3448.88,
404471,landtype,Low land,2261.6,
404471,texture,Sandy Loam ,431.02,2
404471,texture,Loam,4950.61,3
404471,texture,Clay Loam,4922.89,4
404471,texture,Clay,21120.73,5
404471,consistency,Friable,9408.93,2
404471,consistency,Firm,22016.31,3
404471,drainage,Moderately Well Drained,431.02,2
404471,drainage,Imperfectly Drained,8723.97,3
404471,drainage,Poorly Drained,19481.91,4
404471,drainage,Very Poorly Drained,2788.35,5
404471,reaction,Neutral,6959.08,4
404471,reaction,Moderately Alkaline,24466.17,5
404471,moisture,Low,7600.09,1
404471,moisture,Medium,12058.89,2
404471,moisture,High,8977.92,3
404471,moisture,Very High,2788.35,4
404471,salinity,Non Saline,31425.25,1
404471,recession,Very Early,9154.99,1
404471,recession,Early,12312.84,2
404471,recession,Normal,4246.94,3
404471,recession,Late,2922.13,4
404471,recession,Very Late,2788.35,5
404471,relief,Level,25390.53,
404471,relief,Moderately Undulating,6034.72,
404480,landtype,High Land,19155.38,
404480,landtype,Medium High Land-1,895.61,
404480,landtype,Medium High Land-2,6920,
404480,landtype,Medium Low Land,307.27,
404480,landtype,Low land,50.9,
404480,texture,Sand,46.26,1
404480,texture,Loam,7391.95,3
404480,texture,Clay Loam,18296.62,4
404480,texture,Clay,1594.33,5
404480,consistency,Loose,46.26,1
404480,consistency,Friable,7391.95,2
404480,consistency,Firm,19890.95,3
404480,drainage,Imperfectly Drained,19155.38,3
404480,drainage,Poorly Drained,8166.38,4
404480,drainage,Very Poorly Drained,7.4,5
404480,reaction,Neutral,1139,4
404480,reaction,Moderately Alkaline,25179.81,5
404480,reaction,Strongly Alkaline,673.74,6
404480,reaction,Extremely Alkaline,336.61,7
404480,moisture,Low,13770.08,1
404480,moisture,High,13559.09,3
404480,salinity,Non Saline,27329.17,1
404480,recession,Very Early,1064.59,1
404480,recession,Early,22250.46,2
404480,recession,Normal,3702.2,3
404480,recession,Late,272.88,4
404480,recession,Very Late,39.04,5
404480,relief,Level,27329.17,
404712,landtype,High Land,406.31,
404712,landtype,Medium High Land-1,2822.36,
404712,landtype,Medium High Land-2,15355.19,
404712,texture,Clay Loam,2371.41,4
404712,texture,Clay,16212.46,5
404712,consistency,Firm,18583.87,3
404712,drainage,Imperfectly Drained,406.31,3
404712,drainage,Poorly Drained,18177.56,4
404712,reaction,Moderately Acidic,217.05,3
404712,reaction,Neutral,1363.76,4
404712,reaction,Moderately Alkaline,17003.05,5
404712,moisture,Low,15908.92,1
404712,moisture,Medium,2459.91,2
404712,moisture,High,215.03,3
404712,salinity,Very Slightly Saline,815.68,2
404712,salinity,Slightly Saline,15913.91,3
404712,salinity,Moderately Saline,214.12,4
404712,salinity,Strongly Saline,1042.04,5
404712,salinity,Extremely Saline,598.12,6
404712,recession,Very Early,406.31,1
404712,recession,Early,260.41,2
404712,recession,Normal,16491.52,3
404712,recession,Late,1425.64,4
404712,relief,Level,18583.87,
404740,landtype,High Land,823.87,
404740,landtype,Medium High Land-1,353.58,
404740,landtype,Medium High Land-2,1735.73,
404740,landtype,Medium Low Land,2310.73,
404740,texture,Loam,77.38,3
404740,texture,Clay Loam,2454.66,4
404740,texture,Clay,2691.87,5
404740,consistency,Friable,77.38,2
404740,consistency,Firm,5146.54,3
404740,drainage,Imperfectly Drained,823.87,3
404740,drainage,Poorly Drained,3694.99,4
404740,drainage,Very Poorly Drained,705.05,5
404740,reaction,Strongly Acidic,1488.75,2
404740,reaction,Moderately Acidic,2016.19,3
404740,reaction,Neutral,865.9,4
404740,reaction,Moderately Alkaline,853.07,5
404740,moisture,Low,2055.92,1
404740,moisture,Medium,1527.51,2
404740,moisture,High,935.44,3
404740,moisture,Very High,705.05,4
404740,salinity,Non Saline,2066.19,1
404740,salinity,Very Slightly Saline,1768.7,2
404740,salinity,Slightly Saline,1389.02,3
404740,recession,Very Early,823.87,1
404740,recession,Early,1134.49,2
404740,recession,Normal,954.82,3
404740,recession,Late,515.83,4
404740,recession,Very Late,1794.9,5
404740,relief,Level,5223.91,
404717,landtype,Medium High Land-1,2834.96,
404717,landtype,Medium High Land-2,18570.58,
404717,texture,Clay Loam,11784.75,4
404717,texture,Clay,9620.79,5
404717,consistency,Firm,21405.54,3
404717,drainage,Poorly Drained,21405.54,4
404717,reaction,Strongly Acidic,6826.76,2
404717,reaction,Moderately Acidic,5473.43,3
404717,reaction,Neutral,6891.78,4
404717,reaction,Moderately Alkaline,2213.57,5
404717,moisture,Low,13509.28,1
404717,moisture,Medium,7896.27,2
404717,salinity,Very Slightly Saline,465.24,2
404717,salinity,Slightly Saline,3499.18,3
404717,salinity,Moderately Saline,15345.49,4
404717,salinity,Strongly Saline,1837.45,5
404717,salinity,Extremely Saline,258.18,6
404717,recession,Early,4456.66,2
404717,recession,Normal,15172.75,3
404717,recession,Late,1776.13,4
404717,relief,Level,21405.54,
404730,landtype,High Land,2675.56,
404730,landtype,Medium High Land-1,4694.36,
404730,landtype,Medium High Land-2,24471.53,
404730,landtype,Medium Low Land,5612.17,
404730,texture,Loam,199.08,3
404730,texture,Clay Loam,12980.87,4
404730,texture,Clay,24273.67,5
404730,consistency,Friable,161.02,2
404730,consistency,Firm,37292.6,3
404730,drainage,Imperfectly Drained,2675.56,3
404730,drainage,Poorly Drained,21986.64,4
404730,drainage,Very Poorly Drained,12791.42,5
404730,reaction,Strongly Acidic,22991.39,2
404730,reaction,Moderately Acidic,1451.79,3
404730,reaction,Neutral,3995.26,4
404730,reaction,Moderately Alkaline,9015.17,5
404730,moisture,Low,21610.58,1
404730,moisture,Medium,2850.66,2
404730,moisture,High,834.54,3
404730,moisture,Very High,12157.84,4
404730,salinity,Non Saline,2844.2,1
404730,salinity,Very Slightly Saline,1642.85,2
404730,salinity,Slightly Saline,11179.89,3
404730,salinity,Moderately Saline,186.08,4
404730,salinity,Extremely Saline,21600.6,6
404730,recession,Very Early,2675.56,1
404730,recession,Early,2680.15,2
404730,recession,Normal,4302.13,3
404730,recession,Late,15637.93,4
404730,recession,Very Late,12157.84,5
404730,relief,Level,35141.19,
404730,relief,Slightly Undulating,2312.44,
404769,landtype,High Land,653.59,
404769,landtype,Medium High Land-1,1560.56,
404769,landtype,Medium High Land-2,1131.55,
404769,landtype,Medium Low Land,1857.31,
404769,texture,Loam,123.82,3
404769,texture,Clay Loam,337.59,4
404769,texture,Clay,4741.61,5
404769,consistency,Friable,271.47,2
404769,consistency,Firm,4931.54,3
404769,drainage,Imperfectly Drained,653.59,3
404769,drainage,Poorly Drained,2861.07,4
404769,drainage,Very Poorly Drained,1688.35,5
404769,reaction,Strongly Acidic,1780.85,2
404769,reaction,Moderately Acidic,772.26,3
404769,reaction,Neutral,1540.9,4
404769,reaction,Moderately Alkaline,1109,5
404769,moisture,Low,1702.61,1
404769,moisture,Medium,1368.01,2
404769,moisture,High,444.04,3
404769,moisture,Very High,1688.35,4
404769,salinity,Non Saline,1581.46,1
404769,salinity,Very Slightly Saline,274.71,2
404769,salinity,Slightly Saline,3007.85,3
404769,salinity,Moderately Saline,339,4
404769,recession,Very Early,653.59,1
404769,recession,Early,969.28,2
404769,recession,Normal,1551.69,3
404769,recession,Late,340.1,4
404769,recession,Very Late,1688.35,5
404769,relief,Level,5203.01,
404764,landtype,High Land,1857.26,
404764,landtype,Medium High Land-1,2592.37,
404764,landtype,Medium High Land-2,25395.21,
404764,texture,Loam,465.36,3
404764,texture,Clay Loam,5219.1,4
404764,texture,Clay,24160.38,5
404764,consistency,Friable,2305.45,2
404764,consistency,Firm,27539.39,3
404764,drainage,Imperfectly Drained,1857.26,3
404764,drainage,Poorly Drained,27987.58,4
404764,reaction,Neutral,10512.67,4
404764,reaction,Moderately Alkaline,19332.17,5
404764,moisture,Low,23423.59,1
404764,moisture,Medium,4115.81,2
404764,moisture,High,2305.45,3
404764,salinity,Non Saline,157.72,1
404764,salinity,Very Slightly Saline,307.64,2
404764,salinity,Slightly Saline,1387.62,3
404764,salinity,Moderately Saline,131.19,4
404764,salinity,Strongly Saline,332.72,5
404764,salinity,Extremely Saline,27527.95,6
404764,recession,Very Early,1857.26,1
404764,recession,Early,202.68,2
404764,recession,Normal,17927.12,3
404764,recession,Late,9857.77,4
404764,relief,Level,29844.84,
404753,landtype,Medium High Land-1,1846.64,
404753,landtype,Medium High Land-2,15606.94,
404753,texture,Loam,1234.52,3
404753,texture,Clay Loam,1093.21,4
404753,texture,Clay,15125.85,5
404753,consistency,Friable,3154.07,2
404753,consistency,Firm,14299.5,3
404753,drainage,Imperfectly Drained,2002.26,3
404753,drainage,Poorly Drained,15451.32,4
404753,reaction,Strongly Acidic,354.43,2
404753,reaction,Moderately Acidic,4391.89,3
404753,reaction,Neutral,10177.12,4
404753,reaction,Moderately Alkaline,2530.14,5
404753,moisture,Low,15125.85,1
404753,moisture,Medium,2327.73,2
404753,salinity,Slightly Saline,13215.83,3
404753,salinity,Moderately Saline,4021.57,4
404753,salinity,Strongly Saline,216.18,5
404753,recession,Early,2327.73,2
404753,recession,Normal,2002.26,3
404753,recession,Late,13123.6,4
404753,relief,Level,17453.58,
404794,landtype,High Land,49.21,
404794,landtype,Medium High Land-1,1694.63,
404794,landtype,Medium High Land-2,3274.16,
404794,landtype,Medium Low Land,7845.82,
404794,landtype,Low land,4573.81,
404794,texture,Loam,791.18,3
404794,texture,Clay Loam,1160.45,4
404794,texture,Clay,15486,5
404794,consistency,Friable,791.18,2
404794,consistency,Firm,16646.45,3
404794,drainage,Imperfectly Drained,49.21,3
404794,drainage,Poorly Drained,9362.85,4
404794,drainage,Very Poorly Drained,8025.57,5
404794,reaction,Strongly Acidic,158.05,2
404794,reaction,Moderately Acidic,8330.31,3
404794,reaction,Neutral,4124.67,4
404794,reaction,Moderately Alkaline,4824.6,5
404794,moisture,Low,5023.65,1
404794,moisture,Medium,2436.79,2
404794,moisture,High,1951.63,3
404794,moisture,Very High,8025.57,4
404794,salinity,Very Slightly Saline,1509.65,2
404794,salinity,Slightly Saline,7836.09,3
404794,salinity,Moderately Saline,5533.58,4
404794,salinity,Extremely Saline,2558.3,6
404794,recession,Very Early,49.21,1
404794,recession,Early,1902.42,2
404794,recession,Normal,3066.37,3
404794,recession,Late,4394.07,4
404794,recession,Very Late,8025.57,5
404794,relief,Level,17437.63,
404775,landtype,High Land,790.52,
404775,landtype,Medium High Land-1,981.46,
404775,landtype,Medium High Land-2,4023.6,
404775,landtype,Medium Low Land,2871.68,
404775,texture,Loam,56.97,3
404775,texture,Clay Loam,4582.63,4
404775,texture,Clay,4027.66,5
404775,consistency,Friable,614.32,2
404775,consistency,Firm,8052.94,3
404775,drainage,Imperfectly Drained,790.52,3
404775,drainage,Poorly Drained,5083.96,4
404775,drainage,Very Poorly Drained,2792.79,5
404775,reaction,Strongly Acidic,337.83,2
404775,reaction,Moderately Acidic,2533.85,3
404775,reaction,Neutral,2206.23,4
404775,reaction,Moderately Alkaline,3589.35,5
404775,moisture,Low,3265.3,1
404775,moisture,Medium,1994.85,2
404775,moisture,High,614.32,3
404775,moisture,Very High,2792.79,4
404775,salinity,Non Saline,872.42,1
404775,salinity,Very Slightly Saline,1786.1,2
404775,salinity,Slightly Saline,727.88,3
404775,salinity,Moderately Saline,472.47,4
404775,salinity,Strongly Saline,2825.91,5
404775,salinity,Extremely Saline,1982.49,6
404775,recession,Very Early,790.52,1
404775,recession,Early,1345.98,2
404775,recession,Normal,3010.09,3
404775,recession,Late,727.88,4
404775,recession,Very Late,2792.79,5
404775,relief,Level,7590.94,
404775,relief,Slightly Undulating,1076.32,
405015,landtype,High Land,4674.89,
405015,landtype,Medium High Land-1,395.49,
405015,landtype,Medium High Land-2,3262.55,
405015,landtype,Medium Low Land,978.02,
405015,texture,Sand,206.12,1
405015,texture,Loam,3846.23,3
405015,texture,Clay Loam,3123.55,4
405015,texture,Clay,2135.04,5
405015,consistency,Loose,206.12,1
405015,consistency,Friable,6969.78,2
405015,consistency,Firm,2135.04,3
405015,drainage,Imperfectly Drained,4674.89,3
405015,drainage,Poorly Drained,4636.06,4
405015,reaction,Neutral,50.57,4
405015,reaction,Moderately Alkaline,8715.78,5
405015,reaction,Strongly Alkaline,544.6,6
405015,moisture,Low,1259.59,1
405015,moisture,Medium,1132.62,2
405015,moisture,High,6918.74,3
405015,salinity,Non Saline,9310.95,1
405015,recession,Very Early,4674.89,1
405015,recession,Early,3045.71,2
405015,recession,Normal,864.09,3
405015,recession,Late,726.26,4
405015,relief,Level,9310.95,
405039,landtype,High Land,11455.78,
405039,landtype,Medium High Land-1,2159.89,
405039,landtype,Medium High Land-2,19263.48,
405039,landtype,Medium Low Land,4723.86,
405039,landtype,Low land,394.48,
405039,texture,Sand,2193.7,1
405039,texture,Loam,17873.16,3
405039,texture,Clay Loam,10837.41,4
405039,texture,Clay,7093.23,5
405039,consistency,Loose,2193.7,1
405039,consistency,Friable,25495.87,2
405039,consistency,Firm,10307.92,3
405039,drainage,Imperfectly Drained,11455.78,3
405039,drainage,Poorly Drained,26541.71,4
405039,reaction,Moderately Alkaline,37997.49,5
405039,moisture,Low,7138.37,1
405039,moisture,Medium,9254.2,2
405039,moisture,High,21604.92,3
405039,salinity,Non Saline,37997.49,1
405039,recession,Very Early,11455.78,1
405039,recession,Early,15115.82,2
405039,recession,Normal,6307.55,3
405039,recession,Late,5118.34,4
405039,relief,Level,37470.43,
405039,relief,Slightly Undulating,527.06,
405063,landtype,High Land,2414.76,
405063,landtype,Medium High Land-1,387.46,
405063,landtype,Medium High Land-2,2752.35,
405063,landtype,Medium Low Land,3108.05,
405063,landtype,Low land,413.39,
405063,texture,Loam,3773.61,3
405063,texture,Clay Loam,4282.5,4
405063,texture,Clay,1019.89,5
405063,consistency,Friable,3773.61,2
405063,consistency,Firm,5302.4,3
405063,drainage,Imperfectly Drained,2414.76,3
405063,drainage,Poorly Drained,6661.24,4
405063,reaction,Moderately Alkaline,9076.01,5
405063,moisture,Low,3834.01,1
405063,moisture,Medium,1948.52,2
405063,moisture,High,3293.48,3
405063,salinity,Non Saline,9076.01,1
405063,recession,Very Early,2414.76,1
405063,recession,Early,3139.8,2
405063,recession,Normal,2701,3
405063,recession,Late,820.44,4
405063,relief,Level,9076.01,
405071,landtype,High Land,10514.07,
405071,landtype,Medium High Land-1,487.61,
405071,landtype,Medium High Land-2,6030.6,
405071,landtype,Medium Low Land,2548.1,
405071,landtype,Low land,942.27,
405071,texture,Sand,475.98,1
405071,texture,Loam,8191.27,3
405071,texture,Clay Loam,8036.41,4
405071,texture,Clay,3819,5
405071,consistency,Loose,475.98,1
405071,consistency,Friable,8191.27,2
405071,consistency,Firm,11855.4,3
405071,drainage,Imperfectly Drained,10514.07,3
405071,drainage,Poorly Drained,9343.2,4
405071,drainage,Very Poorly Drained,665.38,5
405071,reaction,Moderately Alkaline,19580.38,5
405071,reaction,Strongly Alkaline,942.27,6
405071,moisture,Low,3545.77,1
405071,moisture,Medium,6731.73,2
405071,moisture,High,9579.77,3
405071,moisture,Very High,665.38,4
405071,salinity,Non Saline,20522.66,1
405071,recession,Very Early,10514.07,1
405071,recession,Early,4991.71,2
405071,recession,Normal,3456.24,3
405071,recession,Late,895.26,4
405071,recession,Very Late,665.38,5
405071,relief,Level,20522.66,
405094,landtype,High Land,8977.47,
405094,landtype,Medium High Land-1,1461.94,
405094,landtype,Medium High Land-2,10040.47,
405094,landtype,Medium Low Land,949.6,
405094,landtype,Low land,942.52,
405094,texture,Sand,175.09,1
405094,texture,Sandy Loam ,477.84,2
405094,texture,Loam,6990.39,3
405094,texture,Clay Loam,5039.78,4
405094,texture,Clay,9688.9,5
405094,consistency,Loose,175.09,1
405094,consistency,Friable,12228.44,2
405094,consistency,Firm,9968.46,3
405094,drainage,Imperfectly Drained,8977.47,3
405094,drainage,Poorly Drained,12671.31,4
405094,drainage,Very Poorly Drained,723.22,5
405094,reaction,Neutral,12351.12,4
405094,reaction,Moderately Alkaline,10020.88,5
405094,moisture,Low,9140.77,1
405094,moisture,Medium,477.84,2
405094,moisture,High,12030.17,3
405094,moisture,Very High,723.22,4
405094,salinity,Non Saline,22372,1
405094,recession,Very Early,8977.47,1
405094,recession,Early,8849.67,2
405094,recession,Normal,3305.67,3
405094,recession,Late,515.97,4
405094,recession,Very Late,723.22,5
405094,relief,Level,22372,
405079,landtype,High Land,12852.83,
405079,landtype,Medium High Land-1,1090.44,
405079,landtype,Medium High Land-2,9327.96,
405079,landtype,Medium Low Land,2318.39,
405079,landtype,Low land,724.74,
405079,texture,Sand,263.79,1
405079,texture,Loam,13660.1,3
405079,texture,Clay Loam,12390.47,4
405079,consistency,Loose,263.79,1
405079,consistency,Friable,13660.1,2
405079,consistency,Firm,12390.47,3
405079,drainage,Imperfectly Drained,12852.83,3
405079,drainage,Poorly Drained,13165.47,4
405079,drainage,Very Poorly Drained,296.06,5
405079,reaction,Moderately Alkaline,26314.36,5
405079,moisture,Low,5149.2,1
405079,moisture,Medium,7547.43,2
405079,moisture,High,13321.67,3
405079,moisture,Very High,296.06,4
405079,salinity,Non Saline,26314.36,1
405079,recession,Very Early,12852.83,1
405079,recession,Early,2789.93,2
405079,recession,Normal,8739.29,3
405079,recession,Late,1262.76,4
405079,recession,Very Late,669.56,5
405079,relief,Level,26314.36,
405566,landtype,High Land,2888.21,
405566,landtype,Medium High Land-1,1769.6,
405566,landtype,Medium High Land-2,6270.18,
405566,landtype,Medium Low Land,2239.16,
405566,landtype,Low land,1104.68,
405566,texture,Loam,1088.82,3
405566,texture,Clay Loam,3897.07,4
405566,texture,Clay,9285.94,5
405566,consistency,Friable,1088.82,2
405566,consistency,Firm,13183.01,3
405566,drainage,Imperfectly Drained,2888.21,3
405566,drainage,Poorly Drained,11225.04,4
405566,drainage,Very Poorly Drained,158.57,5
405566,reaction,Neutral,3497.2,4
405566,reaction,Moderately Alkaline,10774.62,5
405566,moisture,Low,4073.65,1
405566,moisture,Medium,5212.29,2
405566,moisture,High,4985.88,3
405566,salinity,Non Saline,14271.82,1
405566,recession,Very Early,3751.24,1
405566,recession,Early,7023.4,2
405566,recession,Normal,728.8,3
405566,recession,Late,2609.81,4
405566,recession,Very Late,158.57,5
405566,relief,Level,14271.82,
405557,landtype,High Land,12271.74,
405557,landtype,Medium High Land-1,1457.85,
405557,landtype,Medium High Land-2,10261.12,
405557,landtype,Medium Low Land,6389.98,
405557,landtype,Low land,751.84,
405557,texture,Sand,24.69,1
405557,texture,Sandy Loam ,136.83,2
405557,texture,Loam,4898.73,3
405557,texture,Clay Loam,7221.12,4
405557,texture,Clay,18851.17,5
405557,consistency,Loose,24.69,1
405557,consistency,Friable,11716.43,2
405557,consistency,Firm,19391.42,3
405557,drainage,Imperfectly Drained,12271.74,3
405557,drainage,Poorly Drained,18682.34,4
405557,drainage,Very Poorly Drained,178.45,5
405557,reaction,Neutral,6003.05,4
405557,reaction,Moderately Alkaline,25129.49,5
405557,moisture,Low,8530.7,1
405557,moisture,Medium,10860.86,2
405557,moisture,High,11562.52,3
405557,moisture,Very High,178.45,4
405557,salinity,Non Saline,31132.54,1
405557,recession,Very Early,12271.74,1
405557,recession,Early,10313.15,2
405557,recession,Normal,1405.82,3
405557,recession,Late,6389.98,4
405557,recession,Very Late,751.84,5
405557,relief,Level,31132.54,
405585,landtype,High Land,1954.96,
405585,landtype,Medium High Land-1,793.88,
405585,landtype,Medium High Land-2,8348.36,
405585,landtype,Medium Low Land,5714.6,
405585,landtype,Low land,497.29,
405585,texture,Sandy Loam ,20.49,2
405585,texture,Loam,886.57,3
405585,texture,Clay Loam,1155.58,4
405585,texture,Clay,15246.45,5
405585,consistency,Friable,2062.64,2
405585,consistency,Firm,15246.45,3
405585,drainage,Imperfectly Drained,1954.96,3
405585,drainage,Poorly Drained,14856.83,4
405585,drainage,Very Poorly Drained,497.29,5
405585,reaction,Neutral,17309.08,4
405585,moisture,Low,9988.22,1
405585,moisture,Medium,4389.62,2
405585,moisture,High,2042.15,3
405585,moisture,Very High,889.09,4
405585,salinity,Non Saline,16419.99,1
405585,salinity,Moderately Saline,889.09,4
405585,recession,Very Early,1954.96,1
405585,recession,Early,4497.29,2
405585,recession,Normal,4644.94,3
405585,recession,Late,5714.6,4
405585,recession,Very Late,497.29,5
405585,relief,Level,17309.08,
405595,landtype,High Land,2651.66,
405595,landtype,Medium High Land-1,731.02,
405595,landtype,Medium High Land-2,5650.51,
405595,landtype,Medium Low Land,2237.03,
405595,landtype,Low land,479.88,
405595,texture,Sand,162.47,1
405595,texture,Loam,1768.11,3
405595,texture,Clay Loam,2207.29,4
405595,texture,Clay,7612.23,5
405595,consistency,Loose,162.47,1
405595,consistency,Friable,3975.4,2
405595,consistency,Firm,7612.23,3
405595,drainage,Moderately Well Drained,167.12,2
405595,drainage,Imperfectly Drained,2484.54,3
405595,drainage,Poorly Drained,8827.76,4
405595,drainage,Very Poorly Drained,270.69,5
405595,reaction,Neutral,9682.15,4
405595,reaction,Moderately Alkaline,2067.95,5
405595,moisture,Low,3632.01,1
405595,moisture,Medium,4278.03,2
405595,moisture,High,3569.37,3
405595,moisture,Very High,270.69,4
405595,salinity,Non Saline,11750.1,1
405595,recession,Very Early,2651.66,1
405595,recession,Early,4850.21,2
405595,recession,Normal,1991.96,3
405595,recession,Late,1985.58,4
405595,recession,Very Late,270.69,5
405595,relief,Level,11750.1,
405747,landtype,High Land,16508.49,
405747,landtype,Medium High Land-1,1471.62,
405747,landtype,Medium High Land-2,10791.92,
405747,landtype,Medium Low Land,2104.97,
405747,landtype,Low land,30.21,
405747,texture,Loam,11045.02,3
405747,texture,Clay Loam,6831.85,4
405747,texture,Clay,13030.34,5
405747,consistency,Friable,17876.87,2
405747,consistency,Firm,13030.34,3
405747,drainage,Moderately Well Drained,508.15,2
405747,drainage,Imperfectly Drained,16000.34,3
405747,drainage,Poorly Drained,14368.51,4
405747,drainage,Very Poorly Drained,30.21,5
405747,reaction,Neutral,2450.81,4
405747,reaction,Moderately Alkaline,28456.4,5
405747,moisture,Low,8029.85,1
405747,moisture,Medium,5478.43,2
405747,moisture,High,17368.71,3
405747,moisture,Very High,30.21,4
405747,salinity,Non Saline,30907.21,1
405747,recession,Very Early,16508.49,1
405747,recession,Early,6338.65,2
405747,recession,Normal,5924.88,3
405747,recession,Late,2104.97,4
405747,recession,Very Late,30.21,5
405747,relief,Level,30907.21,
405787,landtype,High Land,10182.33,
405787,landtype,Medium High Land-1,1110.26,
405787,landtype,Medium High Land-2,7765.05,
405787,landtype,Medium Low Land,1582.46,
405787,texture,Loam,5679.19,3
405787,texture,Clay Loam,5877.27,4
405787,texture,Clay,9083.64,5
405787,consistency,Friable,11556.45,2
405787,consistency,Firm,9083.64,3
405787,drainage,Imperfectly Drained,10182.33,3
405787,drainage,Poorly Drained,10260.21,4
405787,drainage,Very Poorly Drained,197.56,5
405787,reaction,Neutral,19218.85,4
405787,reaction,Moderately Alkaline,1421.25,5
405787,moisture,Low,3311.48,1
405787,moisture,Medium,5772.16,2
405787,moisture,High,11556.45,3
405787,salinity,Non Saline,20640.09,1
405787,recession,Very Early,10182.33,1
405787,recession,Early,7146.29,2
405787,recession,Normal,1957.88,3
405787,recession,Late,1156.04,4
405787,recession,Very Late,197.56,5
405787,relief,Level,20362.39,
405787,relief,Slightly Undulating,277.71,
405760,landtype,High Land,3436.1,
405760,landtype,Medium High Land-1,458.17,
405760,landtype,Medium High Land-2,3001.91,
405760,landtype,Medium Low Land,1955.07,
405760,landtype,Low land,109.69,
405760,texture,Loam,1807.76,3
405760,texture,Clay Loam,2420.78,4
405760,texture,Clay,4732.39,5
405760,consistency,Friable,4228.54,2
405760,consistency,Firm,4732.39,3
405760,drainage,Imperfectly Drained,3235.03,3
405760,drainage,Poorly Drained,5616.22,4
405760,drainage,Very Poorly Drained,109.69,5
405760,reaction,Neutral,40.29,4
405760,reaction,Moderately Alkaline,8920.64,5
405760,moisture,Low,4622.71,1
405760,moisture,High,4228.54,3
405760,moisture,Very High,109.69,4
405760,salinity,Non Saline,8960.94,1
405760,recession,Very Early,3436.1,1
405760,recession,Early,2578.78,2
405760,recession,Normal,1113.65,3
405760,recession,Late,1722.73,4
405760,recession,Very Late,109.69,5
405760,relief,Level,8960.94,
406552,landtype,High Land,2058.64,
406552,landtype,Medium High Land-1,1808.11,
406552,landtype,Medium High Land-2,6805.25,
406552,landtype,Medium Low Land,6337.39,
406552,landtype,Low land,3934.47,
406552,texture,Sand,833.24,1
406552,texture,Sandy Loam ,1549.06,2
406552,texture,Loam,1119.19,3
406552,texture,Clay Loam,3829.03,4
406552,texture,Clay,13613.34,5
406552,consistency,Loose,833.24,1
406552,consistency,Friable,6071.66,2
406552,consistency,Firm,14038.96,3
406552,drainage,Imperfectly Drained,2058.64,3
406552,drainage,Poorly Drained,17221.76,4
406552,drainage,Very Poorly Drained,1663.47,5
406552,reaction,Moderately Acidic,425.62,3
406552,reaction,Neutral,378.46,4
406552,reaction,Moderately Alkaline,18246.43,5
406552,reaction,Strongly Alkaline,1893.35,6
406552,moisture,Low,11027.41,1
406552,moisture,Medium,3730.39,2
406552,moisture,High,4522.6,3
406552,moisture,Very High,1663.47,4
406552,salinity,Non Saline,19186.17,1
406552,salinity,Very Slightly Saline,1332.08,2
406552,salinity,Slightly Saline,425.62,3
406552,recession,Very Early,2058.64,1
406552,recession,Early,6551.96,2
406552,recession,Normal,3048.43,3
406552,recession,Late,7621.37,4
406552,recession,Very Late,1663.47,5
406552,relief,Level,20943.87,
406576,landtype,High Land,3876.5,
406576,landtype,Medium High Land-1,1256.48,
406576,landtype,Medium High Land-2,9927.78,
406576,landtype,Medium Low Land,7651.91,
406576,landtype,Low land,4174.97,
406576,texture,Loam,1113.03,3
406576,texture,Clay Loam,3760.43,4
406576,texture,Clay,22014.18,5
406576,consistency,Friable,4873.46,2
406576,consistency,Firm,22014.18,3
406576,drainage,Imperfectly Drained,3876.5,3
406576,drainage,Poorly Drained,21801.87,4
406576,drainage,Very Poorly Drained,1209.27,5
406576,reaction,Strongly Acidic,276.42,2
406576,reaction,Neutral,5663.33,4
406576,reaction,Moderately Alkaline,20947.89,5
406576,moisture,Low,12895.63,1
406576,moisture,Medium,7909.27,2
406576,moisture,High,4873.46,3
406576,moisture,Very High,1209.27,4
406576,salinity,Non Saline,6115.67,1
406576,salinity,Very Slightly Saline,16789.44,2
406576,salinity,Slightly Saline,3982.53,3
406576,recession,Very Early,3876.5,1
406576,recession,Early,8456.18,2
406576,recession,Normal,2889.47,3
406576,recession,Late,10456.21,4
406576,recession,Very Late,1209.27,5
406576,relief,Level,25610.53,
406576,relief,Slightly Undulating,1277.11,
406528,landtype,High Land,2508.45,
406528,landtype,Medium High Land-1,1040.83,
406528,landtype,Medium High Land-2,5352.36,
406528,landtype,Medium Low Land,9665.99,
406528,landtype,Low land,2509.67,
406528,texture,Sand,187.09,1
406528,texture,Loam,2436.93,3
406528,texture,Clay Loam,5054.19,4
406528,texture,Clay,13399.1,5
406528,consistency,Loose,187.09,1
406528,consistency,Friable,4105.32,2
406528,consistency,Firm,16784.89,3
406528,drainage,Imperfectly Drained,2508.45,3
406528,drainage,Poorly Drained,15425.38,4
406528,drainage,Very Poorly Drained,3143.47,5
406528,reaction,Neutral,4300.16,4
406528,reaction,Moderately Alkaline,16777.14,5
406528,moisture,Low,12683.47,1
406528,moisture,Medium,3962.37,2
406528,moisture,High,1287.98,3
406528,moisture,Very High,3143.47,4
406528,salinity,Non Saline,19056.38,1
406528,salinity,Very Slightly Saline,2020.91,2
406528,recession,Very Early,2508.45,1
406528,recession,Early,3804.83,2
406528,recession,Normal,4175.32,3
406528,recession,Late,7445.23,4
406528,recession,Very Late,3143.47,5
406528,relief,Level,21077.3,
408725,landtype,High Land,1970.05,
408725,landtype,Medium High Land-1,1276.86,
408725,landtype,Medium High Land-2,11533.21,
408725,texture,Loam,451.85,3
408725,texture,Clay Loam,3362.72,4
408725,texture,Clay,10965.55,5
408725,consistency,Friable,1506.34,2
408725,consistency,Firm,13273.77,3
408725,drainage,Imperfectly Drained,1970.05,3
408725,drainage,Poorly Drained,12055.31,4
408725,drainage,Very Poorly Drained,754.75,5
408725,reaction,Extremely Acidic,152.36,1
408725,reaction,Strongly Acidic,1971.71,2
408725,reaction,Neutral,1009.23,4
408725,reaction,Moderately Alkaline,11646.81,5
408725,moisture,Low,8004.08,1
408725,moisture,Medium,4514.93,2
408725,moisture,High,1506.34,3
408725,moisture,Very High,754.75,4
408725,salinity,Very Slightly Saline,241.81,2
408725,salinity,Slightly Saline,2036.46,3
408725,salinity,Moderately Saline,5971.68,4
408725,salinity,Strongly Saline,6530.16,5
408725,recession,Very Early,1970.05,1
408725,recession,Early,1851.32,2
408725,recession,Normal,2495.7,3
408725,recession,Late,7708.29,4
408725,recession,Very Late,754.75,5
408725,relief,Level,14780.11,
408704,landtype,High Land,326.92,
408704,landtype,Medium High Land-1,2966.4,
408704,landtype,Medium High Land-2,23144.08,
408704,landtype,Medium Low Land,247.25,
408704,texture,Loam,2049.73,3
408704,texture,Clay Loam,7901.65,4
408704,texture,Clay,16733.27,5
408704,consistency,Friable,2189.35,2
408704,consistency,Firm,24495.3,3
408704,drainage,Imperfectly Drained,326.92,3
408704,drainage,Poorly Drained,26110.48,4
408704,drainage,Very Poorly Drained,247.25,5
408704,reaction,Moderately Acidic,2648.34,3
408704,reaction,Neutral,5224.31,4
408704,reaction,Moderately Alkaline,18811.99,5
408704,moisture,Low,17709.54,1
408704,moisture,Medium,7908.3,2
408704,moisture,High,819.56,3
408704,moisture,Very High,247.25,4
408704,salinity,Non Saline,816.6,1
408704,salinity,Moderately Saline,7570.39,4
408704,salinity,Strongly Saline,1957.92,5
408704,salinity,Extremely Saline,16339.74,6
408704,recession,Very Early,781.26,1
408704,recession,Early,431.82,2
408704,recession,Normal,18344.83,3
408704,recession,Late,6879.48,4
408704,recession,Very Late,247.25,5
408704,relief,Level,26684.65,
408747,landtype,High Land,3273.9,
408747,landtype,Medium High Land-1,4077.05,
408747,landtype,Medium High Land-2,18600.87,
408747,texture,Loam,3417.46,3
408747,texture,Clay Loam,6810.75,4
408747,texture,Clay,15723.62,5
408747,consistency,Friable,4383.87,2
408747,consistency,Firm,21567.96,3
408747,drainage,Moderately Well Drained,776.04,2
408747,drainage,Imperfectly Drained,2497.87,3
408747,drainage,Poorly Drained,22677.92,4
408747,reaction,Neutral,13733.38,4
408747,reaction,Moderately Alkaline,12218.44,5
408747,moisture,Low,14817,1
408747,moisture,Medium,7527,2
408747,moisture,High,3607.83,3
408747,salinity,Non Saline,3343.34,1
408747,salinity,Very Slightly Saline,541.72,2
408747,salinity,Slightly Saline,249.24,3
408747,salinity,Moderately Saline,3898.44,4
408747,salinity,Strongly Saline,4876.66,5
408747,salinity,Extremely Saline,13042.43,6
408747,recession,Very Early,3273.9,1
408747,recession,Early,274.38,2
408747,recession,Normal,19352.44,3
408747,recession,Late,3051.1,4
408747,relief,Level,24412.65,
408747,relief,Slightly Undulating,1539.17,
408743,landtype,High Land,6593.36,
408743,landtype,Medium High Land-1,875.06,
408743,landtype,Medium High Land-2,6047.74,
408743,landtype,Medium Low Land,2978.43,
408743,landtype,Low land,52.05,
408743,texture,Loam,3087.68,3
408743,texture,Clay Loam,1909.9,4
408743,texture,Clay,11549.07,5
408743,consistency,Friable,4997.57,2
408743,consistency,Firm,11549.07,3
408743,drainage,Imperfectly Drained,6593.36,3
408743,drainage,Poorly Drained,9901.23,4
408743,drainage,Very Poorly Drained,52.05,5
408743,reaction,Neutral,8852.35,4
408743,reaction,Moderately Alkaline,7694.29,5
408743,moisture,Low,4915.16,1
408743,moisture,Medium,6638.79,2
408743,moisture,High,4940.64,3
408743,moisture,Very High,52.05,4
408743,salinity,Non Saline,6819.69,1
408743,salinity,Very Slightly Saline,9726.95,2
408743,recession,Very Early,6593.36,1
408743,recession,Early,4929.14,2
408743,recession,Normal,2050.59,3
408743,recession,Late,2921.5,4
408743,recession,Very Late,52.05,5
408743,relief,Level,16546.64,
408782,landtype,High Land,8529.84,
408782,landtype,Medium High Land-1,1900.12,
408782,landtype,Medium High Land-2,17470.38,
408782,landtype,Medium Low Land,4685.46,
408782,landtype,Low land,198.98,
408782,texture,Loam,1296.86,3
408782,texture,Clay Loam,4987.69,4
408782,texture,Clay,26500.23,5
408782,consistency,Friable,1296.86,2
408782,consistency,Firm,31487.93,3
408782,drainage,Imperfectly Drained,8529.84,3
408782,drainage,Poorly Drained,24254.95,4
408782,reaction,Moderately Alkaline,32784.78,5
408782,moisture,Low,13888.09,1
408782,moisture,Medium,13435.76,2
408782,moisture,High,5460.93,3
408782,salinity,Non Saline,28928.22,1
408782,salinity,Very Slightly Saline,2372.85,2
408782,salinity,Slightly Saline,1483.71,3
408782,recession,Very Early,8529.84,1
408782,recession,Early,9543.24,2
408782,recession,Normal,9827.27,3
408782,recession,Late,4884.44,4
408782,relief,Level,22734.06,
408782,relief,Slightly Undulating,10050.72,
408790,landtype,High Land,5518.66,
408790,landtype,Medium High Land-1,1753.97,
408790,landtype,Medium High Land-2,19081.57,
408790,landtype,Medium Low Land,153.98,
408790,texture,Loam,2582.66,3
408790,texture,Clay Loam,6843.23,4
408790,texture,Clay,17082.29,5
408790,consistency,Friable,5791.57,2
408790,consistency,Firm,20716.62,3
408790,drainage,Imperfectly Drained,5518.66,3
408790,drainage,Poorly Drained,20989.53,4
408790,reaction,Neutral,5869.87,4
408790,reaction,Moderately Alkaline,20638.31,5
408790,moisture,Low,12045.19,1
408790,moisture,Medium,8565.38,2
408790,moisture,High,5897.61,3
408790,salinity,Non Saline,9465.13,1
408790,salinity,Very Slightly Saline,2053.21,2
408790,salinity,Slightly Saline,14599.25,3
408790,salinity,Moderately Saline,390.6,4
408790,recession,Very Early,5518.66,1
408790,recession,Early,2900.93,2
408790,recession,Normal,6043.41,3
408790,recession,Late,12045.19,4
408790,relief,Level,22164.18,
408790,relief,Slightly Undulating,4344,
408786,landtype,Medium High Land-1,4222.58,
408786,landtype,Medium High Land-2,28189.19,
408786,texture,Loam,47.11,3
408786,texture,Clay Loam,13135.04,4
408786,texture,Clay,19229.62,5
408786,consistency,Friable,47.11,2
408786,consistency,Firm,32364.67,3
408786,drainage,Poorly Drained,32411.77,4
408786,reaction,Strongly Acidic,4473.65,2
408786,reaction,Moderately Acidic,22451.9,3
408786,reaction,Neutral,32.37,4
408786,reaction,Moderately Alkaline,5453.85,5
408786,moisture,Low,19229.62,1
408786,moisture,Medium,10523.43,2
408786,moisture,High,2658.72,3
408786,salinity,Very Slightly Saline,32.37,2
408786,salinity,Slightly Saline,22114.1,3
408786,salinity,Moderately Saline,9510.28,4
408786,salinity,Extremely Saline,755.03,6
408786,recession,Early,13025.1,2
408786,recession,Normal,11882.86,3
408786,recession,Late,7503.81,4
408786,relief,Level,32411.77,
453915,landtype,High Land,1846.98,
453915,landtype,Medium High Land-1,1033.5,
453915,landtype,Medium High Land-2,9963.48,
453915,landtype,Medium Low Land,7008.68,
453915,landtype,Low land,2286.36,
453915,texture,Sand,2623.67,1
453915,texture,Sandy Loam ,115.66,2
453915,texture,Loam,18203.72,3
453915,texture,Clay Loam,791.06,4
453915,texture,Clay,404.89,5
453915,consistency,Loose,2623.67,1
453915,consistency,Friable,18319.38,2
453915,consistency,Firm,1195.95,3
453915,drainage,Moderately Well Drained,717.49,2
453915,drainage,Imperfectly Drained,1129.49,3
453915,drainage,Poorly Drained,20255.61,4
453915,drainage,Very Poorly Drained,36.4,5
453915,reaction,Strongly Acidic,4945.86,2
453915,reaction,Moderately Acidic,17193.14,3
453915,moisture,Low,3198.11,1
453915,moisture,Medium,601.83,2
453915,moisture,High,18302.65,3
453915,moisture,Very High,36.4,4
453915,salinity,Non Saline,22139,1
453915,recession,Very Early,1846.98,1
453915,recession,Early,16612.71,2
453915,recession,Normal,3519.77,3
453915,recession,Late,123.13,4
453915,recession,Very Late,36.4,5
453915,relief,Level,22139,
453929,landtype,High Land,1844.46,
453929,landtype,Medium High Land-1,434.11,
453929,landtype,Medium High Land-2,8408.71,
453929,landtype,Medium Low Land,12077.04,
453929,landtype,Low land,402.84,
453929,texture,Sand,1879.27,1
453929,texture,Sandy Loam ,4758.24,2
453929,texture,Loam,6018.03,3
453929,texture,Clay Loam,3847.15,4
453929,texture,Clay,6664.45,5
453929,consistency,Loose,1879.27,1
453929,consistency,Friable,10776.27,2
453929,consistency,Firm,10511.6,3
453929,drainage,Moderately Well Drained,1235.72,2
453929,drainage,Imperfectly Drained,608.74,3
453929,drainage,Poorly Drained,20919.85,4
453929,drainage,Very Poorly Drained,402.84,5
453929,reaction,Strongly Acidic,12234.33,2
453929,reaction,Moderately Acidic,2441.4,3
453929,reaction,Neutral,8491.41,4
453929,moisture,Low,7966.94,1
453929,moisture,Medium,9283.34,2
453929,moisture,High,5916.86,3
453929,salinity,Non Saline,23167.14,1
453929,recession,Very Early,1844.46,1
453929,recession,Early,14179.84,2
453929,recession,Normal,5580.85,3
453929,recession,Late,1159.16,4
453929,recession,Very Late,402.84,5
453929,relief,Level,23167.14,
453961,landtype,High Land,5870.58,
453961,landtype,Medium High Land-1,396.42,
453961,landtype,Medium High Land-2,9083,
453961,landtype,Medium Low Land,5808.02,
453961,landtype,Low land,1408.13,
453961,texture,Sand,339.77,1
453961,texture,Sandy Loam ,424.24,2
453961,texture,Loam,10928.86,3
453961,texture,Clay Loam,6957.18,4
453961,texture,Clay,3916.12,5
453961,consistency,Loose,339.77,1
453961,consistency,Friable,15796.32,2
453961,consistency,Firm,6430.07,3
453961,drainage,Moderately Well Drained,557.25,2
453961,drainage,Imperfectly Drained,5313.33,3
453961,drainage,Poorly Drained,15720.12,4
453961,drainage,Very Poorly Drained,975.46,5
453961,reaction,Strongly Acidic,6770.8,2
453961,reaction,Moderately Acidic,13304.75,3
453961,reaction,Neutral,2490.61,4
453961,moisture,Low,2914.96,1
453961,moisture,Medium,8298.11,2
453961,moisture,High,10928.86,3
453961,moisture,Very High,424.24,4
453961,salinity,Non Saline,22566.16,1
453961,recession,Very Early,5870.58,1
453961,recession,Early,7888.84,2
453961,recession,Normal,5642.13,3
453961,recession,Late,2189.15,4
453961,recession,Very Late,975.46,5
453961,relief,Level,21517.22,
453961,relief,Slightly Undulating,1048.94,
453985,landtype,High Land,4316.33,
453985,landtype,Medium High Land-1,1316.02,
453985,landtype,Medium High Land-2,7148.36,
453985,landtype,Medium Low Land,8067.81,
453985,landtype,Low land,348.37,
453985,texture,Sand,720.21,1
453985,texture,Loam,12763.02,3
453985,texture,Clay Loam,5456.7,4
453985,texture,Clay,2256.96,5
453985,consistency,Loose,720.21,1
453985,consistency,Friable,12763.02,2
453985,consistency,Firm,7713.66,3
453985,drainage,Imperfectly Drained,4316.33,3
453985,drainage,Poorly Drained,16593.38,4
453985,drainage,Very Poorly Drained,287.18,5
453985,reaction,Strongly Acidic,6386.19,2
453985,reaction,Moderately Acidic,11294.65,3
453985,reaction,Neutral,1645.74,4
453985,reaction,Moderately Alkaline,1870.32,5
453985,moisture,Low,2689.99,1
453985,moisture,Medium,5456.7,2
453985,moisture,High,12763.02,3
453985,moisture,Very High,287.18,4
453985,salinity,Non Saline,21196.89,1
453985,recession,Very Early,4316.33,1
453985,recession,Early,9425.48,2
453985,recession,Normal,6656.23,3
453985,recession,Late,511.67,4
453985,recession,Very Late,287.18,5
453985,relief,Level,21196.89,
453936,landtype,High Land,10608.73,
453936,landtype,Medium High Land-1,1777.5,
453936,landtype,Medium High Land-2,14021.77,
453936,landtype,Medium Low Land,8702.88,
453936,landtype,Low land,1008,
453936,texture,Sand,790.71,1
453936,texture,Sandy Loam ,2455.93,2
453936,texture,Loam,10291.12,3
453936,texture,Clay Loam,11706.41,4
453936,texture,Clay,10874.7,5
453936,consistency,Loose,3936.76,1
453936,consistency,Friable,17722.24,2
453936,consistency,Firm,14459.87,3
453936,drainage,Well Drained,1461.7,1
453936,drainage,Moderately Well Drained,2786.03,2
453936,drainage,Imperfectly Drained,8959.69,3
453936,drainage,Poorly Drained,21903.44,4
453936,drainage,Very Poorly Drained,1008,5
453936,reaction,Strongly Acidic,33286.88,2
453936,reaction,Moderately Acidic,2831.99,3
453936,moisture,Low,12657.3,1
453936,moisture,Medium,8855.6,2
453936,moisture,High,13597.98,3
453936,moisture,Very High,1008,4
453936,salinity,Non Saline,36118.87,1
453936,recession,Very Early,10608.73,1
453936,recession,Early,17649.84,2
453936,recession,Normal,3921.14,3
453936,recession,Late,2931.16,4
453936,recession,Very Late,1008,5
453936,relief,Level,33897.04,
453936,relief,Slightly Undulating,2221.83,
456113,landtype,High Land,16030.28,
456113,landtype,Medium High Land-1,2426.26,
456113,landtype,Medium High Land-2,6926.26,
456113,landtype,Medium Low Land,5400.11,
456113,landtype,Low land,976.6,
456113,landtype,Very Low land,1010.06,
456113,texture,Loam,158.27,3
456113,texture,Clay Loam,25727.73,4
456113,texture,Clay,6883.56,5
456113,consistency,Friable,21593.58,2
456113,consistency,Firm,11175.99,3
456113,drainage,Well Drained,6058.34,1
456113,drainage,Moderately Well Drained,6932,2
456113,drainage,Imperfectly Drained,3039.93,3
456113,drainage,Poorly Drained,14974.74,4
456113,drainage,Very Poorly Drained,1764.55,5
456113,reaction,Extremely Acidic,9234.86,1
456113,reaction,Strongly Acidic,22643.53,2
456113,reaction,Moderately Acidic,891.18,3
456113,moisture,Low,25028.78,1
456113,moisture,Medium,7450.15,2
456113,moisture,High,290.63,3
456113,salinity,Non Saline,32769.57,1
456113,recession,Very Early,16030.28,1
456113,recession,Early,9352.53,2
456113,recession,Normal,5400.11,3
456113,recession,Late,556.03,4
456113,recession,Very Late,1430.62,5
456113,relief,Level,18916.7,
456113,relief,Slightly Undulating,4569.66,
456113,relief,Moderately Undulating,9283.21,
456116,landtype,High Land,6605.79,
456116,landtype,Medium High Land-1,1735.84,
456116,landtype,Medium High Land-2,8263.64,
456116,landtype,Medium Low Land,5278.16,
456116,landtype,Low land,2720.48,
456116,texture,Sandy Loam ,115.3,2
456116,texture,Loam,14026.68,3
456116,texture,Clay Loam,4907.93,4
456116,texture,Clay,5554.01,5
456116,consistency,Friable,14225.91,2
456116,consistency,Firm,10378.01,3
456116,drainage,Well Drained,187.94,1
456116,drainage,Imperfectly Drained,6417.85,3
456116,drainage,Poorly Drained,17344.44,4
456116,drainage,Very Poorly Drained,653.69,5
456116,reaction,Strongly Acidic,24603.92,2
456116,moisture,Low,9545.41,1
456116,moisture,Medium,14271.56,2
456116,moisture,High,786.95,3
456116,salinity,Non Saline,24603.92,1
456116,recession,Very Early,6605.79,1
456116,recession,Early,9999.48,2
456116,recession,Normal,4369.63,3
456116,recession,Late,2975.33,4
456116,recession,Very Late,653.69,5
456116,relief,Level,24415.98,
456116,relief,Undulating,187.94,
456120,landtype,High Land,16099.06,
456120,landtype,Medium High Land-1,3965.06,
456120,landtype,Medium High Land-2,12231.44,
456120,landtype,Medium Low Land,3770.72,
456120,landtype,Low land,417.37,
456120,texture,Loam,3461.91,3
456120,texture,Clay Loam,27641.6,4
456120,texture,Clay,5380.14,5
456120,consistency,Friable,31103.51,2
456120,consistency,Firm,5380.14,3
456120,drainage,Well Drained,5465.33,1
456120,drainage,Moderately Well Drained,3768.27,2
456120,drainage,Imperfectly Drained,2613.6,3
456120,drainage,Poorly Drained,24540.7,4
456120,drainage,Very Poorly Drained,95.75,5
456120,reaction,Strongly Acidic,8067.37,2
456120,reaction,Moderately Acidic,28416.28,3
456120,moisture,Low,14830.75,1
456120,moisture,Medium,4762.63,2
456120,moisture,High,16510.99,3
456120,moisture,Very High,379.28,4
456120,salinity,Non Saline,36483.65,1
456120,recession,Very Early,11847.2,1
456120,recession,Early,18004.56,2
456120,recession,Normal,3801.43,3
456120,recession,Late,2451.18,4
456120,recession,Very Late,379.28,5
456120,relief,Level,36483.65,
456123,landtype,High Land,10634.94,
456123,landtype,Medium High Land-1,1688.39,
456123,landtype,Medium High Land-2,7633.96,
456123,landtype,Medium Low Land,3179.69,
456123,landtype,Low land,950.15,
456123,landtype,Very Low land,284.44,
456123,texture,Sand,115.38,1
456123,texture,Sandy Loam ,65.81,2
456123,texture,Loam,9308.59,3
456123,texture,Clay Loam,10667.84,4
456123,texture,Clay,4213.94,5
456123,consistency,Loose,115.38,1
456123,consistency,Friable,19504.27,2
456123,consistency,Firm,4751.92,3
456123,drainage,Moderately Well Drained,558.52,2
456123,drainage,Imperfectly Drained,10076.41,3
456123,drainage,Poorly Drained,13452.19,4
456123,drainage,Very Poorly Drained,284.44,5
456123,reaction,Strongly Acidic,19835.63,2
456123,reaction,Moderately Acidic,4535.94,3
456123,moisture,Low,5039.59,1
456123,moisture,Medium,11043.86,2
456123,moisture,High,8288.12,3
456123,salinity,Non Saline,24371.57,1
456123,recession,Very Early,10634.94,1
456123,recession,Early,9734,2
456123,recession,Normal,2415.35,3
456123,recession,Late,1151.09,4
456123,recession,Very Late,436.19,5
456123,relief,Level,24371.57,
456122,landtype,High Land,10051.39,
456122,landtype,Medium High Land-1,1386.13,
456122,landtype,Medium High Land-2,6759.21,
456122,landtype,Medium Low Land,6037.94,
456122,landtype,Low land,3139.27,
456122,landtype,Very Low land,322.33,
456122,texture,Sand,1278.63,1
456122,texture,Loam,6527.34,3
456122,texture,Clay Loam,10696.07,4
456122,texture,Clay,9194.21,5
456122,consistency,Loose,1278.63,1
456122,consistency,Friable,10151.32,2
456122,consistency,Firm,16266.3,3
456122,drainage,Well Drained,1927.06,1
456122,drainage,Moderately Well Drained,405.38,2
456122,drainage,Imperfectly Drained,7012.93,3
456122,drainage,Poorly Drained,18028.57,4
456122,drainage,Very Poorly Drained,322.33,5
456122,reaction,Strongly Acidic,14741.4,2
456122,reaction,Moderately Acidic,12134.56,3
456122,reaction,Neutral,820.3,4
456122,moisture,Low,12428.45,1
456122,moisture,Medium,8685.83,2
456122,moisture,High,6581.97,3
456122,salinity,Non Saline,27696.26,1
456122,recession,Very Early,10051.39,1
456122,recession,Early,9993.03,2
456122,recession,Normal,3172.85,3
456122,recession,Late,3616.85,4
456122,recession,Very Late,862.13,5
456122,relief,Level,27696.26,
456131,landtype,High Land,11682.12,
456131,landtype,Medium High Land-1,1897.94,
456131,landtype,Medium High Land-2,9311.08,
456131,landtype,Medium Low Land,1357.18,
456131,landtype,Low land,557.97,
456131,landtype,Very Low land,391.85,
456131,texture,Sand,110.03,1
456131,texture,Loam,8903.98,3
456131,texture,Clay Loam,14127.54,4
456131,texture,Clay,2056.58,5
456131,consistency,Friable,23141.55,2
456131,consistency,Firm,2056.58,3
456131,drainage,Moderately Well Drained,290.11,2
456131,drainage,Imperfectly Drained,11392.01,3
456131,drainage,Poorly Drained,12566.2,4
456131,drainage,Very Poorly Drained,949.82,5
456131,reaction,Extremely Acidic,245.2,1
456131,reaction,Strongly Acidic,21087.6,2
456131,reaction,Moderately Acidic,3414.86,3
456131,reaction,Neutral,450.47,4
456131,moisture,Low,1875.5,1
456131,moisture,Medium,5002.05,2
456131,moisture,High,17370.76,3
456131,moisture,Very High,949.82,4
456131,salinity,Non Saline,25198.13,1
456131,recession,Very Early,11682.12,1
456131,recession,Early,11514.45,2
456131,recession,Normal,556.13,3
456131,recession,Late,495.62,4
456131,recession,Very Late,949.82,5
456131,relief,Level,25125.52,
456131,relief,Slightly Undulating,72.62,
456152,landtype,High Land,12877.53,
456152,landtype,Medium High Land-1,2148.25,
456152,landtype,Medium High Land-2,10788.9,
456152,landtype,Medium Low Land,5846.99,
456152,landtype,Low land,921.06,
456152,texture,Sand,1619.87,1
456152,texture,Sandy Loam ,297.28,2
456152,texture,Loam,19296.47,3
456152,texture,Clay Loam,7797.72,4
456152,texture,Clay,3571.38,5
456152,consistency,Loose,1619.87,1
456152,consistency,Friable,23815.54,2
456152,consistency,Firm,7147.31,3
456152,drainage,Moderately Well Drained,1367.33,2
456152,drainage,Imperfectly Drained,11510.2,3
456152,drainage,Poorly Drained,19372.9,4
456152,drainage,Very Poorly Drained,332.29,5
456152,reaction,Extremely Acidic,1181.45,1
456152,reaction,Strongly Acidic,26819.62,2
456152,reaction,Moderately Acidic,3398.87,3
456152,reaction,Neutral,1182.79,4
456152,moisture,Low,6452.67,1
456152,moisture,Medium,1070.05,2
456152,moisture,High,24727.7,3
456152,moisture,Very High,332.29,4
456152,salinity,Non Saline,32582.72,1
456152,recession,Very Early,12877.53,1
456152,recession,Early,14858.49,2
456152,recession,Normal,3182.65,3
456152,recession,Late,1331.76,4
456152,recession,Very Late,332.29,5
456152,relief,Level,32582.72,
456165,landtype,High Land,10379.5,
456165,landtype,Medium High Land-1,3949.37,
456165,landtype,Medium High Land-2,11989.75,
456165,landtype,Medium Low Land,1110.94,
456165,landtype,Low land,147.21,
456165,texture,Loam,5073.44,3
456165,texture,Clay Loam,22471.46,4
456165,texture,Clay,31.85,5
456165,consistency,Friable,21718.39,2
456165,consistency,Firm,5858.38,3
456165,drainage,Well Drained,1278.42,1
456165,drainage,Moderately Well Drained,948.79,2
456165,drainage,Imperfectly Drained,8152.29,3
456165,drainage,Poorly Drained,17197.26,4
456165,reaction,Extremely Acidic,61.04,1
456165,reaction,Strongly Acidic,27123.56,2
456165,reaction,Moderately Acidic,392.16,3
456165,moisture,Low,5286.44,1
456165,moisture,Medium,17503.91,2
456165,moisture,High,4786.41,3
456165,salinity,Non Saline,27576.76,1
456165,recession,Very Early,10379.5,1
456165,recession,Early,15449.62,2
456165,recession,Normal,521.35,3
456165,recession,Late,1226.29,4
456165,relief,Level,23893.47,
456165,relief,Slightly Undulating,3683.3,
456172,landtype,High Land,12081.64,
456172,landtype,Medium High Land-1,917.98,
456172,landtype,Medium High Land-2,5794.08,
456172,landtype,Medium Low Land,3131.2,
456172,landtype,Low land,812.52,
456172,landtype,Very Low land,311.9,
456172,texture,Sand,271.17,1
456172,texture,Loam,8996.92,3
456172,texture,Clay Loam,8505.17,4
456172,texture,Clay,5276.07,5
456172,consistency,Loose,271.17,1
456172,consistency,Friable,17234.97,2
456172,consistency,Firm,5543.18,3
456172,drainage,Imperfectly Drained,12081.64,3
456172,drainage,Poorly Drained,10506,4
456172,drainage,Very Poorly Drained,461.68,5
456172,reaction,Strongly Acidic,17506.96,2
456172,reaction,Moderately Acidic,5542.37,3
456172,moisture,Low,5352.67,1
456172,moisture,Medium,570.63,2
456172,moisture,High,16664.35,3
456172,moisture,Very High,461.68,4
456172,salinity,Non Saline,23049.33,1
456172,recession,Very Early,12081.64,1
456172,recession,Early,4402.01,2
456172,recession,Normal,3332.54,3
456172,recession,Late,2921.23,4
456172,recession,Very Late,311.9,5
456172,relief,Level,23049.33,
456181,landtype,High Land,4670.35,
456181,landtype,Medium High Land-1,2137.13,
456181,landtype,Medium High Land-2,6894.42,
456181,landtype,Medium Low Land,7231.73,
456181,landtype,Low land,3420.09,
456181,texture,Sandy Loam ,1535.42,2
456181,texture,Loam,5033.01,3
456181,texture,Clay Loam,8800.29,4
456181,texture,Clay,8985,5
456181,consistency,Friable,6568.43,2
456181,consistency,Firm,17785.28,3
456181,drainage,Moderately Well Drained,812.27,2
456181,drainage,Imperfectly Drained,3858.07,3
456181,drainage,Poorly Drained,19281.08,4
456181,drainage,Very Poorly Drained,402.28,5
456181,reaction,Strongly Acidic,9680.67,2
456181,reaction,Moderately Acidic,13993.14,3
456181,reaction,Neutral,679.91,4
456181,moisture,Low,10118.13,1
456181,moisture,Medium,1841.04,2
456181,moisture,High,11992.25,3
456181,moisture,Very High,402.28,4
456181,salinity,Non Saline,24353.71,1
456181,recession,Very Early,4670.35,1
456181,recession,Early,9031.55,2
456181,recession,Normal,1666.82,3
456181,recession,Late,8582.71,4
456181,recession,Very Late,402.28,5
456181,relief,Level,24353.71,
456188,landtype,High Land,4876.61,
456188,landtype,Medium High Land-1,2374.81,
456188,landtype,Medium High Land-2,10905.24,
456188,landtype,Medium Low Land,4716.23,
456188,landtype,Low land,1011.46,
456188,texture,Sandy Loam ,3141.72,2
456188,texture,Loam,4253.87,3
456188,texture,Clay Loam,11261.06,4
456188,texture,Clay,5227.69,5
456188,consistency,Friable,7395.59,2
456188,consistency,Firm,16488.75,3
456188,drainage,Well Drained,55.3,1
456188,drainage,Moderately Well Drained,178.08,2
456188,drainage,Imperfectly Drained,4643.23,3
456188,drainage,Poorly Drained,19007.73,4
456188,reaction,Extremely Acidic,1696.89,1
456188,reaction,Strongly Acidic,22187.45,2
456188,moisture,Low,8369.41,1
456188,moisture,High,15514.93,3
456188,salinity,Non Saline,23884.34,1
456188,recession,Very Early,4876.61,1
456188,recession,Early,12901.43,2
456188,recession,Normal,878.62,3
456188,recession,Late,5227.69,4
456188,relief,Level,23884.34,
456194,landtype,High Land,7599.78,
456194,landtype,Medium High Land-1,3989.67,
456194,landtype,Medium High Land-2,13107.51,
456194,landtype,Medium Low Land,4621,
456194,landtype,Low land,489.53,
456194,texture,Sand,136.97,1
456194,texture,Loam,21048.2,3
456194,texture,Clay Loam,7499.13,4
456194,texture,Clay,1123.21,5
456194,consistency,Loose,136.97,1
456194,consistency,Friable,22988.33,2
456194,consistency,Firm,6682.2,3
456194,drainage,Well Drained,528.17,1
456194,drainage,Moderately Well Drained,1564.76,2
456194,drainage,Imperfectly Drained,5506.85,3
456194,drainage,Poorly Drained,22000.9,4
456194,drainage,Very Poorly Drained,206.82,5
456194,reaction,Extremely Acidic,340.46,1
456194,reaction,Strongly Acidic,26720.99,2
456194,reaction,Moderately Acidic,2463.34,3
456194,reaction,Neutral,282.71,4
456194,moisture,Low,7621.64,1
456194,moisture,Medium,1913.58,2
456194,moisture,High,20065.47,3
456194,moisture,Very High,206.82,4
456194,salinity,Non Saline,29807.5,1
456194,recession,Very Early,7599.78,1
456194,recession,Early,15645.48,2
456194,recession,Normal,3298.11,3
456194,recession,Late,3057.31,4
456194,recession,Very Late,206.82,5
456194,relief,Level,29807.5,
457204,landtype,High Land,751.5,
457204,landtype,Medium High Land-1,1242,
457204,landtype,Medium High Land-2,4593.72,
457204,landtype,Medium Low Land,4584.9,
457204,landtype,Low land,3679.03,
457204,texture,Loam,2067.24,3
457204,texture,Clay Loam,3687.66,4
457204,texture,Clay,9096.26,5
457204,consistency,Friable,2067.24,2
457204,consistency,Firm,12783.92,3
457204,drainage,Imperfectly Drained,2422.5,3
457204,drainage,Poorly Drained,10984.48,4
457204,drainage,Very Poorly Drained,1444.18,5
457204,reaction,Extremely Acidic,465.06,1
457204,reaction,Strongly Acidic,14166.55,2
457204,reaction,Moderately Acidic,219.55,3
457204,moisture,Low,9096.26,1
457204,moisture,Medium,3687.66,2
457204,moisture,High,2067.24,3
457204,salinity,Non Saline,14851.16,1
457204,recession,Very Early,751.5,1
457204,recession,Early,5822.67,2
457204,recession,Normal,4597.96,3
457204,recession,Late,2153.71,4
457204,recession,Very Late,1525.32,5
457204,relief,Level,14851.16,
457209,landtype,High Land,393.49,
457209,landtype,Medium High Land-1,1931.37,
457209,landtype,Medium High Land-2,6701.22,
457209,landtype,Medium Low Land,6280.79,
457209,landtype,Low land,3938.17,
457209,texture,Loam,6469.91,3
457209,texture,Clay Loam,5886.13,4
457209,texture,Clay,6888.98,5
457209,consistency,Friable,6469.91,2
457209,consistency,Firm,12775.12,3
457209,drainage,Imperfectly Drained,393.49,3
457209,drainage,Poorly Drained,18184.17,4
457209,drainage,Very Poorly Drained,667.37,5
457209,reaction,Strongly Acidic,19245.03,2
457209,moisture,Low,9508.59,1
457209,moisture,Medium,3992.01,2
457209,moisture,High,5744.43,3
457209,salinity,Non Saline,19245.03,1
457209,recession,Very Early,393.49,1
457209,recession,Early,9004.97,2
457209,recession,Normal,5908.4,3
457209,recession,Late,3270.8,4
457209,recession,Very Late,667.37,5
457209,relief,Level,19245.03,
457218,landtype,High Land,9101.11,
457218,landtype,Medium High Land-1,897.36,
457218,landtype,Medium High Land-2,4559.84,
457218,landtype,Medium Low Land,4247.12,
457218,landtype,Low land,1655.63,
457218,texture,Sandy Loam ,444.42,2
457218,texture,Loam,8886.42,3
457218,texture,Clay Loam,5293.83,4
457218,texture,Clay,5836.39,5
457218,consistency,Friable,8983.08,2
457218,consistency,Firm,11477.99,3
457218,drainage,Well Drained,630.41,1
457218,drainage,Imperfectly Drained,8470.7,3
457218,drainage,Poorly Drained,11359.95,4
457218,reaction,Extremely Acidic,11925.34,1
457218,reaction,Strongly Acidic,8535.72,2
457218,moisture,Low,9950.95,1
457218,moisture,Medium,9727.36,2
457218,moisture,High,782.75,3
457218,salinity,Non Saline,20461.06,1
457218,recession,Very Early,9101.11,1
457218,recession,Early,5457.21,2
457218,recession,Normal,4247.12,3
457218,recession,Late,44.95,4
457218,recession,Very Late,1610.68,5
457218,relief,Level,19830.65,
457218,relief,Sloppy,630.41,
457240,landtype,High Land,9593.23,
457240,landtype,Medium High Land-1,1714.57,
457240,landtype,Medium High Land-2,7258.82,
457240,landtype,Medium Low Land,5633.45,
457240,landtype,Low land,7612.72,
457240,landtype,Very Low land,1198.15,
457240,texture,Sandy Loam ,156.14,2
457240,texture,Loam,12286.03,3
457240,texture,Clay Loam,8179.01,4
457240,texture,Clay,12389.76,5
457240,consistency,Loose,6173.02,1
457240,consistency,Friable,6962.87,2
457240,consistency,Firm,19875.04,3
457240,drainage,Well Drained,446.63,1
457240,drainage,Imperfectly Drained,9160.65,3
457240,drainage,Poorly Drained,22205.5,4
457240,drainage,Very Poorly Drained,1198.15,5
457240,reaction,Strongly Acidic,33010.93,2
457240,moisture,Low,18156.48,1
457240,moisture,Medium,14854.45,2
457240,salinity,Non Saline,33010.93,1
457240,recession,Very Early,9593.23,1
457240,recession,Early,8579.76,2
457240,recession,Normal,6027.07,3
457240,recession,Late,7612.72,4
457240,recession,Very Late,1198.15,5
457240,relief,Level,32564.3,
457240,relief,Sloppy,446.63,
457247,landtype,High Land,4027.57,
457247,landtype,Medium High Land-1,3232.04,
457247,landtype,Medium High Land-2,12155.72,
457247,landtype,Medium Low Land,3084.05,
457247,landtype,Low land,2206.09,
457247,landtype,Very Low land,2644.09,
457247,texture,Loam,5773.2,3
457247,texture,Clay Loam,14520.79,4
457247,texture,Clay,7055.57,5
457247,consistency,Friable,5773.2,2
457247,consistency,Firm,21576.36,3
457247,drainage,Imperfectly Drained,4027.57,3
457247,drainage,Poorly Drained,20677.91,4
457247,drainage,Very Poorly Drained,2644.09,5
457247,reaction,Strongly Acidic,24669.08,2
457247,reaction,Moderately Acidic,2680.48,3
457247,moisture,Low,7411.76,1
457247,moisture,Medium,14046.4,2
457247,moisture,High,5891.4,3
457247,salinity,Non Saline,27349.56,1
457247,recession,Very Early,4027.57,1
457247,recession,Early,15862.16,2
457247,recession,Normal,48.08,3
457247,recession,Late,6531.28,4
457247,recession,Very Late,880.48,5
457247,relief,Level,27349.56,
457256,landtype,High Land,352.02,
457256,landtype,Medium High Land-1,793.31,
457256,landtype,Medium High Land-2,2551.46,
457256,landtype,Medium Low Land,5060.23,
457256,landtype,Low land,8944.39,
457256,landtype,Very Low land,2158.41,
457256,texture,Loam,1566.07,3
457256,texture,Clay Loam,8968.87,4
457256,texture,Clay,9324.88,5
457256,consistency,Friable,3848.85,2
457256,consistency,Firm,16010.97,3
457256,drainage,Imperfectly Drained,352.02,3
457256,drainage,Poorly Drained,17349.39,4
457256,drainage,Very Poorly Drained,2158.41,5
457256,reaction,Strongly Acidic,9339.11,2
457256,reaction,Moderately Acidic,10520.71,3
457256,moisture,Low,10361.85,1
457256,moisture,Medium,5773.48,2
457256,moisture,High,1566.07,3
457256,moisture,Very High,2158.41,4
457256,salinity,Non Saline,19859.82,1
457256,recession,Very Early,352.02,1
457256,recession,Early,3344.76,2
457256,recession,Normal,5060.23,3
457256,recession,Late,8944.39,4
457256,recession,Very Late,2158.41,5
457256,relief,Level,19859.82,
457238,landtype,Medium Low Land,1393.23,
457238,landtype,Low land,14189.46,
457238,landtype,Very Low land,9992.24,
457238,texture,Loam,580.67,3
457238,texture,Clay Loam,4660.9,4
457238,texture,Clay,20333.36,5
457238,consistency,Friable,580.67,2
457238,consistency,Firm,24994.26,3
457238,drainage,Poorly Drained,20364.59,4
457238,drainage,Very Poorly Drained,5210.34,5
457238,reaction,Strongly Acidic,25574.93,2
457238,moisture,Low,22467.72,1
457238,moisture,Medium,927.69,2
457238,moisture,High,580.67,3
457238,moisture,Very High,1598.84,4
457238,salinity,Non Saline,25574.93,1
457238,recession,Normal,1393.23,3
457238,recession,Late,18971.36,4
457238,recession,Very Late,5210.34,5
457238,relief,Level,21963.43,
457238,relief,Undulating,3611.49,
457263,landtype,High Land,801.58,
457263,landtype,Medium High Land-1,1360.6,
457263,landtype,Medium High Land-2,4170.47,
457263,landtype,Medium Low Land,4079.23,
457263,landtype,Low land,6692.45,
457263,landtype,Very Low land,4815.44,
457263,texture,Loam,4986.43,3
457263,texture,Clay Loam,6046.79,4
457263,texture,Clay,10886.54,5
457263,consistency,Friable,9116.27,2
457263,consistency,Firm,12803.5,3
457263,drainage,Moderately Well Drained,186.23,2
457263,drainage,Imperfectly Drained,615.36,3
457263,drainage,Poorly Drained,19234.7,4
457263,drainage,Very Poorly Drained,1883.48,5
457263,reaction,Strongly Acidic,21919.76,2
457263,moisture,Low,14333.31,1
457263,moisture,Medium,1253.8,2
457263,moisture,High,6332.65,3
457263,salinity,Non Saline,21919.76,1
457263,recession,Very Early,801.58,1
457263,recession,Early,5531.07,2
457263,recession,Normal,1253.8,3
457263,recession,Late,12449.84,4
457263,recession,Very Late,1883.48,5
457263,relief,Level,21919.76,
457274,landtype,High Land,4101.37,
457274,landtype,Medium High Land-1,2146.32,
457274,landtype,Medium High Land-2,7934.04,
457274,landtype,Medium Low Land,4569.2,
457274,landtype,Low land,2567.67,
457274,texture,Loam,4784.17,3
457274,texture,Clay Loam,7712.24,4
457274,texture,Clay,8822.18,5
457274,consistency,Friable,4784.17,2
457274,consistency,Firm,16534.43,3
457274,drainage,Imperfectly Drained,4101.37,3
457274,drainage,Poorly Drained,16298.75,4
457274,drainage,Very Poorly Drained,918.48,5
457274,reaction,Strongly Acidic,19464.65,2
457274,reaction,Moderately Acidic,1853.96,3
457274,moisture,Low,10156.18,1
457274,moisture,Medium,6858.29,2
457274,moisture,High,4304.13,3
457274,salinity,Non Saline,21318.6,1
457274,recession,Very Early,4101.37,1
457274,recession,Early,10080.36,2
457274,recession,Normal,4569.2,3
457274,recession,Late,2472.29,4
457274,recession,Very Late,95.38,5
457274,relief,Level,21318.6,
457283,landtype,High Land,11555,
457283,landtype,Medium High Land-1,1859.38,
457283,landtype,Medium High Land-2,6096.13,
457283,landtype,Medium Low Land,4550.14,
457283,landtype,Low land,1373.26,
457283,landtype,Very Low land,491.16,
457283,texture,Loam,7117.65,3
457283,texture,Clay Loam,15694.58,4
457283,texture,Clay,3112.84,5
457283,consistency,Friable,12444.17,2
457283,consistency,Firm,13480.9,3
457283,drainage,Imperfectly Drained,11555,3
457283,drainage,Poorly Drained,13595.16,4
457283,drainage,Very Poorly Drained,774.91,5
457283,reaction,Strongly Acidic,25925.07,2
457283,moisture,Low,9385.41,1
457283,moisture,Medium,3320.57,2
457283,moisture,High,12444.17,3
457283,moisture,Very High,774.91,4
457283,salinity,Non Saline,25925.07,1
457283,recession,Very Early,11555,1
457283,recession,Early,4209.74,2
457283,recession,Normal,7958.65,3
457283,recession,Late,1426.77,4
457283,recession,Very Late,774.91,5
457283,relief,Level,25641.32,
457283,relief,Slightly Undulating,283.75,
458967,landtype,High Land,5853.55,
458967,landtype,Medium High Land-1,398.31,
458967,landtype,Medium High Land-2,4442.81,
458967,landtype,Medium Low Land,3657.11,
458967,landtype,Low land,962.37,
458967,texture,Sand,367.22,1
458967,texture,Sandy Loam ,1010.26,2
458967,texture,Loam,9782.87,3
458967,texture,Clay Loam,2682.2,4
458967,texture,Clay,1471.61,5
458967,consistency,Loose,367.22,1
458967,consistency,Friable,10793.13,2
458967,consistency,Firm,4153.8,3
458967,drainage,Moderately Well Drained,3636.44,2
458967,drainage,Imperfectly Drained,2217.12,3
458967,drainage,Poorly Drained,8176.11,4
458967,drainage,Very Poorly Drained,1284.49,5
458967,reaction,Strongly Acidic,11343.55,2
458967,reaction,Moderately Acidic,3405.14,3
458967,reaction,Neutral,191.65,4
458967,reaction,Moderately Alkaline,373.82,5
458967,moisture,Low,4246.8,1
458967,moisture,Medium,4955.92,2
458967,moisture,High,4826.95,3
458967,moisture,Very High,1284.49,4
458967,salinity,Non Saline,15314.15,1
458967,recession,Very Early,5853.55,1
458967,recession,Early,4914.91,2
458967,recession,Normal,1140.03,3
458967,recession,Late,2121.17,4
458967,recession,Very Late,1284.49,5
458967,relief,Level,15314.15,
458937,landtype,High Land,9138.96,
458937,landtype,Medium High Land-1,1170.59,
458937,landtype,Medium High Land-2,6767.38,
458937,landtype,Medium Low Land,2238.02,
458937,landtype,Low land,297.72,
458937,texture,Sandy Loam ,1654.29,2
458937,texture,Loam,2590.75,3
458937,texture,Clay Loam,14717.99,4
458937,texture,Clay,649.64,5
458937,consistency,Friable,12666.69,2
458937,consistency,Firm,6945.98,3
458937,drainage,Well Drained,2571.19,1
458937,drainage,Moderately Well Drained,1414.3,2
458937,drainage,Imperfectly Drained,5153.47,3
458937,drainage,Poorly Drained,9526.35,4
458937,drainage,Very Poorly Drained,947.36,5
458937,reaction,Strongly Acidic,7432.55,2
458937,reaction,Moderately Acidic,12180.13,3
458937,moisture,Low,8492.43,1
458937,moisture,Medium,9096.89,2
458937,moisture,High,1075.99,3
458937,moisture,Very High,947.36,4
458937,salinity,Non Saline,19612.67,1
458937,recession,Very Early,9138.96,1
458937,recession,Early,7937.97,2
458937,recession,Normal,1032.14,3
458937,recession,Late,556.24,4
458937,recession,Very Late,947.36,5
458937,relief,Level,16219.7,
458937,relief,Slightly Undulating,933.72,
458937,relief,Undulating,2019.03,
458937,relief,Sloppy,440.22,
458988,landtype,High Land,11348.96,
458988,landtype,Medium High Land-1,1396.01,
458988,landtype,Medium High Land-2,10203.19,
458988,landtype,Medium Low Land,6223.07,
458988,landtype,Low land,2050.27,
458988,texture,Sand,477.37,1
458988,texture,Sandy Loam ,3515.59,2
458988,texture,Loam,16374.78,3
458988,texture,Clay Loam,5193.64,4
458988,texture,Clay,5660.11,5
458988,consistency,Loose,477.37,1
458988,consistency,Friable,25084.02,2
458988,consistency,Firm,5660.11,3
458988,drainage,Moderately Well Drained,8118.69,2
458988,drainage,Imperfectly Drained,3230.26,3
458988,drainage,Poorly Drained,18933.68,4
458988,drainage,Very Poorly Drained,938.87,5
458988,reaction,Strongly Acidic,26237.22,2
458988,reaction,Moderately Acidic,4564.58,3
458988,reaction,Moderately Alkaline,419.71,5
458988,moisture,Low,8714.21,1
458988,moisture,Medium,8971.04,2
458988,moisture,High,12597.38,3
458988,moisture,Very High,938.87,4
458988,salinity,Non Saline,31221.5,1
458988,recession,Very Early,11348.96,1
458988,recession,Early,14575.67,2
458988,recession,Normal,2162.85,3
458988,recession,Late,1416.32,4
458988,recession,Very Late,1717.7,5
458988,relief,Level,31221.5,
458970,landtype,High Land,8220.24,
458970,landtype,Medium High Land-1,3638.22,
458970,landtype,Medium High Land-2,14261.65,
458970,landtype,Medium Low Land,5064.19,
458970,landtype,Low land,720.53,
458970,texture,Sandy Loam ,1030.34,2
458970,texture,Loam,1649.36,3
458970,texture,Clay Loam,14718.35,4
458970,texture,Clay,14506.78,5
458970,consistency,Friable,17398.05,2
458970,consistency,Firm,14506.78,3
458970,drainage,Well Drained,1794.39,1
458970,drainage,Moderately Well Drained,1189.16,2
458970,drainage,Imperfectly Drained,5236.69,3
458970,drainage,Poorly Drained,22891.18,4
458970,drainage,Very Poorly Drained,793.41,5
458970,reaction,Extremely Acidic,2614.57,1
458970,reaction,Strongly Acidic,29290.26,2
458970,moisture,Low,16696.91,1
458970,moisture,Medium,14309.97,2
458970,moisture,High,104.53,3
458970,moisture,Very High,793.41,4
458970,salinity,Non Saline,31904.83,1
458970,recession,Very Early,8220.24,1
458970,recession,Early,17899.87,2
458970,recession,Normal,4991.31,3
458970,recession,Very Late,793.41,5
458970,relief,Level,29565.49,
458970,relief,Slightly Undulating,457.26,
458970,relief,Moderately Undulating,146.15,
458970,relief,Undulating,1735.94,
501020,landtype,High Land,7132.27,
501020,landtype,Medium High Land-1,1708.83,
501020,landtype,Medium High Land-2,2609.2,
501020,landtype,Medium Low Land,598.2,
501020,texture,Loam,9028.63,3
501020,texture,Clay Loam,2368.53,4
501020,texture,Clay,651.34,5
501020,consistency,Friable,9028.63,2
501020,consistency,Firm,3019.87,3
501020,drainage,Imperfectly Drained,7132.27,3
501020,drainage,Poorly Drained,4916.22,4
501020,reaction,Strongly Acidic,38.25,2
501020,reaction,Moderately Acidic,12010.25,3
501020,moisture,Low,6082.95,1
501020,moisture,Medium,2334.38,2
501020,moisture,High,3631.17,3
501020,salinity,Non Saline,12048.5,1
501020,recession,Very Early,7132.27,1
501020,recession,Early,3202.95,2
501020,recession,Normal,1237.77,3
501020,recession,Late,475.5,4
501020,relief,Level,5063.47,
501020,relief,Slightly Undulating,6985.03,
501006,landtype,High Land,9339.25,
501006,landtype,Medium High Land-1,2305.96,
501006,landtype,Medium High Land-2,2371.85,
501006,landtype,Medium Low Land,505.47,
501006,texture,Loam,350.6,3
501006,texture,Clay Loam,12617.41,4
501006,texture,Clay,1554.53,5
501006,consistency,Friable,350.6,2
501006,consistency,Firm,14171.94,3
501006,drainage,Imperfectly Drained,9339.25,3
501006,drainage,Poorly Drained,5183.29,4
501006,reaction,Strongly Acidic,13841.96,2
501006,reaction,Moderately Acidic,680.58,3
501006,moisture,Low,14171.94,1
501006,moisture,Medium,56.73,2
501006,moisture,High,293.88,3
501006,salinity,Non Saline,14522.54,1
501006,recession,Very Early,9339.25,1
501006,recession,Early,4677.82,2
501006,recession,Normal,505.47,3
501006,relief,Level,12414.54,
501006,relief,Slightly Undulating,319.72,
501006,relief,Moderately Undulating,1788.29,
501027,landtype,High Land,6949.23,
501027,landtype,Medium High Land-1,1516.97,
501027,landtype,Medium High Land-2,10023.42,
501027,landtype,Medium Low Land,647.39,
501027,landtype,Low land,363.17,
501027,texture,Sand,273.23,1
501027,texture,Loam,16227.83,3
501027,texture,Clay Loam,2635.95,4
501027,texture,Clay,363.17,5
501027,consistency,Loose,273.23,1
501027,consistency,Friable,16227.83,2
501027,consistency,Firm,2999.11,3
501027,drainage,Imperfectly Drained,6949.23,3
501027,drainage,Poorly Drained,12550.95,4
501027,reaction,Strongly Acidic,121.8,2
501027,reaction,Moderately Acidic,13419.9,3
501027,reaction,Neutral,5561.15,4
501027,reaction,Moderately Alkaline,397.33,5
501027,moisture,Low,823.54,1
501027,moisture,Medium,6825.91,2
501027,moisture,High,11850.73,3
501027,salinity,Non Saline,19500.18,1
501027,recession,Very Early,6949.23,1
501027,recession,Early,11540.39,2
501027,recession,Normal,647.39,3
501027,recession,Late,363.17,4
501027,relief,Level,8169.46,
501027,relief,Slightly Undulating,11330.72,
501040,landtype,High Land,5363.95,
501040,landtype,Medium High Land-1,522.14,
501040,landtype,Medium High Land-2,10624.23,
501040,landtype,Medium Low Land,3724.65,
501040,texture,Loam,11338.66,3
501040,texture,Clay Loam,6451.18,4
501040,texture,Clay,2445.13,5
501040,consistency,Friable,11338.66,2
501040,consistency,Firm,8896.31,3
501040,drainage,Imperfectly Drained,5363.95,3
501040,drainage,Poorly Drained,14871.01,4
501040,reaction,Extremely Acidic,171.71,1
501040,reaction,Strongly Acidic,18858.67,2
501040,reaction,Moderately Acidic,1040.52,3
501040,reaction,Neutral,164.07,4
501040,moisture,Low,2445.13,1
501040,moisture,Medium,8220.28,2
501040,moisture,High,9569.55,3
501040,salinity,Non Saline,20234.96,1
501040,recession,Very Early,5363.95,1
501040,recession,Early,6229.23,2
501040,recession,Normal,4917.14,3
501040,recession,Late,3724.65,4
501040,relief,Level,14821.06,
501040,relief,Slightly Undulating,5413.9,
501067,landtype,High Land,11190.64,
501067,landtype,Medium High Land-1,4302.88,
501067,landtype,Medium High Land-2,6310.31,
501067,landtype,Medium Low Land,174.56,
501067,texture,Loam,11626.17,3
501067,texture,Clay Loam,9524.64,4
501067,texture,Clay,827.59,5
501067,consistency,Friable,11626.17,2
501067,consistency,Firm,10352.22,3
501067,drainage,Imperfectly Drained,11190.64,3
501067,drainage,Poorly Drained,10787.76,4
501067,reaction,Strongly Acidic,19121.11,2
501067,reaction,Moderately Acidic,2857.28,3
501067,moisture,Low,21866.19,1
501067,moisture,High,112.2,3
501067,salinity,Non Saline,21978.39,1
501067,recession,Very Early,11190.64,1
501067,recession,Early,10613.19,2
501067,recession,Normal,174.56,3
501067,relief,Level,21590.57,
501067,relief,Slightly Undulating,387.83,
501081,landtype,High Land,3295.63,
501081,landtype,Medium High Land-1,880.07,
501081,landtype,Medium High Land-2,15985.72,
501081,landtype,Medium Low Land,4342.46,
501081,texture,Sand,2911.68,1
501081,texture,Loam,20880.94,3
501081,texture,Clay Loam,263.98,4
501081,texture,Clay,447.28,5
501081,consistency,Loose,2911.68,1
501081,consistency,Friable,20880.94,2
501081,consistency,Firm,711.25,3
501081,drainage,Moderately Well Drained,2.92,2
501081,drainage,Imperfectly Drained,3389.09,3
501081,drainage,Poorly Drained,21111.86,4
501081,reaction,Strongly Acidic,783.82,2
501081,reaction,Moderately Acidic,15932.78,3
501081,reaction,Neutral,7787.27,4
501081,moisture,Low,3358.95,1
501081,moisture,Medium,13722.58,2
501081,moisture,High,7422.33,3
501081,salinity,Non Saline,24503.87,1
501081,recession,Very Early,3295.63,1
501081,recession,Early,16865.78,2
501081,recession,Normal,4342.46,3
501081,relief,Level,24006.86,
501081,relief,Moderately Undulating,497.01,
501033,landtype,High Land,10592.26,
501033,landtype,Medium High Land-1,1871.11,
501033,landtype,Medium High Land-2,1817.64,
501033,texture,Loam,463.54,3
501033,texture,Clay Loam,13817.47,4
501033,consistency,Friable,463.54,2
501033,consistency,Firm,13817.47,3
501033,drainage,Imperfectly Drained,10592.26,3
501033,drainage,Poorly Drained,3688.75,4
501033,reaction,Strongly Acidic,12055.18,2
501033,reaction,Moderately Acidic,2225.83,3
501033,moisture,Low,13817.47,1
501033,moisture,Medium,140.05,2
501033,moisture,High,323.49,3
501033,salinity,Non Saline,14281.01,1
501033,recession,Very Early,10592.26,1
501033,recession,Early,3688.75,2
501033,relief,Level,12014.14,
501033,relief,Slightly Undulating,2266.87,
501054,landtype,High Land,9147.75,
501054,landtype,Medium High Land-1,6026.54,
501054,landtype,Medium High Land-2,5954,
501054,texture,Loam,996.73,3
501054,texture,Clay Loam,18154.48,4
501054,texture,Clay,1977.08,5
501054,consistency,Friable,996.73,2
501054,consistency,Firm,20131.56,3
501054,drainage,Imperfectly Drained,9147.75,3
501054,drainage,Poorly Drained,11980.54,4
501054,reaction,Strongly Acidic,20550.35,2
501054,reaction,Moderately Acidic,577.94,3
501054,moisture,Low,20131.56,1
501054,moisture,Medium,375.29,2
501054,moisture,High,621.44,3
501054,salinity,Non Saline,21128.29,1
501054,recession,Very Early,9147.75,1
501054,recession,Early,11980.54,2
501054,relief,Level,19925.6,
501054,relief,Slightly Undulating,1202.7,
501085,landtype,High Land,9257.38,
501085,landtype,Medium High Land-1,3356.75,
501085,landtype,Medium High Land-2,1809.09,
501085,landtype,Medium Low Land,1197.27,
501085,texture,Loam,8609.67,3
501085,texture,Clay Loam,5860.92,4
501085,texture,Clay,1149.89,5
501085,consistency,Friable,8609.67,2
501085,consistency,Firm,7010.82,3
501085,drainage,Imperfectly Drained,9257.38,3
501085,drainage,Poorly Drained,6363.11,4
501085,reaction,Strongly Acidic,1884.82,2
501085,reaction,Moderately Acidic,13735.66,3
501085,moisture,Low,10442.24,1
501085,moisture,Medium,1112.24,2
501085,moisture,High,4066.01,3
501085,salinity,Non Saline,15620.49,1
501085,recession,Very Early,9257.38,1
501085,recession,Early,4424.85,2
501085,recession,Normal,901.96,3
501085,recession,Late,1036.29,4
501085,relief,Level,11160.88,
501085,relief,Slightly Undulating,4459.61,
501088,landtype,High Land,9165.25,
501088,landtype,Medium High Land-1,5698.33,
501088,landtype,Medium High Land-2,9067.57,
501088,landtype,Medium Low Land,2393.55,
501088,texture,Loam,8866.81,3
501088,texture,Clay Loam,15119.33,4
501088,texture,Clay,2338.57,5
501088,consistency,Friable,8866.81,2
501088,consistency,Firm,17457.89,3
501088,drainage,Moderately Well Drained,179.27,2
501088,drainage,Imperfectly Drained,8985.98,3
501088,drainage,Poorly Drained,17159.45,4
501088,reaction,Strongly Acidic,15589.61,2
501088,reaction,Moderately Acidic,10735.09,3
501088,moisture,Low,17457.89,1
501088,moisture,Medium,2591.21,2
501088,moisture,High,6275.6,3
501088,salinity,Non Saline,26324.7,1
501088,recession,Very Early,9165.25,1
501088,recession,Early,14765.89,2
501088,recession,Normal,2393.55,3
501088,relief,Level,7767.13,
501088,relief,Slightly Undulating,11556.84,
501088,relief,Moderately Undulating,7000.73,
501095,landtype,High Land,2284.25,
501095,landtype,Medium High Land-1,528.19,
501095,landtype,Medium High Land-2,7305.87,
501095,landtype,Medium Low Land,3060.81,
501095,texture,Sand,372.42,1
501095,texture,Loam,10053.15,3
501095,texture,Clay Loam,901.53,4
501095,texture,Clay,1852.01,5
501095,consistency,Loose,372.42,1
501095,consistency,Friable,10053.15,2
501095,consistency,Firm,2753.55,3
501095,drainage,Imperfectly Drained,2284.25,3
501095,drainage,Poorly Drained,10894.87,4
501095,reaction,Strongly Acidic,4948.81,2
501095,reaction,Moderately Acidic,7059.97,3
501095,reaction,Neutral,797.91,4
501095,reaction,Moderately Alkaline,372.42,5
501095,moisture,Low,2381.97,1
501095,moisture,Medium,1845.1,2
501095,moisture,High,8952.04,3
501095,salinity,Non Saline,13179.11,1
501095,recession,Very Early,2284.25,1
501095,recession,Early,7834.06,2
501095,recession,Normal,3060.81,3
501095,relief,Level,13179.11,
501094,landtype,High Land,12851.79,
501094,landtype,Medium High Land-1,3747.45,
501094,landtype,Medium High Land-2,7373.41,
501094,landtype,Medium Low Land,1881.26,
501094,texture,Sandy Loam ,345.8,2
501094,texture,Loam,21769.93,3
501094,texture,Clay Loam,3317.51,4
501094,texture,Clay,420.67,5
501094,consistency,Friable,22115.73,2
501094,consistency,Firm,3738.18,3
501094,drainage,Imperfectly Drained,12851.79,3
501094,drainage,Poorly Drained,13002.12,4
501094,reaction,Strongly Acidic,2904.48,2
501094,reaction,Moderately Acidic,22949.43,3
501094,moisture,Low,12730.33,1
501094,moisture,Medium,5819.47,2
501094,moisture,High,7304.11,3
501094,salinity,Non Saline,25853.91,1
501094,recession,Very Early,12851.79,1
501094,recession,Early,10196.05,2
501094,recession,Normal,2385.39,3
501094,recession,Late,420.67,4
501094,relief,Level,23789.91,
501094,relief,Moderately Undulating,2064,
507018,landtype,High Land,1494.44,
507018,landtype,Medium High Land-1,1492.19,
507018,landtype,Medium High Land-2,1730.13,
507018,landtype,Medium Low Land,1336.77,
507018,landtype,Low land,1465.61,
507018,landtype,Very Low land,705.3,
507018,texture,Loam,1117.76,3
507018,texture,Clay Loam,1472.6,4
507018,texture,Clay,5634.07,5
507018,consistency,Friable,1328.19,2
507018,consistency,Firm,6896.24,3
507018,drainage,Imperfectly Drained,1494.44,3
507018,drainage,Poorly Drained,6730,4
507018,reaction,Moderately Acidic,2023.23,3
507018,reaction,Neutral,6201.21,4
507018,moisture,Low,7169.56,1
507018,moisture,Medium,856.72,2
507018,moisture,High,198.16,3
507018,salinity,Non Saline,8224.44,1
507018,recession,Very Early,1494.44,1
507018,recession,Early,2764.34,2
507018,recession,Normal,1046.48,3
507018,recession,Late,2919.17,4
507018,relief,Level,7891.06,
507018,relief,Slightly Undulating,333.38,
507066,landtype,High Land,11720.16,
507066,landtype,Medium High Land-1,1176.8,
507066,landtype,Medium High Land-2,9976.1,
507066,landtype,Medium Low Land,4928.31,
507066,landtype,Low land,197.86,
507066,texture,Sand,2817.58,1
507066,texture,Loam,9615.2,3
507066,texture,Clay Loam,12676.49,4
507066,texture,Clay,2889.96,5
507066,consistency,Loose,2817.58,1
507066,consistency,Friable,17887.14,2
507066,consistency,Firm,7294.52,3
507066,drainage,Imperfectly Drained,11720.16,3
507066,drainage,Poorly Drained,16279.08,4
507066,reaction,Moderately Acidic,7396.25,3
507066,reaction,Neutral,2004.72,4
507066,reaction,Moderately Alkaline,18598.26,5
507066,moisture,Low,13103.79,1
507066,moisture,Medium,1557.21,2
507066,moisture,High,13338.24,3
507066,salinity,Non Saline,27999.23,1
507066,recession,Very Early,11720.16,1
507066,recession,Early,11152.9,2
507066,recession,Normal,5126.17,3
507066,relief,Level,20602.98,
507066,relief,Slightly Undulating,855.14,
507066,relief,Moderately Undulating,5425.5,
507066,relief,Undulating,1115.62,
507056,landtype,High Land,21281.42,
507056,landtype,Medium High Land-1,9.73,
507056,landtype,Medium High Land-2,1452.53,
507056,landtype,Medium Low Land,946.99,
507056,landtype,Low land,283.71,
507056,texture,Sandy Loam ,60.36,2
507056,texture,Loam,6465.32,3
507056,texture,Clay Loam,15869.95,4
507056,texture,Clay,1578.75,5
507056,consistency,Friable,6525.68,2
507056,consistency,Firm,17448.69,3
507056,drainage,Imperfectly Drained,21281.42,3
507056,drainage,Poorly Drained,2692.95,4
507056,reaction,Strongly Acidic,6572.5,2
507056,reaction,Moderately Acidic,16240.34,3
507056,reaction,Neutral,765.43,4
507056,reaction,Moderately Alkaline,396.1,5
507056,moisture,Low,22991.95,1
507056,moisture,High,982.42,3
507056,salinity,Non Saline,23974.37,1
507056,recession,Very Early,21281.42,1
507056,recession,Early,1114.21,2
507056,recession,Normal,348.05,3
507056,recession,Late,1230.7,4
507056,relief,Level,9211.83,
507056,relief,Moderately Undulating,14762.54,
507037,landtype,High Land,16652.45,
507037,landtype,Medium High Land-1,18.58,
507037,landtype,Medium High Land-2,3873.2,
507037,landtype,Medium Low Land,2303.13,
507037,landtype,Low land,3056.87,
507037,landtype,Very Low land,1846.26,
507037,texture,Loam,4665.76,3
507037,texture,Clay Loam,13698.93,4
507037,texture,Clay,9385.8,5
507037,consistency,Friable,13359.32,2
507037,consistency,Firm,14391.17,3
507037,drainage,Imperfectly Drained,16652.45,3
507037,drainage,Poorly Drained,11098.04,4
507037,reaction,Strongly Acidic,2833.27,2
507037,reaction,Moderately Acidic,17292.07,3
507037,reaction,Neutral,6093.53,4
507037,reaction,Moderately Alkaline,1531.61,5
507037,moisture,Low,23970.87,1
507037,moisture,High,3779.62,3
507037,salinity,Non Saline,27750.49,1
507037,recession,Very Early,16652.45,1
507037,recession,Early,1712.24,2
507037,recession,Normal,2179.54,3
507037,recession,Late,5360,4
507037,recession,Very Late,1846.26,5
507037,relief,Level,14562.45,
507037,relief,Slightly Undulating,2705.4,
507037,relief,Moderately Undulating,10482.63,
507088,landtype,High Land,24205.06,
507088,landtype,Medium High Land-1,1717.53,
507088,landtype,Medium High Land-2,13842.02,
507088,landtype,Medium Low Land,2120.73,
507088,landtype,Low land,1237.7,
507088,texture,Sand,1237.7,1
507088,texture,Sandy Loam ,963.26,2
507088,texture,Loam,27358.49,3
507088,texture,Clay Loam,6446.93,4
507088,texture,Clay,7116.66,5
507088,consistency,Loose,1237.7,1
507088,consistency,Friable,34673.44,2
507088,consistency,Firm,7211.91,3
507088,drainage,Moderately Well Drained,375.94,2
507088,drainage,Imperfectly Drained,27154.78,3
507088,drainage,Poorly Drained,15592.32,4
507088,reaction,Moderately Acidic,375.94,3
507088,reaction,Neutral,907.12,4
507088,reaction,Moderately Alkaline,38481.55,5
507088,reaction,Strongly Alkaline,3358.44,6
507088,moisture,Low,10257.23,1
507088,moisture,Medium,4983.55,2
507088,moisture,High,27882.27,3
507088,salinity,Non Saline,43123.05,1
507088,recession,Very Early,24205.06,1
507088,recession,Early,8977.16,2
507088,recession,Normal,9940.83,3
507088,relief,Level,34200.87,
507088,relief,Slightly Undulating,6767.41,
507088,relief,Moderately Undulating,2154.77,
503813,landtype,High Land,7897,
503813,landtype,Medium High Land-1,1435.56,
503813,landtype,Medium High Land-2,2123.95,
503813,landtype,Medium Low Land,594.2,
503813,texture,Loam,8545.64,3
503813,texture,Clay Loam,3374.88,4
503813,texture,Clay,130.19,5
503813,consistency,Friable,8545.64,2
503813,consistency,Firm,3505.07,3
503813,drainage,Imperfectly Drained,7897,3
503813,drainage,Poorly Drained,4153.72,4
503813,reaction,Strongly Acidic,10731.57,2
503813,reaction,Moderately Acidic,1319.15,3
503813,moisture,Low,9615.96,1
503813,moisture,Medium,115.19,2
503813,moisture,High,2319.56,3
503813,salinity,Non Saline,12050.71,1
503813,recession,Very Early,7897,1
503813,recession,Early,3559.51,2
503813,recession,Normal,594.2,3
503813,relief,Level,8800.83,
503813,relief,Slightly Undulating,3249.88,
503847,landtype,High Land,11164.55,
503847,landtype,Medium High Land-1,4061.05,
503847,landtype,Medium High Land-2,5476.11,
503847,landtype,Medium Low Land,598.94,
503847,texture,Loam,18385.14,3
503847,texture,Clay Loam,2758.55,4
503847,texture,Clay,156.97,5
503847,consistency,Friable,18385.14,2
503847,consistency,Firm,2915.51,3
503847,drainage,Imperfectly Drained,11164.55,3
503847,drainage,Poorly Drained,10136.1,4
503847,reaction,Strongly Acidic,16743.62,2
503847,reaction,Moderately Acidic,4557.03,3
503847,moisture,Low,8741.73,1
503847,moisture,Medium,1163.28,2
503847,moisture,High,11395.64,3
503847,salinity,Non Saline,21300.65,1
503847,recession,Very Early,11164.55,1
503847,recession,Early,7383.91,2
503847,recession,Normal,2153.25,3
503847,recession,Late,598.94,4
503847,relief,Level,19880.68,
503847,relief,Slightly Undulating,1419.97,
503858,landtype,High Land,6295.99,
503858,landtype,Medium High Land-1,4600.23,
503858,landtype,Medium High Land-2,3625.59,
503858,landtype,Medium Low Land,145.51,
503858,texture,Loam,11702.61,3
503858,texture,Clay Loam,2891.52,4
503858,texture,Clay,73.17,5
503858,consistency,Friable,11702.61,2
503858,consistency,Firm,2964.7,3
503858,drainage,Imperfectly Drained,6295.99,3
503858,drainage,Poorly Drained,8371.32,4
503858,reaction,Moderately Acidic,14667.31,3
503858,moisture,Low,14667.31,1
503858,salinity,Non Saline,14667.31,1
503858,recession,Very Early,6295.99,1
503858,recession,Early,8298.15,2
503858,recession,Normal,73.17,3
503858,relief,Level,9596.87,
503858,relief,Moderately Undulating,5070.44,
503861,landtype,High Land,8647.56,
503861,landtype,Medium High Land-1,1667.81,
503861,landtype,Medium High Land-2,1418.42,
503861,landtype,Medium Low Land,357.52,
503861,texture,Loam,343.97,3
503861,texture,Clay Loam,11074.34,4
503861,texture,Clay,672.99,5
503861,consistency,Friable,343.97,2
503861,consistency,Firm,11747.33,3
503861,drainage,Imperfectly Drained,8647.56,3
503861,drainage,Poorly Drained,3443.74,4
503861,reaction,Moderately Acidic,12091.3,3
503861,moisture,Low,11787.74,1
503861,moisture,High,303.56,3
503861,salinity,Non Saline,12091.3,1
503861,recession,Very Early,8647.56,1
503861,recession,Early,3086.22,2
503861,recession,Normal,357.52,3
503861,relief,Level,12091.3,
503874,landtype,High Land,17327.96,
503874,landtype,Medium High Land-1,2391.37,
503874,landtype,Medium High Land-2,3175.71,
503874,landtype,Medium Low Land,287.84,
503874,texture,Sandy Loam ,32.89,2
503874,texture,Loam,15944.47,3
503874,texture,Clay Loam,6154.17,4
503874,texture,Clay,1051.34,5
503874,consistency,Friable,15977.36,2
503874,consistency,Firm,7205.52,3
503874,drainage,Imperfectly Drained,17327.96,3
503874,drainage,Poorly Drained,5854.92,4
503874,reaction,Extremely Acidic,44.21,1
503874,reaction,Strongly Acidic,15711.45,2
503874,reaction,Moderately Acidic,7427.22,3
503874,moisture,Low,16122.07,1
503874,moisture,Medium,2593.51,2
503874,moisture,High,4467.3,3
503874,salinity,Non Saline,23182.88,1
503874,recession,Very Early,17327.96,1
503874,recession,Early,5567.08,2
503874,recession,Normal,287.84,3
503874,relief,Level,16375.17,
503874,relief,Slightly Undulating,5965.03,
503874,relief,Moderately Undulating,842.69,
506406,landtype,High Land,9628.94,
506406,landtype,Medium High Land-1,820.55,
506406,landtype,Medium High Land-2,6425.4,
506406,landtype,Medium Low Land,684.2,
506406,texture,Loam,11510.31,3
506406,texture,Clay Loam,5509.19,4
506406,texture,Clay,539.6,5
506406,consistency,Friable,11510.31,2
506406,consistency,Firm,6048.79,3
506406,drainage,Imperfectly Drained,9628.94,3
506406,drainage,Poorly Drained,7930.15,4
506406,reaction,Strongly Acidic,5571.91,2
506406,reaction,Moderately Acidic,11987.19,3
506406,moisture,Low,6447.93,1
506406,moisture,Medium,3798.84,2
506406,moisture,High,7312.32,3
506406,salinity,Non Saline,17559.09,1
506406,recession,Very Early,9628.94,1
506406,recession,Early,7245.95,2
506406,recession,Normal,684.2,3
506406,relief,Level,17559.09,
506403,landtype,High Land,591.8,
506403,landtype,Medium High Land-1,333.6,
506403,landtype,Medium High Land-2,4426.38,
506403,landtype,Medium Low Land,15576.98,
506403,landtype,Low land,516.69,
506403,texture,Loam,3800.53,3
506403,texture,Clay Loam,4796.2,4
506403,texture,Clay,12848.72,5
506403,consistency,Friable,3800.53,2
506403,consistency,Firm,17644.92,3
506403,drainage,Imperfectly Drained,591.8,3
506403,drainage,Poorly Drained,20853.66,4
506403,reaction,Strongly Acidic,10855.42,2
506403,reaction,Moderately Acidic,7725.14,3
506403,reaction,Neutral,2864.89,4
506403,moisture,Low,17054.12,1
506403,moisture,Medium,2956.68,2
506403,moisture,High,1434.65,3
506403,salinity,Non Saline,21445.45,1
506403,recession,Very Early,591.8,1
506403,recession,Early,4887.3,2
506403,recession,Normal,15449.67,3
506403,recession,Late,516.69,4
506403,relief,Level,21445.45,
506428,landtype,High Land,18557.95,
506428,landtype,Medium High Land-1,560.26,
506428,landtype,Medium High Land-2,5258.67,
506428,landtype,Medium Low Land,1280.75,
506428,texture,Loam,19613.13,3
506428,texture,Clay Loam,4891.55,4
506428,texture,Clay,1152.95,5
506428,consistency,Friable,19613.13,2
506428,consistency,Firm,6044.5,3
506428,drainage,Imperfectly Drained,18557.95,3
506428,drainage,Poorly Drained,7099.69,4
506428,reaction,Strongly Acidic,24773.98,2
506428,reaction,Moderately Acidic,883.65,3
506428,moisture,Low,19903.83,1
506428,moisture,Medium,2844.52,2
506428,moisture,High,2909.29,3
506428,salinity,Non Saline,25657.63,1
506428,recession,Very Early,18557.95,1
506428,recession,Early,5818.93,2
506428,recession,Normal,1280.75,3
506428,relief,Level,22505.84,
506428,relief,Slightly Undulating,3151.79,
506450,landtype,High Land,27629.99,
506450,landtype,Medium High Land-1,1117.08,
506450,landtype,Medium High Land-2,5130.73,
506450,landtype,Medium Low Land,926.88,
506450,landtype,Low land,497.48,
506450,landtype,Very Low land,30.77,
506450,texture,Loam,30604.58,3
506450,texture,Clay Loam,3716.8,4
506450,texture,Clay,1011.54,5
506450,consistency,Friable,30604.58,2
506450,consistency,Firm,4728.35,3
506450,drainage,Imperfectly Drained,27819.41,3
506450,drainage,Poorly Drained,7482.75,4
506450,drainage,Very Poorly Drained,30.77,5
506450,reaction,Strongly Acidic,28016.88,2
506450,reaction,Moderately Acidic,6574.02,3
506450,reaction,Neutral,742.03,4
506450,moisture,Low,28788.49,1
506450,moisture,Medium,1870.29,2
506450,moisture,High,3800.04,3
506450,moisture,Very High,874.1,4
506450,salinity,Non Saline,35332.93,1
506450,recession,Very Early,27629.99,1
506450,recession,Early,6247.81,2
506450,recession,Normal,601.64,3
506450,recession,Late,822.72,4
506450,recession,Very Late,30.77,5
506450,relief,Level,23873.15,
506450,relief,Slightly Undulating,6063.56,
506450,relief,Moderately Undulating,5396.21,
506447,landtype,High Land,7847.8,
506447,landtype,Medium High Land-1,868.75,
506447,landtype,Medium High Land-2,8369.38,
506447,landtype,Medium Low Land,6722.7,
506447,landtype,Low land,4446.54,
506447,texture,Loam,14201.98,3
506447,texture,Clay Loam,8490.94,4
506447,texture,Clay,5562.26,5
506447,consistency,Friable,14398.3,2
506447,consistency,Firm,13856.87,3
506447,drainage,Imperfectly Drained,7847.8,3
506447,drainage,Poorly Drained,19597.78,4
506447,drainage,Very Poorly Drained,809.59,5
506447,reaction,Strongly Acidic,24549.82,2
506447,reaction,Moderately Acidic,3662.24,3
506447,reaction,Neutral,43.11,4
506447,moisture,Low,12483.03,1
506447,moisture,Medium,9698.84,2
506447,moisture,High,6073.3,3
506447,salinity,Non Saline,27649.86,1
506447,salinity,Very Slightly Saline,341.15,2
506447,salinity,Slightly Saline,264.16,3
506447,recession,Very Early,7847.8,1
506447,recession,Early,9238.13,2
506447,recession,Normal,6247.18,3
506447,recession,Late,4922.07,4
506447,relief,Level,28255.17,
506460,landtype,High Land,8791.74,
506460,landtype,Medium High Land-1,1286.47,
506460,landtype,Medium High Land-2,4740.15,
506460,landtype,Medium Low Land,4287.51,
506460,landtype,Low land,4790.17,
506460,texture,Loam,14471.95,3
506460,texture,Clay Loam,1131.1,4
506460,texture,Clay,8292.98,5
506460,consistency,Friable,14471.95,2
506460,consistency,Firm,9424.08,3
506460,drainage,Imperfectly Drained,8791.74,3
506460,drainage,Poorly Drained,14825.47,4
506460,drainage,Very Poorly Drained,278.82,5
506460,reaction,Strongly Acidic,321.22,2
506460,reaction,Moderately Acidic,22990.51,3
506460,reaction,Neutral,584.3,4
506460,moisture,Low,12944.35,1
506460,moisture,Medium,6246.16,2
506460,moisture,High,4426.71,3
506460,moisture,Very High,278.82,4
506460,salinity,Non Saline,23896.03,1
506460,recession,Very Early,8791.74,1
506460,recession,Early,5401.39,2
506460,recession,Normal,625.23,3
506460,recession,Late,8798.86,4
506460,recession,Very Late,278.82,5
506460,relief,Level,7062.7,
506460,relief,Slightly Undulating,16833.34,
506469,landtype,High Land,35365.57,
506469,landtype,Medium High Land-1,121.69,
506469,landtype,Medium High Land-2,1034.24,
506469,landtype,Medium Low Land,1369.72,
506469,texture,Loam,24606.45,3
506469,texture,Clay Loam,10644.48,4
506469,texture,Clay,2640.29,5
506469,consistency,Friable,24606.45,2
506469,consistency,Firm,13284.77,3
506469,drainage,Imperfectly Drained,35365.57,3
506469,drainage,Poorly Drained,2525.65,4
506469,reaction,Strongly Acidic,31324.83,2
506469,reaction,Moderately Acidic,6566.39,3
506469,moisture,Low,6008.33,1
506469,moisture,Medium,14051.24,2
506469,moisture,High,17831.65,3
506469,salinity,Non Saline,37891.22,1
506469,recession,Very Early,35365.57,1
506469,recession,Early,1059.58,2
506469,recession,Normal,96.34,3
506469,recession,Late,1369.72,4
506469,relief,Level,37891.22,
506475,landtype,High Land,33210.4,
506475,landtype,Medium High Land-1,206.48,
506475,landtype,Medium High Land-2,812.86,
506475,landtype,Medium Low Land,221.56,
506475,landtype,Low land,48.73,
506475,texture,Sandy Loam ,422.95,2
506475,texture,Loam,29850.68,3
506475,texture,Clay Loam,3684.18,4
506475,texture,Clay,542.22,5
506475,consistency,Friable,30984.83,2
506475,consistency,Firm,3515.2,3
506475,drainage,Moderately Well Drained,711.21,2
506475,drainage,Imperfectly Drained,32499.2,3
506475,drainage,Poorly Drained,1289.63,4
506475,reaction,Extremely Acidic,1053.06,1
506475,reaction,Strongly Acidic,32834.85,2
506475,reaction,Moderately Acidic,612.12,3
506475,moisture,Low,32661.94,1
506475,moisture,Medium,1497.84,2
506475,moisture,High,340.25,3
506475,salinity,Non Saline,34500.03,1
506475,recession,Very Early,33210.4,1
506475,recession,Early,786.13,2
506475,recession,Normal,305.46,3
506475,recession,Late,198.04,4
506475,relief,Level,20447.64,
506475,relief,Slightly Undulating,4041.72,
506475,relief,Moderately Undulating,10010.67,
506479,landtype,High Land,17669.1,
506479,landtype,Medium High Land-1,68.82,
506479,landtype,Medium High Land-2,220.2,
506479,landtype,Medium Low Land,2822.08,
506479,landtype,Low land,2059.95,
506479,texture,Loam,7667.13,3
506479,texture,Clay Loam,13113.07,4
506479,texture,Clay,2059.95,5
506479,consistency,Friable,7667.13,2
506479,consistency,Firm,15173.02,3
506479,drainage,Imperfectly Drained,17763.16,3
506479,drainage,Poorly Drained,5076.98,4
506479,reaction,Strongly Acidic,15367.55,2
506479,reaction,Moderately Acidic,7472.59,3
506479,moisture,Low,22840.14,1
506479,salinity,Non Saline,22840.14,1
506479,recession,Very Early,17669.1,1
506479,recession,Early,289.02,2
506479,recession,Normal,531.84,3
506479,recession,Late,4350.18,4
506479,relief,Level,10027.14,
506479,relief,Slightly Undulating,3581.26,
506479,relief,Moderately Undulating,3943.45,
506479,relief,Undulating,5288.29,
506485,landtype,High Land,8325.25,
506485,landtype,Medium High Land-1,1661.22,
506485,landtype,Medium High Land-2,7351.27,
506485,landtype,Medium Low Land,2804.25,
506485,landtype,Low land,1613.28,
506485,landtype,Very Low land,276.51,
506485,texture,Loam,12358.67,3
506485,texture,Clay Loam,3572.75,4
506485,texture,Clay,6100.36,5
506485,consistency,Loose,563.42,1
506485,consistency,Friable,11642.49,2
506485,consistency,Firm,9825.86,3
506485,drainage,Imperfectly Drained,8888.67,3
506485,drainage,Poorly Drained,13037.22,4
506485,drainage,Very Poorly Drained,105.89,5
506485,reaction,Strongly Acidic,1758.86,2
506485,reaction,Moderately Acidic,19007.33,3
506485,reaction,Neutral,884.02,4
506485,reaction,Moderately Alkaline,381.57,5
506485,moisture,Low,20386.54,1
506485,moisture,Medium,828.34,2
506485,moisture,High,816.9,3
506485,salinity,Non Saline,22031.78,1
506485,recession,Very Early,8325.25,1
506485,recession,Early,6239.76,2
506485,recession,Normal,4027.07,3
506485,recession,Late,3333.81,4
506485,recession,Very Late,105.89,5
506485,relief,Level,20936.86,
506485,relief,Slightly Undulating,114.46,
506485,relief,Moderately Undulating,980.46,
506486,landtype,High Land,17132.41,
506486,landtype,Medium High Land-1,216.43,
506486,landtype,Medium High Land-2,651.34,
506486,landtype,Medium Low Land,677.42,
506486,landtype,Low land,2269.93,
506486,texture,Loam,11274.82,3
506486,texture,Clay Loam,6725.36,4
506486,texture,Clay,2947.35,5
506486,consistency,Friable,11274.82,2
506486,consistency,Firm,9672.71,3
506486,drainage,Well Drained,1940.75,1
506486,drainage,Moderately Well Drained,214.77,2
506486,drainage,Imperfectly Drained,15191.66,3
506486,drainage,Poorly Drained,3600.35,4
506486,reaction,Strongly Acidic,18198.17,2
506486,reaction,Moderately Acidic,2096.36,3
506486,reaction,Neutral,653,4
506486,moisture,Low,20294.53,1
506486,moisture,Medium,217.88,2
506486,moisture,High,435.11,3
506486,salinity,Non Saline,20947.53,1
506486,recession,Very Early,17132.41,1
506486,recession,Early,214.77,2
506486,recession,Normal,653,3
506486,recession,Late,2947.35,4
506486,relief,Level,3600.35,
506486,relief,Slightly Undulating,8578.49,
506486,relief,Moderately Undulating,7111.71,
506486,relief,Undulating,1656.98,
506909,landtype,High Land,5372.85,
506909,landtype,Medium High Land-1,280.04,
506909,landtype,Medium High Land-2,3965.7,
506909,landtype,Medium Low Land,1603.98,
506909,landtype,Low land,335.33,
506909,texture,Loam,7868.08,3
506909,texture,Clay Loam,2127.18,4
506909,texture,Clay,1562.64,5
506909,consistency,Friable,7868.08,2
506909,consistency,Firm,3689.81,3
506909,drainage,Imperfectly Drained,5372.85,3
506909,drainage,Poorly Drained,6185.04,4
506909,reaction,Moderately Acidic,174.78,3
506909,reaction,Neutral,967.15,4
506909,reaction,Moderately Alkaline,10415.96,5
506909,moisture,Low,3689.81,1
506909,moisture,Medium,2863.98,2
506909,moisture,High,5004.09,3
506909,salinity,Non Saline,11557.89,1
506909,recession,Very Early,5372.85,1
506909,recession,Early,4245.73,2
506909,recession,Normal,1603.98,3
506909,recession,Late,335.33,4
506909,relief,Level,5537.07,
506909,relief,Slightly Undulating,6020.82,
506915,landtype,High Land,9061.13,
506915,landtype,Medium High Land-1,150.11,
506915,landtype,Medium High Land-2,5292.58,
506915,landtype,Medium Low Land,6208.63,
506915,landtype,Low land,4840.17,
506915,landtype,Very Low land,1042.13,
506915,texture,Loam,9061.13,3
506915,texture,Clay Loam,2051.66,4
506915,texture,Clay,15481.97,5
506915,consistency,Friable,10274.45,2
506915,consistency,Firm,16320.3,3
506915,drainage,Moderately Well Drained,2129.2,2
506915,drainage,Imperfectly Drained,2178.48,3
506915,drainage,Poorly Drained,22287.07,4
506915,reaction,Moderately Acidic,1042.13,3
506915,reaction,Neutral,91.54,4
506915,reaction,Moderately Alkaline,25461.09,5
506915,moisture,Low,17188.41,1
506915,moisture,Medium,5589.66,2
506915,moisture,High,3816.69,3
506915,salinity,Non Saline,26594.75,1
506915,recession,Very Early,9061.13,1
506915,recession,Early,1183.55,2
506915,recession,Normal,8935.45,3
506915,recession,Late,2744.69,4
506915,recession,Very Late,4669.94,5
506915,relief,Level,22389.29,
506915,relief,Slightly Undulating,4205.46,
506941,landtype,High Land,2876.8,
506941,landtype,Medium High Land-1,48.7,
506941,landtype,Medium High Land-2,2994.37,
506941,landtype,Medium Low Land,4806.92,
506941,landtype,Low land,1338.54,
506941,texture,Loam,925.83,3
506941,texture,Clay Loam,3774.2,4
506941,texture,Clay,7365.3,5
506941,consistency,Friable,2747.24,2
506941,consistency,Firm,9318.1,3
506941,drainage,Imperfectly Drained,2876.8,3
506941,drainage,Poorly Drained,9188.53,4
506941,reaction,Moderately Acidic,3269.65,3
506941,reaction,Neutral,2906.35,4
506941,reaction,Moderately Alkaline,5889.34,5
506941,moisture,Low,9326.82,1
506941,moisture,Medium,1843.22,2
506941,moisture,High,895.3,3
506941,salinity,Non Saline,12065.34,1
506941,recession,Very Early,2876.8,1
506941,recession,Early,1823.23,2
506941,recession,Normal,1313.05,3
506941,recession,Late,6052.24,4
506941,relief,Level,11233.54,
506941,relief,Slightly Undulating,831.79,
506955,landtype,High Land,2008.59,
506955,landtype,Medium High Land-1,3766.31,
506955,landtype,Medium High Land-2,3767.14,
506955,landtype,Medium Low Land,3099.77,
506955,landtype,Low land,1000.75,
506955,texture,Sandy Loam ,174.82,2
506955,texture,Loam,2174.6,3
506955,texture,Clay Loam,8594.77,4
506955,texture,Clay,2698.38,5
506955,consistency,Friable,2349.42,2
506955,consistency,Firm,11293.14,3
506955,drainage,Well Drained,115.44,1
506955,drainage,Moderately Well Drained,394.97,2
506955,drainage,Imperfectly Drained,1893.16,3
506955,drainage,Poorly Drained,11239,4
506955,reaction,Moderately Acidic,2464.78,3
506955,reaction,Neutral,6900.16,4
506955,reaction,Moderately Alkaline,4277.62,5
506955,moisture,Low,9082.2,1
506955,moisture,Medium,2283.82,2
506955,moisture,High,2276.54,3
506955,salinity,Non Saline,13642.56,1
506955,recession,Very Early,2008.59,1
506955,recession,Early,1631.26,2
506955,recession,Normal,5902.19,3
506955,recession,Late,4100.52,4
506955,relief,Level,12726.52,
506955,relief,Slightly Undulating,916.04,
506944,landtype,High Land,12412.86,
506944,landtype,Medium High Land-1,937.36,
506944,landtype,Medium High Land-2,8856.9,
506944,landtype,Medium Low Land,2859.57,
506944,landtype,Low land,954.78,
506944,texture,Sand,2316.46,1
506944,texture,Sandy Loam ,1022.49,2
506944,texture,Loam,11421.48,3
506944,texture,Clay Loam,9098.11,4
506944,texture,Clay,2162.93,5
506944,consistency,Loose,2316.46,1
506944,consistency,Friable,12443.97,2
506944,consistency,Firm,11261.04,3
506944,drainage,Imperfectly Drained,12412.86,3
506944,drainage,Poorly Drained,13608.61,4
506944,reaction,Neutral,11634.6,4
506944,reaction,Moderately Alkaline,14386.87,5
506944,moisture,Low,9145.19,1
506944,moisture,Medium,9612.49,2
506944,moisture,High,7263.79,3
506944,salinity,Non Saline,26021.47,1
506944,recession,Very Early,12412.86,1
506944,recession,Early,7868.95,2
506944,recession,Normal,4784.88,3
506944,recession,Late,954.78,4
506944,relief,Level,15823.67,
506944,relief,Slightly Undulating,10197.8,
506963,landtype,High Land,5583.79,
506963,landtype,Medium High Land-1,354.61,
506963,landtype,Medium High Land-2,5873.98,
506963,landtype,Medium Low Land,1845.54,
506963,texture,Loam,5583.79,3
506963,texture,Clay Loam,6149.64,4
506963,texture,Clay,1924.49,5
506963,consistency,Friable,5583.79,2
506963,consistency,Firm,8074.13,3
506963,drainage,Imperfectly Drained,5583.79,3
506963,drainage,Poorly Drained,8074.13,4
506963,reaction,Neutral,361.54,4
506963,reaction,Moderately Alkaline,13296.38,5
506963,moisture,Low,7616.69,1
506963,moisture,Medium,186.54,2
506963,moisture,High,5854.69,3
506963,salinity,Non Saline,13657.92,1
506963,recession,Very Early,5583.79,1
506963,recession,Early,2603.95,2
506963,recession,Normal,3624.64,3
506963,recession,Late,1845.54,4
506963,relief,Level,13657.92,
506991,landtype,High Land,7911.67,
506991,landtype,Medium High Land-1,1160.93,
506991,landtype,Medium High Land-2,9578.34,
506991,landtype,Medium Low Land,28851.55,
506991,landtype,Low land,1893.99,
506991,texture,Loam,13179.94,3
506991,texture,Clay Loam,4563.5,4
506991,texture,Clay,31653.04,5
506991,consistency,Friable,12908.12,2
506991,consistency,Firm,36488.37,3
506991,drainage,Moderately Well Drained,649.66,2
506991,drainage,Imperfectly Drained,9458.21,3
506991,drainage,Poorly Drained,39288.61,4
506991,reaction,Strongly Acidic,8849.54,2
506991,reaction,Moderately Acidic,22972.14,3
506991,reaction,Neutral,15035.37,4
506991,reaction,Moderately Alkaline,2539.43,5
506991,moisture,Low,45777.4,1
506991,moisture,Medium,2200.39,2
506991,moisture,High,1418.69,3
506991,salinity,Non Saline,49396.48,1
506991,recession,Very Early,10565.74,1
506991,recession,Early,8657.65,2
506991,recession,Normal,28279.11,3
506991,recession,Late,1893.99,4
506991,relief,Level,45961.09,
506991,relief,Slightly Undulating,3435.39,
507605,landtype,High Land,6260.52,
507605,landtype,Medium High Land-1,396.75,
507605,landtype,Medium High Land-2,4524.83,
507605,landtype,Medium Low Land,2619.11,
507605,landtype,Low land,1347.65,
507605,landtype,Very Low land,576.79,
507605,texture,Loam,6288.51,3
507605,texture,Clay Loam,5108.21,4
507605,texture,Clay,4328.92,5
507605,consistency,Friable,8070.25,2
507605,consistency,Firm,7655.39,3
507605,drainage,Imperfectly Drained,6260.52,3
507605,drainage,Poorly Drained,9465.13,4
507605,reaction,Moderately Acidic,115.27,3
507605,reaction,Neutral,1365.18,4
507605,reaction,Moderately Alkaline,14245.19,5
507605,moisture,Low,4328.92,1
507605,moisture,Medium,3326.48,2
507605,moisture,High,8070.25,3
507605,salinity,Non Saline,15725.64,1
507605,recession,Very Early,6260.52,1
507605,recession,Early,4487.27,2
507605,recession,Normal,1525.67,3
507605,recession,Late,3452.18,4
507605,relief,Level,15603.11,
507605,relief,Slightly Undulating,122.53,
507616,landtype,High Land,1267.86,
507616,landtype,Medium High Land-1,422.94,
507616,landtype,Medium High Land-2,2940.03,
507616,landtype,Medium Low Land,4373.74,
507616,landtype,Low land,7601.24,
507616,landtype,Very Low land,1826.65,
507616,texture,Sand,4144.57,1
507616,texture,Loam,8995.14,3
507616,texture,Clay Loam,1290.64,4
507616,texture,Clay,4002.1,5
507616,consistency,Loose,4144.57,1
507616,consistency,Friable,8995.14,2
507616,consistency,Firm,5292.74,3
507616,drainage,Imperfectly Drained,1267.86,3
507616,drainage,Poorly Drained,17164.6,4
507616,reaction,Moderately Acidic,3238.17,3
507616,reaction,Neutral,2762.4,4
507616,reaction,Moderately Alkaline,12431.88,5
507616,moisture,Low,8629.91,1
507616,moisture,Medium,7052.83,2
507616,moisture,High,2749.72,3
507616,salinity,Non Saline,18432.46,1
507616,recession,Very Early,1267.86,1
507616,recession,Early,4206.21,2
507616,recession,Normal,5692.82,3
507616,recession,Late,6935.06,4
507616,recession,Very Late,330.51,5
507616,relief,Level,18432.46,
507622,landtype,High Land,4734.98,
507622,landtype,Medium High Land-1,781.05,
507622,landtype,Medium High Land-2,6928.85,
507622,landtype,Medium Low Land,7041.09,
507622,landtype,Low land,4300.05,
507622,landtype,Very Low land,1079.69,
507622,texture,Loam,6162.93,3
507622,texture,Clay Loam,6581.99,4
507622,texture,Clay,12120.79,5
507622,consistency,Friable,7318.23,2
507622,consistency,Firm,17547.49,3
507622,drainage,Imperfectly Drained,5934.41,3
507622,drainage,Poorly Drained,18931.31,4
507622,reaction,Neutral,10109.63,4
507622,reaction,Moderately Alkaline,14756.09,5
507622,moisture,Low,13600.89,1
507622,moisture,Medium,3946.6,2
507622,moisture,High,7318.23,3
507622,salinity,Non Saline,24865.72,1
507622,recession,Very Early,4734.98,1
507622,recession,Early,7709.9,2
507622,recession,Normal,7041.09,3
507622,recession,Late,4300.05,4
507622,recession,Very Late,1079.69,5
507622,relief,Level,23786.44,
507622,relief,Slightly Undulating,1079.28,
507619,landtype,High Land,359.43,
507619,landtype,Medium High Land-1,220.4,
507619,landtype,Medium High Land-2,1932.03,
507619,landtype,Medium Low Land,4257.94,
507619,landtype,Low land,2265.5,
507619,landtype,Very Low land,1700.3,
507619,texture,Loam,706.31,3
507619,texture,Clay Loam,1291.35,4
507619,texture,Clay,8737.92,5
507619,consistency,Friable,1278,2
507619,consistency,Firm,9457.59,3
507619,drainage,Imperfectly Drained,359.43,3
507619,drainage,Poorly Drained,8675.86,4
507619,drainage,Very Poorly Drained,1700.3,5
507619,reaction,Strongly Acidic,280.69,2
507619,reaction,Moderately Acidic,3960.62,3
507619,reaction,Neutral,6303.46,4
507619,reaction,Moderately Alkaline,190.82,5
507619,moisture,Low,8737.92,1
507619,moisture,Medium,911.13,2
507619,moisture,High,1086.54,3
507619,salinity,Non Saline,8912.5,1
507619,salinity,Very Slightly Saline,352.85,2
507619,salinity,Slightly Saline,1470.24,3
507619,recession,Very Early,359.43,1
507619,recession,Early,2152.43,2
507619,recession,Normal,4257.94,3
507619,recession,Late,2265.5,4
507619,recession,Very Late,1700.3,5
507619,relief,Level,10735.59,
507633,landtype,High Land,196.48,
507633,landtype,Medium High Land-1,282.95,
507633,landtype,Medium High Land-2,910.82,
507633,landtype,Medium Low Land,4222.53,
507633,landtype,Low land,5099.34,
507633,landtype,Very Low land,1138.76,
507633,texture,Loam,732.32,3
507633,texture,Clay Loam,2093.73,4
507633,texture,Clay,9024.82,5
507633,consistency,Friable,732.32,2
507633,consistency,Firm,11118.55,3
507633,drainage,Imperfectly Drained,196.48,3
507633,drainage,Poorly Drained,11654.39,4
507633,reaction,Moderately Acidic,1462,3
507633,reaction,Neutral,2127.2,4
507633,reaction,Moderately Alkaline,8136.09,5
507633,reaction,Strongly Alkaline,125.59,6
507633,moisture,Low,10878.57,1
507633,moisture,Medium,775.83,2
507633,moisture,High,196.48,3
507633,salinity,Non Saline,11850.87,1
507633,recession,Very Early,196.48,1
507633,recession,Early,1193.77,2
507633,recession,Normal,4222.53,3
507633,recession,Late,6238.09,4
507633,relief,Level,11850.87,
507655,landtype,High Land,15164.73,
507655,landtype,Medium High Land-1,1071.29,
507655,landtype,Medium High Land-2,13111.63,
507655,landtype,Medium Low Land,7070.22,
507655,landtype,Low land,393.49,
507655,texture,Sand,4937.23,1
507655,texture,Sandy Loam ,2070.53,2
507655,texture,Loam,11755.84,3
507655,texture,Clay Loam,10525.86,4
507655,texture,Clay,7521.91,5
507655,consistency,Loose,4937.23,1
507655,consistency,Friable,13826.37,2
507655,consistency,Firm,18047.77,3
507655,drainage,Imperfectly Drained,15164.73,3
507655,drainage,Poorly Drained,21646.64,4
507655,reaction,Moderately Alkaline,36811.36,5
507655,moisture,Low,12459.14,1
507655,moisture,Medium,11614.57,2
507655,moisture,High,12737.65,3
507655,salinity,Non Saline,36811.36,1
507655,recession,Very Early,15164.73,1
507655,recession,Early,14182.92,2
507655,recession,Normal,7070.22,3
507655,recession,Late,393.49,4
507655,relief,Level,33024.06,
507655,relief,Slightly Undulating,3787.3,
507683,landtype,High Land,4386.21,
507683,landtype,Medium High Land-1,772.29,
507683,landtype,Medium High Land-2,7306.04,
507683,landtype,Medium Low Land,2019.26,
507683,landtype,Low land,1198.3,
507683,texture,Loam,5173.91,3
507683,texture,Clay Loam,7295.51,4
507683,texture,Clay,3212.68,5
507683,consistency,Friable,5762.09,2
507683,consistency,Firm,9920.01,3
507683,drainage,Imperfectly Drained,4386.21,3
507683,drainage,Poorly Drained,11295.89,4
507683,reaction,Neutral,5913.97,4
507683,reaction,Moderately Alkaline,9768.13,5
507683,moisture,Low,3212.68,1
507683,moisture,Medium,6707.33,2
507683,moisture,High,5762.09,3
507683,salinity,Non Saline,15682.1,1
507683,recession,Very Early,4386.21,1
507683,recession,Early,8078.32,2
507683,recession,Normal,2019.26,3
507683,recession,Late,1198.3,4
507683,relief,Level,15682.1,
507672,landtype,High Land,7690.71,
507672,landtype,Medium High Land-1,1322.71,
507672,landtype,Medium High Land-2,4843.25,
507672,landtype,Medium Low Land,7232.33,
507672,landtype,Low land,5341.47,
507672,landtype,Very Low land,2169.36,
507672,texture,Loam,11839.76,3
507672,texture,Clay Loam,3117.79,4
507672,texture,Clay,13642.27,5
507672,consistency,Friable,11839.76,2
507672,consistency,Firm,16760.06,3
507672,drainage,Imperfectly Drained,7690.71,3
507672,drainage,Poorly Drained,19936.85,4
507672,drainage,Very Poorly Drained,972.26,5
507672,reaction,Moderately Alkaline,28599.82,5
507672,moisture,Low,16760.06,1
507672,moisture,Medium,6221.9,2
507672,moisture,High,5617.86,3
507672,salinity,Non Saline,28599.82,1
507672,recession,Very Early,7690.71,1
507672,recession,Early,6165.95,2
507672,recession,Normal,7232.33,3
507672,recession,Late,7510.83,4
507672,relief,Level,28599.82,
508110,landtype,High Land,3143.47,
508110,landtype,Medium High Land-1,157.24,
508110,landtype,Medium High Land-2,1927.16,
508110,landtype,Medium Low Land,1632.08,
508110,texture,Sand,254.58,1
508110,texture,Sandy Loam ,2530.02,2
508110,texture,Loam,2710.71,3
508110,texture,Clay Loam,1364.64,4
508110,consistency,Loose,254.58,1
508110,consistency,Friable,5240.73,2
508110,consistency,Firm,1364.64,3
508110,drainage,Imperfectly Drained,3143.47,3
508110,drainage,Poorly Drained,3716.48,4
508110,reaction,Moderately Alkaline,6859.95,5
508110,moisture,Low,3509.33,1
508110,moisture,Medium,247.49,2
508110,moisture,High,3103.13,3
508110,salinity,Non Saline,6859.95,1
508110,recession,Very Early,3143.47,1
508110,recession,Early,99.55,2
508110,recession,Normal,2239.42,3
508110,recession,Late,1377.51,4
508110,relief,Level,5997.75,
508110,relief,Slightly Undulating,862.2,
507639,landtype,High Land,9190.21,
507639,landtype,Medium High Land-1,424.44,
507639,landtype,Medium High Land-2,6187.97,
507639,landtype,Medium Low Land,2293.39,
507639,landtype,Low land,386.29,
507639,texture,Sand,607.92,1
507639,texture,Sandy Loam ,277.9,2
507639,texture,Loam,12103.75,3
507639,texture,Clay Loam,3958.5,4
507639,texture,Clay,1534.24,5
507639,consistency,Loose,607.92,1
507639,consistency,Friable,12381.65,2
507639,consistency,Firm,5492.75,3
507639,drainage,Imperfectly Drained,9190.21,3
507639,drainage,Poorly Drained,9292.1,4
507639,reaction,Moderately Acidic,191.49,3
507639,reaction,Neutral,314.45,4
507639,reaction,Moderately Alkaline,17976.37,5
507639,moisture,Low,2953.86,1
507639,moisture,Medium,3684.33,2
507639,moisture,High,11844.13,3
507639,salinity,Non Saline,18482.32,1
507639,recession,Very Early,9190.21,1
507639,recession,Early,6612.42,2
507639,recession,Normal,2293.39,3
507639,recession,Late,386.29,4
507639,relief,Level,18482.32,
508112,landtype,High Land,11161.68,
508112,landtype,Medium High Land-1,538.18,
508112,landtype,Medium High Land-2,12571.49,
508112,landtype,Medium Low Land,2541.12,
508112,landtype,Low land,2445.36,
508112,texture,Loam,9869.15,3
508112,texture,Clay Loam,6060.97,4
508112,texture,Clay,13327.71,5
508112,consistency,Friable,9869.15,2
508112,consistency,Firm,19388.68,3
508112,drainage,Imperfectly Drained,11161.68,3
508112,drainage,Poorly Drained,17889.06,4
508112,drainage,Very Poorly Drained,207.1,5
508112,reaction,Strongly Acidic,142.56,2
508112,reaction,Moderately Acidic,2720.82,3
508112,reaction,Neutral,1481.48,4
508112,reaction,Moderately Alkaline,24912.98,5
508112,moisture,Low,13471.05,1
508112,moisture,Medium,6941.6,2
508112,moisture,High,8638.09,3
508112,moisture,Very High,207.1,4
508112,salinity,Non Saline,29257.83,1
508112,recession,Very Early,11161.68,1
508112,recession,Early,13109.67,2
508112,recession,Normal,2541.12,3
508112,recession,Late,2238.26,4
508112,recession,Very Late,207.1,5
508112,relief,Level,20846.65,
508112,relief,Slightly Undulating,8411.18,
508125,landtype,High Land,10412.76,
508125,landtype,Medium High Land-1,161.44,
508125,landtype,Medium High Land-2,2820.32,
508125,landtype,Medium Low Land,205.45,
508125,landtype,Low land,374.68,
508125,landtype,Very Low land,300.12,
508125,texture,Sand,150.09,1
508125,texture,Loam,10736,3
508125,texture,Clay Loam,3388.69,4
508125,consistency,Loose,150.09,1
508125,consistency,Friable,12061.05,2
508125,consistency,Firm,2063.65,3
508125,drainage,Imperfectly Drained,10412.76,3
508125,drainage,Poorly Drained,3862.02,4
508125,reaction,Moderately Alkaline,13599.98,5
508125,reaction,Strongly Alkaline,674.8,6
508125,moisture,Low,2213.73,1
508125,moisture,Medium,7331.01,2
508125,moisture,High,4730.04,3
508125,salinity,Non Saline,14274.78,1
508125,recession,Very Early,10412.76,1
508125,recession,Early,2168.69,2
508125,recession,Normal,477.01,3
508125,recession,Late,1216.33,4
508125,relief,Level,14274.78,
508131,landtype,High Land,7170.56,
508131,landtype,Medium High Land-1,210.34,
508131,landtype,Medium High Land-2,5934.2,
508131,landtype,Medium Low Land,2302.64,
508131,landtype,Low land,361.71,
508131,texture,Loam,9473.4,3
508131,texture,Clay Loam,3496.71,4
508131,texture,Clay,3009.34,5
508131,consistency,Friable,9473.4,2
508131,consistency,Firm,6506.05,3
508131,drainage,Imperfectly Drained,7170.56,3
508131,drainage,Poorly Drained,8808.89,4
508131,reaction,Neutral,8494.44,4
508131,reaction,Moderately Alkaline,7485.01,5
508131,moisture,Low,5291.77,1
508131,moisture,Medium,4559.35,2
508131,moisture,High,6128.33,3
508131,salinity,Non Saline,15979.45,1
508131,recession,Very Early,7170.56,1
508131,recession,Early,6144.54,2
508131,recession,Normal,2302.64,3
508131,recession,Late,361.71,4
508131,relief,Level,15979.45,
508134,landtype,High Land,31565.93,
508134,landtype,Medium High Land-1,314.04,
508134,landtype,Medium High Land-2,6189.85,
508134,landtype,Medium Low Land,3080.44,
508134,landtype,Low land,3109.31,
508134,texture,Sand,267.82,1
508134,texture,Loam,19137.84,3
508134,texture,Clay Loam,19690.94,4
508134,texture,Clay,5162.99,5
508134,consistency,Loose,267.82,1
508134,consistency,Friable,20780.66,2
508134,consistency,Firm,23211.1,3
508134,drainage,Imperfectly Drained,31565.93,3
508134,drainage,Poorly Drained,12693.64,4
508134,reaction,Moderately Acidic,961.69,3
508134,reaction,Neutral,34165.94,4
508134,reaction,Moderately Alkaline,9131.95,5
508134,moisture,Low,38812.06,1
508134,moisture,Medium,4096.99,2
508134,moisture,High,1350.53,3
508134,salinity,Non Saline,44259.58,1
508134,recession,Very Early,31565.93,1
508134,recession,Early,6503.89,2
508134,recession,Normal,3080.44,3
508134,recession,Late,3109.31,4
508134,relief,Level,14353.24,
508134,relief,Slightly Undulating,29906.34,
508182,landtype,High Land,8451.6,
508182,landtype,Medium High Land-1,157.6,
508182,landtype,Medium High Land-2,4694.48,
508182,landtype,Medium Low Land,1747.16,
508182,landtype,Low land,179.04,
508182,texture,Loam,7724.48,3
508182,texture,Clay Loam,7505.24,4
508182,texture,Clay,0.16,5
508182,consistency,Friable,7724.48,2
508182,consistency,Firm,7505.4,3
508182,drainage,Imperfectly Drained,8451.6,3
508182,drainage,Poorly Drained,6778.28,4
508182,reaction,Neutral,1005.12,4
508182,reaction,Moderately Alkaline,14224.76,5
508182,moisture,Low,4775.2,1
508182,moisture,Medium,6014.76,2
508182,moisture,High,4439.92,3
508182,salinity,Non Saline,15229.88,1
508182,recession,Very Early,8451.6,1
508182,recession,Early,2155.12,2
508182,recession,Normal,2696.96,3
508182,recession,Late,1926.2,4
508182,relief,Level,12803.84,
508182,relief,Slightly Undulating,2426.04,
508153,landtype,High Land,2778.45,
508153,landtype,Medium High Land-1,245.09,
508153,landtype,Medium High Land-2,5725.9,
508153,landtype,Medium Low Land,1286.31,
508153,landtype,Low land,1133.54,
508153,texture,Loam,2606.86,3
508153,texture,Clay Loam,1846.44,4
508153,texture,Clay,6715.98,5
508153,consistency,Friable,2606.86,2
508153,consistency,Firm,8562.42,3
508153,drainage,Imperfectly Drained,2778.45,3
508153,drainage,Poorly Drained,8390.84,4
508153,reaction,Moderately Acidic,435.28,3
508153,reaction,Neutral,8179.54,4
508153,reaction,Moderately Alkaline,2554.46,5
508153,moisture,Low,8085.19,1
508153,moisture,Medium,1803.91,2
508153,moisture,High,1280.19,3
508153,salinity,Non Saline,9930.16,1
508153,salinity,Very Slightly Saline,523.54,2
508153,salinity,Slightly Saline,715.58,3
508153,recession,Very Early,2778.45,1
508153,recession,Early,1674.86,2
508153,recession,Normal,4401.71,3
508153,recession,Late,2314.27,4
508153,relief,Level,11169.28,
508172,landtype,High Land,13473.97,
508172,landtype,Medium High Land-1,337.57,
508172,landtype,Medium High Land-2,5223.55,
508172,landtype,Medium Low Land,4677.23,
508172,landtype,Low land,1291.13,
508172,texture,Loam,18825.29,3
508172,texture,Clay Loam,1290.52,4
508172,texture,Clay,4887.64,5
508172,consistency,Friable,18825.29,2
508172,consistency,Firm,6178.16,3
508172,drainage,Imperfectly Drained,13473.97,3
508172,drainage,Poorly Drained,11529.48,4
508172,reaction,Moderately Acidic,555.69,3
508172,reaction,Neutral,1354.34,4
508172,reaction,Moderately Alkaline,19348.45,5
508172,reaction,Strongly Alkaline,3744.97,6
508172,moisture,Low,6645.39,1
508172,moisture,Medium,10048.15,2
508172,moisture,High,8309.91,3
508172,salinity,Non Saline,25003.45,1
508172,recession,Very Early,13473.97,1
508172,recession,Early,3368.13,2
508172,recession,Normal,5451.69,3
508172,recession,Late,2709.66,4
508172,relief,Level,14999.45,
508172,relief,Slightly Undulating,10003.99,
508194,landtype,High Land,21952.95,
508194,landtype,Medium High Land-1,49.34,
508194,landtype,Medium High Land-2,1501.91,
508194,landtype,Medium Low Land,1276.76,
508194,landtype,Low land,723.6,
508194,texture,Loam,3077.9,3
508194,texture,Clay Loam,20082.48,4
508194,texture,Clay,2344.17,5
508194,consistency,Friable,3077.9,2
508194,consistency,Firm,22426.65,3
508194,drainage,Imperfectly Drained,21952.95,3
508194,drainage,Poorly Drained,3551.61,4
508194,reaction,Strongly Acidic,472.79,2
508194,reaction,Moderately Acidic,22138.94,3
508194,reaction,Neutral,2419.51,4
508194,reaction,Moderately Alkaline,473.32,5
508194,moisture,Low,25504.56,1
508194,salinity,Non Saline,25504.56,1
508194,recession,Very Early,21952.95,1
508194,recession,Early,1207.44,2
508194,recession,Normal,343.82,3
508194,recession,Late,2000.36,4
508194,relief,Level,13348.49,
508194,relief,Slightly Undulating,8982.54,
508194,relief,Moderately Undulating,3173.53,
508827,landtype,Medium High Land-1,4.4,
508827,landtype,Medium High Land-2,187.8,
508827,landtype,Medium Low Land,2333.04,
508827,landtype,Low land,5715.64,
508827,landtype,Very Low land,1514.17,
508827,texture,Sand,3286.94,1
508827,texture,Sandy Loam ,3334.34,2
508827,texture,Loam,2710.74,3
508827,texture,Clay Loam,423.04,4
508827,consistency,Loose,3286.94,1
508827,consistency,Friable,6045.08,2
508827,consistency,Firm,423.04,3
508827,drainage,Poorly Drained,9755.06,4
508827,reaction,Moderately Acidic,1632.21,3
508827,reaction,Neutral,432.88,4
508827,reaction,Moderately Alkaline,7689.97,5
508827,moisture,Low,5404.55,1
508827,moisture,Medium,2822.33,2
508827,moisture,High,1528.18,3
508827,salinity,Non Saline,9755.06,1
508827,recession,Early,192.21,2
508827,recession,Normal,2333.04,3
508827,recession,Late,5715.64,4
508827,recession,Very Late,1514.17,5
508827,relief,Level,9755.06,
508811,landtype,High Land,1914.06,
508811,landtype,Medium High Land-1,421.88,
508811,landtype,Medium High Land-2,2042.73,
508811,landtype,Medium Low Land,1134.77,
508811,landtype,Low land,3240.44,
508811,texture,Sand,959.99,1
508811,texture,Sandy Loam ,175.39,2
508811,texture,Loam,3873.3,3
508811,texture,Clay Loam,2828.78,4
508811,texture,Clay,916.43,5
508811,consistency,Loose,959.99,1
508811,consistency,Friable,4048.68,2
508811,consistency,Firm,3745.21,3
508811,drainage,Imperfectly Drained,1914.06,3
508811,drainage,Poorly Drained,6839.82,4
508811,reaction,Strongly Acidic,3974.1,2
508811,reaction,Moderately Acidic,2206.54,3
508811,reaction,Neutral,416.24,4
508811,reaction,Moderately Alkaline,2157,5
508811,moisture,Low,3639.52,1
508811,moisture,Medium,1697.06,2
508811,moisture,High,3417.3,3
508811,salinity,Non Saline,8753.88,1
508811,recession,Very Early,1914.06,1
508811,recession,Early,2464.61,2
508811,recession,Normal,816.89,3
508811,recession,Late,3558.32,4
508811,relief,Level,8753.88,
508844,landtype,High Land,1688.85,
508844,landtype,Medium High Land-1,559.42,
508844,landtype,Medium High Land-2,3456.73,
508844,landtype,Medium Low Land,732.95,
508844,texture,Loam,4027.39,3
508844,texture,Clay Loam,2410.56,4
508844,consistency,Friable,4027.39,2
508844,consistency,Firm,2410.56,3
508844,drainage,Imperfectly Drained,1688.85,3
508844,drainage,Poorly Drained,4749.11,4
508844,reaction,Strongly Acidic,570.01,2
508844,reaction,Moderately Acidic,4860.2,3
508844,reaction,Neutral,1007.73,4
508844,moisture,Low,1886.34,1
508844,moisture,Medium,2703.25,2
508844,moisture,High,1848.36,3
508844,salinity,Non Saline,6437.95,1
508844,recession,Very Early,1688.85,1
508844,recession,Early,3916.89,2
508844,recession,Normal,832.21,3
508844,relief,Level,3709.41,
508844,relief,Slightly Undulating,2728.54,
508861,landtype,High Land,12489.1,
508861,landtype,Medium High Land-1,1690.7,
508861,landtype,Medium High Land-2,6773.47,
508861,landtype,Medium Low Land,1045.9,
508861,texture,Loam,11247.64,3
508861,texture,Clay Loam,9911.51,4
508861,texture,Clay,840.01,5
508861,consistency,Friable,10132.08,2
508861,consistency,Firm,11867.08,3
508861,drainage,Imperfectly Drained,12489.1,3
508861,drainage,Poorly Drained,9510.06,4
508861,reaction,Strongly Acidic,14276.67,2
508861,reaction,Moderately Acidic,7722.5,3
508861,moisture,Low,4993.69,1
508861,moisture,Medium,7456.84,2
508861,moisture,High,9548.63,3
508861,salinity,Non Saline,21999.16,1
508861,recession,Very Early,12489.1,1
508861,recession,Early,7886.02,2
508861,recession,Normal,1420.17,3
508861,recession,Late,203.87,4
508861,relief,Level,19619.51,
508861,relief,Slightly Undulating,860.24,
508861,relief,Moderately Undulating,1519.42,
508850,landtype,High Land,2872.1,
508850,landtype,Medium High Land-1,1228.08,
508850,landtype,Medium High Land-2,8050.32,
508850,landtype,Medium Low Land,7453.86,
508850,landtype,Low land,2829.37,
508850,texture,Sand,3607.72,1
508850,texture,Sandy Loam ,1346.13,2
508850,texture,Loam,14555.06,3
508850,texture,Clay Loam,2584.82,4
508850,texture,Clay,340,5
508850,consistency,Loose,3607.72,1
508850,consistency,Friable,15901.19,2
508850,consistency,Firm,2924.82,3
508850,drainage,Imperfectly Drained,2872.1,3
508850,drainage,Poorly Drained,19561.63,4
508850,reaction,Strongly Acidic,4005.57,2
508850,reaction,Moderately Acidic,2675.02,3
508850,reaction,Neutral,12923.78,4
508850,reaction,Moderately Alkaline,2829.37,5
508850,moisture,Low,4166.92,1
508850,moisture,Medium,14032.69,2
508850,moisture,High,4234.12,3
508850,salinity,Non Saline,22433.73,1
508850,recession,Very Early,2872.1,1
508850,recession,Early,15975.94,2
508850,recession,Normal,3245.68,3
508850,recession,Late,340,4
508850,relief,Level,22433.73,
508878,landtype,High Land,6154.5,
508878,landtype,Medium High Land-1,1221.39,
508878,landtype,Medium High Land-2,8402.8,
508878,landtype,Medium Low Land,6629.33,
508878,landtype,Low land,2166.93,
508878,texture,Sand,4984.33,1
508878,texture,Sandy Loam ,5107.55,2
508878,texture,Loam,8327.82,3
508878,texture,Clay Loam,5133.76,4
508878,texture,Clay,1021.49,5
508878,consistency,Loose,4984.33,1
508878,consistency,Friable,13435.37,2
508878,consistency,Firm,6155.25,3
508878,drainage,Imperfectly Drained,6154.5,3
508878,drainage,Poorly Drained,18420.45,4
508878,reaction,Moderately Acidic,11979.73,3
508878,reaction,Neutral,2312.45,4
508878,reaction,Moderately Alkaline,10282.77,5
508878,moisture,Low,7651.32,1
508878,moisture,Medium,9899.15,2
508878,moisture,High,7024.48,3
508878,salinity,Non Saline,24574.95,1
508878,recession,Very Early,6154.5,1
508878,recession,Early,9624.18,2
508878,recession,Normal,8226.34,3
508878,recession,Late,569.93,4
508878,relief,Level,23464.24,
508878,relief,Slightly Undulating,1110.71,
508889,landtype,High Land,1096.76,
508889,landtype,Medium High Land-1,2104.77,
508889,landtype,Medium High Land-2,8054.41,
508889,landtype,Medium Low Land,8790.05,
508889,landtype,Low land,5782.28,
508889,texture,Loam,8372.91,3
508889,texture,Clay Loam,8326.47,4
508889,texture,Clay,9128.9,5
508889,consistency,Friable,8372.91,2
508889,consistency,Firm,17455.36,3
508889,drainage,Imperfectly Drained,1096.76,3
508889,drainage,Poorly Drained,24731.51,4
508889,reaction,Strongly Acidic,5594.25,2
508889,reaction,Moderately Acidic,18734.41,3
508889,reaction,Neutral,1246.26,4
508889,reaction,Moderately Alkaline,253.35,5
508889,moisture,Low,17455.36,1
508889,moisture,Medium,7323.74,2
508889,moisture,High,1049.17,3
508889,salinity,Non Saline,25828.27,1
508889,recession,Very Early,1096.76,1
508889,recession,Early,10159.19,2
508889,recession,Normal,8790.05,3
508889,recession,Late,5782.28,4
508889,relief,Level,24551.06,
508889,relief,Slightly Undulating,1277.21,
508867,landtype,High Land,2400.73,
508867,landtype,Medium High Land-1,650.19,
508867,landtype,Medium High Land-2,4881.34,
508867,landtype,Medium Low Land,7448.52,
508867,landtype,Low land,4804.31,
508867,landtype,Very Low land,1569.75,
508867,texture,Sandy Loam ,1824.66,2
508867,texture,Loam,3564.63,3
508867,texture,Clay Loam,6595.02,4
508867,texture,Clay,9770.53,5
508867,consistency,Loose,613.72,1
508867,consistency,Friable,4775.57,2
508867,consistency,Firm,16365.55,3
508867,drainage,Imperfectly Drained,2400.73,3
508867,drainage,Poorly Drained,18164.98,4
508867,drainage,Very Poorly Drained,1189.14,5
508867,reaction,Strongly Acidic,9809.11,2
508867,reaction,Moderately Acidic,7263.54,3
508867,reaction,Neutral,826.36,4
508867,reaction,Moderately Alkaline,3855.84,5
508867,moisture,Low,9409.1,1
508867,moisture,Medium,4897.83,2
508867,moisture,High,7447.92,3
508867,salinity,Non Saline,21754.85,1
508867,recession,Very Early,2400.73,1
508867,recession,Early,6118.59,2
508867,recession,Normal,6434.53,3
508867,recession,Late,6801,4
508867,relief,Level,21754.85,
552710,landtype,High Land,7765.71,
552710,landtype,Medium High Land-1,4439.73,
552710,landtype,Medium High Land-2,7118.15,
552710,landtype,Medium Low Land,311.13,
552710,texture,Sandy Loam ,534.21,2
552710,texture,Loam,3944.05,3
552710,texture,Clay Loam,15043.48,4
552710,texture,Clay,112.98,5
552710,consistency,Friable,5304.54,2
552710,consistency,Firm,14330.18,3
552710,drainage,Well Drained,64.07,1
552710,drainage,Moderately Well Drained,762.21,2
552710,drainage,Imperfectly Drained,6939.43,3
552710,drainage,Poorly Drained,11869.01,4
552710,reaction,Strongly Acidic,19634.71,2
552710,moisture,Low,15523.57,1
552710,moisture,Medium,167.09,2
552710,moisture,High,3944.05,3
552710,salinity,Non Saline,19634.71,1
552710,recession,Very Early,7765.71,1
552710,recession,Early,9363.99,2
552710,recession,Normal,2170.27,3
552710,recession,Late,334.75,4
552710,relief,Level,16085.9,
552710,relief,Slightly Undulating,3548.82,
508894,landtype,High Land,536.15,
508894,landtype,Medium High Land-1,2621.58,
508894,landtype,Medium High Land-2,12490.29,
508894,landtype,Medium Low Land,7371.23,
508894,landtype,Low land,5530.94,
508894,landtype,Very Low land,1336.66,
508894,texture,Sand,209.78,1
508894,texture,Sandy Loam ,764.13,2
508894,texture,Loam,3897.51,3
508894,texture,Clay Loam,16692.43,4
508894,texture,Clay,8322.99,5
508894,consistency,Loose,209.78,1
508894,consistency,Friable,4661.64,2
508894,consistency,Firm,25015.42,3
508894,drainage,Imperfectly Drained,536.15,3
508894,drainage,Poorly Drained,29350.69,4
508894,reaction,Moderately Acidic,28929.36,3
508894,reaction,Neutral,957.48,4
508894,moisture,Low,9296.9,1
508894,moisture,Medium,17276.64,2
508894,moisture,High,3313.3,3
508894,salinity,Non Saline,29886.84,1
508894,recession,Very Early,536.15,1
508894,recession,Early,15111.86,2
508894,recession,Normal,7371.23,3
508894,recession,Late,6867.6,4
508894,relief,Level,29886.84,
552717,landtype,High Land,15305.45,
552717,landtype,Medium High Land-1,5986.87,
552717,landtype,Medium High Land-2,7394.57,
552717,landtype,Medium Low Land,808.6,
552717,texture,Sandy Loam ,533.69,2
552717,texture,Loam,26514.02,3
552717,texture,Clay Loam,2447.78,4
552717,consistency,Friable,27047.71,2
552717,consistency,Firm,2447.78,3
552717,drainage,Moderately Well Drained,4994.98,2
552717,drainage,Imperfectly Drained,10310.47,3
552717,drainage,Poorly Drained,14190.04,4
552717,reaction,Extremely Acidic,668.25,1
552717,reaction,Strongly Acidic,28827.23,2
552717,moisture,Low,9197.58,1
552717,moisture,Medium,12214.43,2
552717,moisture,High,8083.48,3
552717,salinity,Non Saline,29495.49,1
552717,recession,Very Early,15177.31,1
552717,recession,Early,13509.57,2
552717,recession,Normal,343.98,3
552717,recession,Late,464.62,4
552717,relief,Level,29495.49,
552730,landtype,High Land,14951.86,
552730,landtype,Medium High Land-1,4516.27,
552730,landtype,Medium High Land-2,5808.7,
552730,landtype,Medium Low Land,674.07,
552730,texture,Sandy Loam ,1966.09,2
552730,texture,Loam,16460.6,3
552730,texture,Clay Loam,7524.21,4
552730,consistency,Friable,18426.69,2
552730,consistency,Firm,7524.21,3
552730,drainage,Well Drained,3436.05,1
552730,drainage,Imperfectly Drained,11412.2,3
552730,drainage,Poorly Drained,11102.64,4
552730,reaction,Strongly Acidic,25828.47,2
552730,reaction,Moderately Acidic,122.43,3
552730,moisture,Low,8401.64,1
552730,moisture,Medium,3074.31,2
552730,moisture,High,14474.95,3
552730,salinity,Non Saline,25950.9,1
552730,recession,Very Early,14951.86,1
552730,recession,Early,10324.97,2
552730,recession,Normal,674.07,3
552730,relief,Level,25950.9,
552764,landtype,High Land,14869.99,
552764,landtype,Medium High Land-1,8720.14,
552764,landtype,Medium High Land-2,6270.94,
552764,landtype,Medium Low Land,277.91,
552764,texture,Sandy Loam ,1781.3,2
552764,texture,Loam,10781.45,3
552764,texture,Clay Loam,17576.23,4
552764,consistency,Friable,30052.13,2
552764,consistency,Firm,86.85,3
552764,drainage,Moderately Well Drained,4052.83,2
552764,drainage,Imperfectly Drained,10817.15,3
552764,drainage,Poorly Drained,15268.99,4
552764,reaction,Extremely Acidic,570.37,1
552764,reaction,Strongly Acidic,29568.61,2
552764,moisture,Low,19079.62,1
552764,moisture,Medium,6108.1,2
552764,moisture,High,4951.26,3
552764,salinity,Non Saline,30138.98,1
552764,recession,Very Early,14869.99,1
552764,recession,Early,14991.08,2
552764,recession,Normal,277.91,3
552764,relief,Level,30138.98,
552712,landtype,High Land,19963.9,
552712,landtype,Medium High Land-1,3974.34,
552712,landtype,Medium High Land-2,10663.22,
552712,landtype,Medium Low Land,130.42,
552712,texture,Sandy Loam ,2767.7,2
552712,texture,Loam,31389.49,3
552712,texture,Clay Loam,574.69,4
552712,consistency,Loose,48.17,1
552712,consistency,Friable,34109.02,2
552712,consistency,Firm,574.69,3
552712,drainage,Moderately Well Drained,6148.45,2
552712,drainage,Imperfectly Drained,14705.92,3
552712,drainage,Poorly Drained,13877.5,4
552712,reaction,Strongly Acidic,6288.99,2
552712,reaction,Moderately Acidic,28442.89,3
552712,moisture,Low,11086.12,1
552712,moisture,Medium,7422.27,2
552712,moisture,High,16223.49,3
552712,salinity,Non Saline,29461.21,1
552712,salinity,Very Slightly Saline,3513.22,2
552712,salinity,Slightly Saline,1757.45,3
552712,recession,Very Early,20798.61,1
552712,recession,Early,13802.85,2
552712,recession,Normal,130.42,3
552712,relief,Level,19453.78,
552712,relief,Slightly Undulating,7811.34,
552712,relief,Moderately Undulating,7466.76,
552721,landtype,High Land,11403.85,
552721,landtype,Medium High Land-1,2749.74,
552721,landtype,Medium High Land-2,6420.81,
552721,landtype,Medium Low Land,308.06,
552721,texture,Sandy Loam ,1783.33,2
552721,texture,Loam,14602.56,3
552721,texture,Clay Loam,4496.58,4
552721,consistency,Friable,18622.84,2
552721,consistency,Firm,2259.62,3
552721,drainage,Moderately Well Drained,3322.44,2
552721,drainage,Imperfectly Drained,8081.41,3
552721,drainage,Poorly Drained,9478.61,4
552721,reaction,Extremely Acidic,554.5,1
552721,reaction,Strongly Acidic,20327.97,2
552721,moisture,Low,4042.95,1
552721,moisture,Medium,4576.69,2
552721,moisture,High,12262.82,3
552721,salinity,Non Saline,20882.46,1
552721,recession,Very Early,11403.85,1
552721,recession,Early,9170.56,2
552721,recession,Normal,308.06,3
552721,relief,Level,20882.46,
552738,landtype,High Land,6676.62,
552738,landtype,Medium High Land-1,5214.72,
552738,landtype,Medium High Land-2,8077.03,
552738,landtype,Medium Low Land,204.02,
552738,texture,Sandy Loam ,190.8,2
552738,texture,Loam,14038.86,3
552738,texture,Clay Loam,5863.92,4
552738,texture,Clay,78.81,5
552738,consistency,Friable,14330.69,2
552738,consistency,Firm,5841.7,3
552738,drainage,Moderately Well Drained,101.02,2
552738,drainage,Imperfectly Drained,6575.6,3
552738,drainage,Poorly Drained,13495.77,4
552738,reaction,Extremely Acidic,4652.57,1
552738,reaction,Strongly Acidic,15519.82,2
552738,moisture,Low,10189.48,1
552738,moisture,Medium,4581.15,2
552738,moisture,High,5401.76,3
552738,salinity,Non Saline,20172.39,1
552738,recession,Very Early,6676.62,1
552738,recession,Early,13291.74,2
552738,recession,Normal,204.02,3
552738,relief,Level,15819.75,
552738,relief,Slightly Undulating,4185.76,
552738,relief,Moderately Undulating,166.88,
552743,landtype,High Land,5865.01,
552743,landtype,Medium High Land-1,2958.73,
552743,landtype,Medium High Land-2,4737.75,
552743,landtype,Medium Low Land,189.67,
552743,texture,Sandy Loam ,620.32,2
552743,texture,Loam,2721.45,3
552743,texture,Clay Loam,10409.38,4
552743,consistency,Friable,3341.77,2
552743,consistency,Firm,10409.38,3
552743,drainage,Moderately Well Drained,899.45,2
552743,drainage,Imperfectly Drained,4965.56,3
552743,drainage,Poorly Drained,7886.14,4
552743,reaction,Strongly Acidic,11705.4,2
552743,reaction,Moderately Acidic,2045.75,3
552743,moisture,Low,10524.58,1
552743,moisture,Medium,632.24,2
552743,moisture,High,2594.34,3
552743,salinity,Non Saline,13751.15,1
552743,recession,Very Early,5865.01,1
552743,recession,Early,7696.47,2
552743,recession,Normal,189.67,3
552743,relief,Level,13751.15,
552747,landtype,High Land,5888.73,
552747,landtype,Medium High Land-1,967.04,
552747,landtype,Medium High Land-2,2072.36,
552747,texture,Sandy Loam ,114.98,2
552747,texture,Loam,646.58,3
552747,texture,Clay Loam,8166.57,4
552747,consistency,Friable,8242.68,2
552747,consistency,Firm,685.45,3
552747,drainage,Imperfectly Drained,5888.73,3
552747,drainage,Poorly Drained,3039.4,4
552747,reaction,Strongly Acidic,8928.13,2
552747,moisture,Low,8669.88,1
552747,moisture,Medium,7.8,2
552747,moisture,High,250.45,3
552747,salinity,Non Saline,8928.13,1
552747,recession,Very Early,5888.73,1
552747,recession,Early,2990.1,2
552747,recession,Normal,49.3,3
552747,relief,Level,7997.92,
552747,relief,Slightly Undulating,930.21,
552756,landtype,High Land,8779.02,
552756,landtype,Medium High Land-1,1527.07,
552756,landtype,Medium High Land-2,7384.76,
552756,landtype,Medium Low Land,112.37,
552756,texture,Sandy Loam ,1748.4,2
552756,texture,Loam,12853.74,3
552756,texture,Clay Loam,3201.08,4
552756,consistency,Friable,14602.14,2
552756,consistency,Firm,3201.08,3
552756,drainage,Moderately Well Drained,3358.93,2
552756,drainage,Imperfectly Drained,5420.1,3
552756,drainage,Poorly Drained,9024.2,4
552756,reaction,Strongly Acidic,17088.57,2
552756,reaction,Moderately Acidic,714.66,3
552756,moisture,Low,5404.58,1
552756,moisture,Medium,2591.51,2
552756,moisture,High,9807.14,3
552756,salinity,Non Saline,17803.22,1
552756,recession,Very Early,8779.02,1
552756,recession,Early,8911.82,2
552756,recession,Late,112.37,4
552756,relief,Level,15057.52,
552756,relief,Slightly Undulating,2745.7,
552760,landtype,High Land,8395.03,
552760,landtype,Medium High Land-1,2211.64,
552760,landtype,Medium High Land-2,4120.12,
552760,landtype,Medium Low Land,613.07,
552760,texture,Sandy Loam ,6755.64,2
552760,texture,Loam,8580.34,3
552760,texture,Clay Loam,3.88,4
552760,consistency,Friable,15335.98,2
552760,consistency,Firm,3.88,3
552760,drainage,Moderately Well Drained,631.4,2
552760,drainage,Imperfectly Drained,7763.63,3
552760,drainage,Poorly Drained,6944.83,4
552760,reaction,Strongly Acidic,15333.06,2
552760,reaction,Moderately Acidic,6.8,3
552760,moisture,Low,6762.44,1
552760,moisture,Medium,932.05,2
552760,moisture,High,7645.36,3
552760,salinity,Non Saline,15339.86,1
552760,recession,Very Early,8395.03,1
552760,recession,Early,6331.76,2
552760,recession,Normal,613.07,3
552760,relief,Level,4777.21,
552760,relief,Slightly Undulating,10562.65,
552769,landtype,High Land,14025.28,
552769,landtype,Medium High Land-1,7717.63,
552769,landtype,Medium High Land-2,6736.25,
552769,landtype,Medium Low Land,296.53,
552769,texture,Sandy Loam ,542.21,2
552769,texture,Loam,7105.4,3
552769,texture,Clay Loam,20942.7,4
552769,texture,Clay,185.39,5
552769,consistency,Friable,12956.45,2
552769,consistency,Firm,15819.24,3
552769,drainage,Well Drained,704.21,1
552769,drainage,Moderately Well Drained,4604.63,2
552769,drainage,Imperfectly Drained,8716.44,3
552769,drainage,Poorly Drained,14750.41,4
552769,reaction,Extremely Acidic,4155.33,1
552769,reaction,Strongly Acidic,24620.37,2
552769,moisture,Low,22375.09,1
552769,moisture,Medium,1995.96,2
552769,moisture,High,4404.65,3
552769,salinity,Non Saline,28775.69,1
552769,recession,Very Early,14025.28,1
552769,recession,Early,11239.55,2
552769,recession,Normal,3214.34,3
552769,recession,Late,296.53,4
552769,relief,Level,19997.37,
552769,relief,Slightly Undulating,8778.32,
553224,landtype,High Land,10059.76,
553224,landtype,Medium High Land-1,5015.62,
553224,landtype,Medium High Land-2,7789.69,
553224,landtype,Medium Low Land,4061.71,
553224,landtype,Low land,898.79,
553224,texture,Sand,1564.94,1
553224,texture,Loam,18963.81,3
553224,texture,Clay Loam,4910.4,4
553224,texture,Clay,2386.42,5
553224,consistency,Loose,1564.94,1
553224,consistency,Friable,18963.81,2
553224,consistency,Firm,7296.82,3
553224,drainage,Moderately Well Drained,536.3,2
553224,drainage,Imperfectly Drained,9523.46,3
553224,drainage,Poorly Drained,17765.82,4
553224,reaction,Strongly Acidic,23652.74,2
553224,reaction,Moderately Acidic,218.7,3
553224,reaction,Neutral,2439.37,4
553224,reaction,Moderately Alkaline,1514.76,5
553224,moisture,Low,4487.67,1
553224,moisture,Medium,4910.4,2
553224,moisture,High,18427.51,3
553224,salinity,Non Saline,27825.57,1
553224,recession,Very Early,10059.76,1
553224,recession,Early,12805.31,2
553224,recession,Normal,4061.71,3
553224,recession,Late,898.79,4
553224,relief,Level,25404.86,
553224,relief,Slightly Undulating,2420.72,
553221,landtype,High Land,516.11,
553221,landtype,Medium High Land-1,719.16,
553221,landtype,Medium High Land-2,3095.14,
553221,landtype,Medium Low Land,5132.04,
553221,landtype,Low land,4521.53,
553221,texture,Sand,2596.66,1
553221,texture,Sandy Loam ,5460.31,2
553221,texture,Loam,3981.94,3
553221,texture,Clay Loam,1343.83,4
553221,texture,Clay,601.23,5
553221,consistency,Loose,2596.66,1
553221,consistency,Friable,9442.25,2
553221,consistency,Firm,1945.07,3
553221,drainage,Imperfectly Drained,516.11,3
553221,drainage,Poorly Drained,13467.87,4
553221,reaction,Strongly Acidic,1299.2,2
553221,reaction,Moderately Acidic,2758.45,3
553221,reaction,Neutral,2064.37,4
553221,reaction,Moderately Alkaline,7861.96,5
553221,moisture,Low,3197.9,1
553221,moisture,Medium,6804.15,2
553221,moisture,High,3981.94,3
553221,salinity,Non Saline,13983.98,1
553221,recession,Very Early,516.11,1
553221,recession,Early,3814.3,2
553221,recession,Normal,5132.04,3
553221,recession,Late,4521.53,4
553221,relief,Level,13983.98,
552777,landtype,High Land,13572.95,
552777,landtype,Medium High Land-1,5819.92,
552777,landtype,Medium High Land-2,10790.02,
552777,landtype,Medium Low Land,367.24,
552777,texture,Sandy Loam ,1186.53,2
552777,texture,Loam,10644.16,3
552777,texture,Clay Loam,18719.45,4
552777,consistency,Friable,11527.68,2
552777,consistency,Firm,19022.46,3
552777,drainage,Moderately Well Drained,2193.18,2
552777,drainage,Imperfectly Drained,11379.77,3
552777,drainage,Poorly Drained,16977.18,4
552777,reaction,Extremely Acidic,263.56,1
552777,reaction,Strongly Acidic,30172.26,2
552777,reaction,Moderately Acidic,114.32,3
552777,moisture,Low,1759.99,1
552777,moisture,Medium,17707.3,2
552777,moisture,High,11082.84,3
552777,salinity,Non Saline,30550.14,1
552777,recession,Very Early,14817.58,1
552777,recession,Early,15365.31,2
552777,recession,Normal,243.79,3
552777,recession,Late,123.45,4
552777,relief,Level,26400.25,
552777,relief,Slightly Undulating,2652.22,
552777,relief,Moderately Undulating,1497.67,
553267,landtype,High Land,5308.32,
553267,landtype,Medium High Land-1,1557.05,
553267,landtype,Medium High Land-2,4931.04,
553267,landtype,Medium Low Land,3803.26,
553267,texture,Loam,14112.16,3
553267,texture,Clay Loam,240.72,4
553267,texture,Clay,1246.79,5
553267,consistency,Friable,14112.16,2
553267,consistency,Firm,1487.51,3
553267,drainage,Moderately Well Drained,422.18,2
553267,drainage,Imperfectly Drained,4886.14,3
553267,drainage,Poorly Drained,10291.36,4
553267,reaction,Strongly Acidic,9538.47,2
553267,reaction,Moderately Acidic,6061.2,3
553267,moisture,Low,1200.96,1
553267,moisture,Medium,4488.9,2
553267,moisture,High,9909.81,3
553267,salinity,Non Saline,15599.67,1
553267,recession,Very Early,5308.32,1
553267,recession,Early,6488.1,2
553267,recession,Normal,3803.26,3
553267,relief,Level,11515.39,
553267,relief,Slightly Undulating,4084.28,
553282,landtype,High Land,5507.31,
553282,landtype,Medium High Land-1,2210.31,
553282,landtype,Medium High Land-2,10529.65,
553282,landtype,Medium Low Land,2055.47,
553282,landtype,Low land,159.06,
553282,texture,Sand,25.81,1
553282,texture,Sandy Loam ,270.82,2
553282,texture,Loam,12487.41,3
553282,texture,Clay Loam,7578.54,4
553282,texture,Clay,99.23,5
553282,consistency,Loose,25.81,1
553282,consistency,Friable,12758.22,2
553282,consistency,Firm,7677.77,3
553282,drainage,Well Drained,397.3,1
553282,drainage,Moderately Well Drained,1594.81,2
553282,drainage,Imperfectly Drained,3515.21,3
553282,drainage,Poorly Drained,14954.49,4
553282,reaction,Strongly Acidic,7998.52,2
553282,reaction,Moderately Acidic,12463.28,3
553282,moisture,Low,3486.57,1
553282,moisture,Medium,4348.49,2
553282,moisture,High,12626.74,3
553282,salinity,Non Saline,20461.81,1
553282,recession,Very Early,5507.31,1
553282,recession,Early,12746.64,2
553282,recession,Normal,2048.79,3
553282,recession,Late,159.06,4
553282,relief,Level,18095.63,
553282,relief,Slightly Undulating,2366.18,
553230,landtype,High Land,19318.2,
553230,landtype,Medium High Land-1,2521.55,
553230,landtype,Medium High Land-2,11397.25,
553230,landtype,Medium Low Land,1697.93,
553230,landtype,Low land,1678.07,
553230,texture,Sand,399.34,1
553230,texture,Loam,24082.04,3
553230,texture,Clay Loam,12131.61,4
553230,consistency,Loose,399.34,1
553230,consistency,Friable,24082.04,2
553230,consistency,Firm,12131.61,3
553230,drainage,Imperfectly Drained,19648.18,3
553230,drainage,Poorly Drained,16964.82,4
553230,reaction,Strongly Acidic,36068.26,2
553230,reaction,Moderately Acidic,544.73,3
553230,moisture,Low,15905.56,1
553230,moisture,Medium,5346.89,2
553230,moisture,High,15360.54,3
553230,salinity,Non Saline,36612.99,1
553230,recession,Very Early,19318.2,1
553230,recession,Early,13882.78,2
553230,recession,Normal,1175.36,3
553230,recession,Late,2236.66,4
553230,relief,Level,36612.99,
553288,landtype,High Land,1937.56,
553288,landtype,Medium High Land-1,1680.64,
553288,landtype,Medium High Land-2,6357,
553288,landtype,Medium Low Land,4128.92,
553288,landtype,Low land,423,
553288,texture,Sand,718.32,1
553288,texture,Loam,9692.72,3
553288,texture,Clay Loam,2833.27,4
553288,texture,Clay,1282.81,5
553288,consistency,Loose,718.32,1
553288,consistency,Friable,9692.72,2
553288,consistency,Firm,4116.08,3
553288,drainage,Imperfectly Drained,1937.56,3
553288,drainage,Poorly Drained,12589.56,4
553288,reaction,Strongly Acidic,9677.81,2
553288,reaction,Moderately Acidic,3249.87,3
553288,reaction,Neutral,63.71,4
553288,reaction,Moderately Alkaline,1535.73,5
553288,moisture,Low,2001.13,1
553288,moisture,Medium,3967.15,2
553288,moisture,High,8558.84,3
553288,salinity,Non Saline,14527.12,1
553288,recession,Very Early,1937.56,1
553288,recession,Early,7950.46,2
553288,recession,Normal,4216.1,3
553288,recession,Late,423,4
553288,relief,Level,13736.91,
553288,relief,Slightly Undulating,790.2,
554908,landtype,High Land,1374.71,
554908,landtype,Medium High Land-1,459.41,
554908,landtype,Medium High Land-2,2481.87,
554908,landtype,Medium Low Land,3041.3,
554908,landtype,Low land,315.79,
554908,texture,Sand,1027.22,1
554908,texture,Sandy Loam ,4476.92,2
554908,texture,Loam,2034.46,3
554908,texture,Clay Loam,134.48,4
554908,consistency,Loose,1027.22,1
554908,consistency,Friable,6511.37,2
554908,consistency,Firm,134.48,3
554908,drainage,Imperfectly Drained,1374.71,3
554908,drainage,Poorly Drained,6298.36,4
554908,reaction,Strongly Acidic,856.39,2
554908,reaction,Moderately Acidic,2668.12,3
554908,reaction,Neutral,4148.55,4
554908,moisture,Low,1027.22,1
554908,moisture,Medium,3259.57,2
554908,moisture,High,3386.28,3
554908,salinity,Non Saline,7673.07,1
554908,recession,Very Early,1374.71,1
554908,recession,Early,2941.27,2
554908,recession,Normal,3041.3,3
554908,recession,Late,315.79,4
554908,relief,Level,7673.07,
553291,landtype,High Land,9393.73,
553291,landtype,Medium High Land-1,3174.67,
553291,landtype,Medium High Land-2,13224.3,
553291,landtype,Medium Low Land,7825.2,
553291,landtype,Low land,862.04,
553291,texture,Sand,3307.74,1
553291,texture,Sandy Loam ,756.76,2
553291,texture,Loam,28468.32,3
553291,texture,Clay Loam,1746.53,4
553291,texture,Clay,200.59,5
553291,consistency,Loose,7839.81,1
553291,consistency,Friable,24693.01,2
553291,consistency,Firm,1947.12,3
553291,drainage,Moderately Well Drained,478.25,2
553291,drainage,Imperfectly Drained,9354.01,3
553291,drainage,Poorly Drained,24647.67,4
553291,reaction,Extremely Acidic,1550.32,1
553291,reaction,Strongly Acidic,25087.08,2
553291,reaction,Moderately Acidic,4860.48,3
553291,reaction,Neutral,2982.05,4
553291,moisture,Low,4812.72,1
553291,moisture,Medium,10209.05,2
553291,moisture,High,19458.17,3
553291,salinity,Non Saline,34479.94,1
553291,recession,Very Early,9475.44,1
553291,recession,Early,17487.94,2
553291,recession,Normal,6453.94,3
553291,recession,Late,1062.62,4
553291,relief,Level,25404.44,
553291,relief,Slightly Undulating,9075.5,
554906,landtype,High Land,3880.66,
554906,landtype,Medium High Land-1,1025.65,
554906,landtype,Medium High Land-2,6664.93,
554906,landtype,Medium Low Land,2721.08,
554906,texture,Sandy Loam ,1089.72,2
554906,texture,Loam,10863.19,3
554906,texture,Clay Loam,2339.41,4
554906,consistency,Loose,990.43,1
554906,consistency,Friable,9747.81,2
554906,consistency,Firm,3554.08,3
554906,drainage,Imperfectly Drained,3880.66,3
554906,drainage,Poorly Drained,10411.66,4
554906,reaction,Strongly Acidic,135.25,2
554906,reaction,Moderately Acidic,10601.58,3
554906,reaction,Neutral,1597.66,4
554906,reaction,Moderately Alkaline,1957.83,5
554906,moisture,Low,1299.04,1
554906,moisture,Medium,6027.01,2
554906,moisture,High,6966.27,3
554906,salinity,Non Saline,14292.32,1
554906,recession,Very Early,4123.18,1
554906,recession,Early,6305.25,2
554906,recession,Normal,3717.35,3
554906,recession,Late,146.54,4
554906,relief,Level,14292.32,
554909,landtype,High Land,901.91,
554909,landtype,Medium High Land-1,899.12,
554909,landtype,Medium High Land-2,4783.07,
554909,landtype,Medium Low Land,2846.93,
554909,texture,Sand,1109.67,1
554909,texture,Loam,7547.25,3
554909,texture,Clay Loam,774.11,4
554909,consistency,Loose,1109.67,1
554909,consistency,Friable,7547.25,2
554909,consistency,Firm,774.11,3
554909,drainage,Imperfectly Drained,901.91,3
554909,drainage,Poorly Drained,8529.12,4
554909,reaction,Strongly Acidic,2212.13,2
554909,reaction,Moderately Acidic,635.84,3
554909,reaction,Neutral,1742.22,4
554909,reaction,Moderately Alkaline,4840.83,5
554909,moisture,Low,2851.61,1
554909,moisture,Medium,4660.58,2
554909,moisture,High,1918.84,3
554909,salinity,Non Saline,9431.03,1
554909,recession,Very Early,1099.94,1
554909,recession,Early,7508.69,2
554909,recession,Normal,639.27,3
554909,recession,Late,183.14,4
554909,relief,Level,9431.03,
554952,landtype,High Land,4936.63,
554952,landtype,Medium High Land-1,774.32,
554952,landtype,Medium High Land-2,4146.75,
554952,landtype,Medium Low Land,10814.62,
554952,landtype,Low land,670.46,
554952,texture,Sand,4696.39,1
554952,texture,Loam,15712.84,3
554952,texture,Clay Loam,933.55,4
554952,consistency,Loose,4696.39,1
554952,consistency,Friable,15712.84,2
554952,consistency,Firm,933.55,3
554952,drainage,Moderately Well Drained,700.12,2
554952,drainage,Imperfectly Drained,4236.51,3
554952,drainage,Poorly Drained,16406.15,4
554952,reaction,Strongly Acidic,5700.09,2
554952,reaction,Moderately Acidic,3150.18,3
554952,reaction,Neutral,2141.05,4
554952,reaction,Moderately Alkaline,10351.47,5
554952,moisture,Low,5155.21,1
554952,moisture,Medium,10440.21,2
554952,moisture,High,5747.36,3
554952,salinity,Non Saline,21342.79,1
554952,recession,Very Early,4936.63,1
554952,recession,Early,4921.08,2
554952,recession,Normal,10814.62,3
554952,recession,Late,670.46,4
554952,relief,Level,14847.58,
554952,relief,Slightly Undulating,6495.21,
554918,landtype,High Land,7495.54,
554918,landtype,Medium High Land-1,1142.67,
554918,landtype,Medium High Land-2,3838.09,
554918,landtype,Medium Low Land,969.78,
554918,texture,Sand,663.66,1
554918,texture,Loam,11350.2,3
554918,texture,Clay Loam,1432.21,4
554918,consistency,Loose,663.66,1
554918,consistency,Friable,11350.2,2
554918,consistency,Firm,1432.21,3
554918,drainage,Moderately Well Drained,506.12,2
554918,drainage,Imperfectly Drained,6989.42,3
554918,drainage,Poorly Drained,5950.53,4
554918,reaction,Strongly Acidic,3145.27,2
554918,reaction,Moderately Acidic,8120.81,3
554918,reaction,Neutral,1433.14,4
554918,reaction,Moderately Alkaline,746.85,5
554918,moisture,Low,1249,1
554918,moisture,Medium,4255.82,2
554918,moisture,High,7941.25,3
554918,salinity,Non Saline,13446.07,1
554918,recession,Very Early,7495.54,1
554918,recession,Early,4980.75,2
554918,recession,Normal,890.56,3
554918,recession,Late,79.21,4
554918,relief,Level,13446.07,
554977,landtype,High Land,2156.71,
554977,landtype,Medium High Land-1,1360.42,
554977,landtype,Medium High Land-2,8053.95,
554977,landtype,Medium Low Land,2153.33,
554977,texture,Sand,478.62,1
554977,texture,Sandy Loam ,435.59,2
554977,texture,Loam,12161.74,3
554977,texture,Clay Loam,503.84,4
554977,texture,Clay,144.63,5
554977,consistency,Loose,478.62,1
554977,consistency,Friable,12597.33,2
554977,consistency,Firm,648.47,3
554977,drainage,Moderately Well Drained,351.31,2
554977,drainage,Imperfectly Drained,2336.48,3
554977,drainage,Poorly Drained,11036.62,4
554977,reaction,Strongly Acidic,11977.76,2
554977,reaction,Moderately Acidic,180.11,3
554977,reaction,Neutral,1566.54,4
554977,moisture,Low,1410.15,1
554977,moisture,Medium,3450.55,2
554977,moisture,High,8863.72,3
554977,salinity,Non Saline,13724.41,1
554977,recession,Very Early,2687.79,1
554977,recession,Early,8883.29,2
554977,recession,Normal,2008.7,3
554977,recession,Late,144.63,4
554977,relief,Level,13724.41,
554961,landtype,High Land,10992.84,
554961,landtype,Medium High Land-1,1323.32,
554961,landtype,Medium High Land-2,11153.64,
554961,landtype,Medium Low Land,6997.16,
554961,texture,Sand,3229.48,1
554961,texture,Sandy Loam ,8150.35,2
554961,texture,Loam,15320.31,3
554961,texture,Clay Loam,2968.82,4
554961,texture,Clay,798.01,5
554961,consistency,Loose,3229.48,1
554961,consistency,Friable,23470.66,2
554961,consistency,Firm,3766.82,3
554961,drainage,Imperfectly Drained,10992.84,3
554961,drainage,Poorly Drained,19474.12,4
554961,reaction,Strongly Acidic,15168.51,2
554961,reaction,Moderately Acidic,2536.21,3
554961,reaction,Neutral,286.74,4
554961,reaction,Moderately Alkaline,12475.5,5
554961,moisture,Low,4027.48,1
554961,moisture,Medium,11119.17,2
554961,moisture,High,15320.31,3
554961,salinity,Non Saline,30466.96,1
554961,recession,Very Early,10992.84,1
554961,recession,Early,14662.62,2
554961,recession,Normal,4811.5,3
554961,relief,Level,30466.96,
554979,landtype,High Land,4009.22,
554979,landtype,Medium High Land-1,1343.46,
554979,landtype,Medium High Land-2,4445.64,
554979,landtype,Medium Low Land,1994.09,
554979,landtype,Low land,518.33,
554979,texture,Sandy Loam ,303.63,2
554979,texture,Loam,11274.12,3
554979,texture,Clay,733,5
554979,consistency,Loose,303.63,1
554979,consistency,Friable,11073.11,2
554979,consistency,Firm,934.01,3
554979,drainage,Imperfectly Drained,4009.22,3
554979,drainage,Poorly Drained,8206.38,4
554979,drainage,Very Poorly Drained,95.14,5
554979,reaction,Strongly Acidic,3264.79,2
554979,reaction,Moderately Acidic,6373.74,3
554979,reaction,Neutral,1729.19,4
554979,reaction,Moderately Alkaline,943.02,5
554979,moisture,Low,1036.63,1
554979,moisture,Medium,1716.23,2
554979,moisture,High,9557.89,3
554979,salinity,Non Saline,12310.74,1
554979,recession,Very Early,2469.22,1
554979,recession,Early,7329.1,2
554979,recession,Normal,2417.28,3
554979,recession,Very Late,95.14,5
554979,relief,Level,12310.74,
554994,landtype,High Land,5444.19,
554994,landtype,Medium High Land-1,3164.66,
554994,landtype,Medium High Land-2,15346.22,
554994,landtype,Medium Low Land,937.94,
554994,texture,Sandy Loam ,6519.36,2
554994,texture,Loam,14726.8,3
554994,texture,Clay Loam,2876.91,4
554994,texture,Clay,769.94,5
554994,consistency,Friable,19284.44,2
554994,consistency,Firm,5608.57,3
554994,drainage,Moderately Well Drained,15.56,2
554994,drainage,Imperfectly Drained,5390.6,3
554994,drainage,Poorly Drained,19486.85,4
554994,reaction,Strongly Acidic,14519.95,2
554994,reaction,Moderately Acidic,3037.03,3
554994,reaction,Neutral,7336.04,4
554994,moisture,Low,1959.92,1
554994,moisture,Medium,11743.31,2
554994,moisture,High,11189.77,3
554994,salinity,Non Saline,24893.01,1
554994,recession,Very Early,5444.19,1
554994,recession,Early,14204.33,2
554994,recession,Normal,3399.39,3
554994,recession,Late,1845.1,4
554994,relief,Level,24876.29,
554994,relief,Slightly Undulating,16.72,
555202,landtype,High Land,5168.07,
555202,landtype,Medium High Land-1,764.79,
555202,landtype,Medium High Land-2,7124.86,
555202,landtype,Medium Low Land,1257.4,
555202,texture,Sand,114.96,1
555202,texture,Loam,12287.46,3
555202,texture,Clay Loam,1912.69,4
555202,consistency,Loose,114.96,1
555202,consistency,Friable,12287.46,2
555202,consistency,Firm,1912.69,3
555202,drainage,Moderately Well Drained,2312.03,2
555202,drainage,Imperfectly Drained,2934,3
555202,drainage,Poorly Drained,9069.09,4
555202,reaction,Strongly Acidic,9366.48,2
555202,reaction,Moderately Acidic,4948.64,3
555202,moisture,Low,114.96,1
555202,moisture,Medium,5115.2,2
555202,moisture,High,9084.95,3
555202,salinity,Non Saline,14315.11,1
555202,recession,Very Early,5187.84,1
555202,recession,Early,6168.54,2
555202,recession,Normal,2529.08,3
555202,recession,Late,429.66,4
555202,relief,Level,10439.67,
555202,relief,Slightly Undulating,3875.45,
555233,landtype,High Land,9183.97,
555233,landtype,Medium High Land-1,2610.15,
555233,landtype,Medium High Land-2,12756.04,
555233,landtype,Medium Low Land,459.75,
555233,texture,Sand,2097.38,1
555233,texture,Sandy Loam ,4859.53,2
555233,texture,Loam,18053,3
555233,consistency,Loose,2097.38,1
555233,consistency,Friable,22912.53,2
555233,drainage,Moderately Well Drained,4957.94,2
555233,drainage,Imperfectly Drained,3652.9,3
555233,drainage,Poorly Drained,16399.07,4
555233,reaction,Strongly Acidic,15351.72,2
555233,reaction,Moderately Acidic,7560.81,3
555233,reaction,Moderately Alkaline,2097.38,5
555233,moisture,Low,10859.27,1
555233,moisture,Medium,4552.2,2
555233,moisture,High,9598.44,3
555233,salinity,Non Saline,25009.91,1
555233,recession,Very Early,8402.84,1
555233,recession,Early,12840.39,2
555233,recession,Normal,3230.32,3
555233,recession,Late,494.64,4
555233,recession,Very Late,41.73,5
555233,relief,Level,17354.7,
555233,relief,Slightly Undulating,7655.22,
555239,landtype,High Land,5392.32,
555239,landtype,Medium High Land-1,1328.24,
555239,landtype,Medium High Land-2,9879.74,
555239,landtype,Medium Low Land,1667.36,
555239,texture,Sand,320.42,1
555239,texture,Sandy Loam ,305.92,2
555239,texture,Loam,14089.21,3
555239,texture,Clay Loam,3552.12,4
555239,consistency,Loose,320.42,1
555239,consistency,Friable,11175.27,2
555239,consistency,Firm,6771.97,3
555239,drainage,Moderately Well Drained,840.42,2
555239,drainage,Imperfectly Drained,6663.98,3
555239,drainage,Poorly Drained,10763.26,4
555239,reaction,Strongly Acidic,15829.64,2
555239,reaction,Moderately Acidic,2438.01,3
555239,moisture,Low,626.33,1
555239,moisture,Medium,10888.54,2
555239,moisture,High,6752.78,3
555239,salinity,Non Saline,18267.66,1
555239,recession,Very Early,5648.37,1
555239,recession,Early,4676.51,2
555239,recession,Normal,7322.04,3
555239,recession,Late,584.68,4
555239,recession,Very Late,36.06,5
555239,relief,Level,18267.66,
555255,landtype,High Land,9383.13,
555255,landtype,Medium High Land-1,1902.06,
555255,landtype,Medium High Land-2,8161.88,
555255,landtype,Medium Low Land,3174.25,
555255,texture,Sand,2205.14,1
555255,texture,Loam,15818.82,3
555255,texture,Clay Loam,4597.35,4
555255,consistency,Loose,2205.14,1
555255,consistency,Friable,16676.53,2
555255,consistency,Firm,3739.65,3
555255,drainage,Moderately Well Drained,3636.31,2
555255,drainage,Imperfectly Drained,6148.16,3
555255,drainage,Poorly Drained,12836.85,4
555255,reaction,Strongly Acidic,17413.67,2
555255,reaction,Moderately Acidic,1463.81,3
555255,reaction,Neutral,2205.14,4
555255,reaction,Moderately Alkaline,1538.7,5
555255,moisture,Low,6938.37,1
555255,moisture,Medium,5645.24,2
555255,moisture,High,10037.71,3
555255,salinity,Non Saline,22621.32,1
555255,recession,Very Early,9383.13,1
555255,recession,Early,8397.43,2
555255,recession,Normal,4840.76,3
555255,relief,Level,17088.79,
555255,relief,Slightly Undulating,5532.53,
555270,landtype,High Land,11319.69,
555270,landtype,Medium High Land-1,2734.01,
555270,landtype,Medium High Land-2,9267.17,
555270,landtype,Medium Low Land,299.93,
555270,texture,Sand,224.53,1
555270,texture,Sandy Loam ,3993.08,2
555270,texture,Loam,19403.19,3
555270,consistency,Loose,224.53,1
555270,consistency,Friable,23396.27,2
555270,drainage,Moderately Well Drained,3196.8,2
555270,drainage,Imperfectly Drained,8122.89,3
555270,drainage,Poorly Drained,12301.11,4
555270,reaction,Extremely Acidic,1294.36,1
555270,reaction,Strongly Acidic,22101.91,2
555270,reaction,Moderately Acidic,149.59,3
555270,reaction,Neutral,74.94,4
555270,moisture,Low,3293.11,1
555270,moisture,Medium,11750.66,2
555270,moisture,High,8577.04,3
555270,salinity,Non Saline,23620.8,1
555270,recession,Very Early,11319.69,1
555270,recession,Early,11614.94,2
555270,recession,Normal,686.17,3
555270,relief,Level,21925.11,
555270,relief,Slightly Undulating,1695.69,
557312,landtype,High Land,10732.79,
557312,landtype,Medium High Land-1,2040.86,
557312,landtype,Medium High Land-2,9674.41,
557312,landtype,Medium Low Land,503.43,
557312,texture,Sandy Loam ,9941.51,2
557312,texture,Loam,11673.68,3
557312,texture,Clay Loam,1281.24,4
557312,texture,Clay,55.06,5
557312,consistency,Loose,1357.99,1
557312,consistency,Friable,20257.21,2
557312,consistency,Firm,1336.29,3
557312,drainage,Moderately Well Drained,4245.22,2
557312,drainage,Imperfectly Drained,6487.56,3
557312,drainage,Poorly Drained,12218.7,4
557312,reaction,Extremely Acidic,12903.42,1
557312,reaction,Strongly Acidic,7775.69,2
557312,reaction,Moderately Acidic,1824.01,3
557312,reaction,Neutral,448.37,4
557312,moisture,Low,9941.51,1
557312,moisture,Medium,4319.33,2
557312,moisture,High,8690.65,3
557312,salinity,Non Saline,22951.49,1
557312,recession,Very Early,9807.41,1
557312,recession,Early,12572.9,2
557312,recession,Normal,571.17,3
557312,relief,Level,22951.49,
557315,landtype,High Land,11187.98,
557315,landtype,Medium High Land-1,847.65,
557315,landtype,Medium High Land-2,5898.05,
557315,landtype,Medium Low Land,45.71,
557315,texture,Sandy Loam ,1620.22,2
557315,texture,Loam,15487.18,3
557315,texture,Clay Loam,871.99,4
557315,consistency,Friable,17107.39,2
557315,consistency,Firm,871.99,3
557315,drainage,Moderately Well Drained,2098.15,2
557315,drainage,Imperfectly Drained,9089.84,3
557315,drainage,Poorly Drained,6791.4,4
557315,reaction,Strongly Acidic,7653.84,2
557315,reaction,Moderately Acidic,10325.55,3
557315,moisture,Low,6740.79,1
557315,moisture,Medium,1349.92,2
557315,moisture,High,9888.67,3
557315,salinity,Non Saline,17979.38,1
557315,recession,Very Early,11187.98,1
557315,recession,Early,5676.05,2
557315,recession,Normal,1069.64,3
557315,recession,Late,45.71,4
557315,relief,Level,17979.38,
557336,landtype,High Land,12602.43,
557336,landtype,Medium High Land-1,2349.43,
557336,landtype,Medium High Land-2,9774.57,
557336,landtype,Medium Low Land,744.22,
557336,texture,Sand,472.5,1
557336,texture,Sandy Loam ,4972.38,2
557336,texture,Loam,20025.77,3
557336,consistency,Loose,472.5,1
557336,consistency,Friable,24998.15,2
557336,drainage,Moderately Well Drained,6022.96,2
557336,drainage,Imperfectly Drained,5293.72,3
557336,drainage,Poorly Drained,13902.21,4
557336,drainage,Very Poorly Drained,251.76,5
557336,reaction,Strongly Acidic,24704.01,2
557336,reaction,Moderately Acidic,766.64,3
557336,moisture,Low,6495.28,1
557336,moisture,Medium,7840.91,2
557336,moisture,High,10882.7,3
557336,moisture,Very High,251.76,4
557336,salinity,Non Saline,25470.65,1
557336,recession,Very Early,12602.43,1
557336,recession,Early,9245.29,2
557336,recession,Normal,3104.51,3
557336,recession,Late,266.66,4
557336,recession,Very Late,251.76,5
557336,relief,Level,21060.96,
557336,relief,Slightly Undulating,4409.69,
557345,landtype,High Land,5784.56,
557345,landtype,Medium High Land-1,1453.77,
557345,landtype,Medium High Land-2,8286.88,
557345,landtype,Medium Low Land,162.66,
557345,texture,Sandy Loam ,1405.92,2
557345,texture,Loam,12831.51,3
557345,texture,Clay Loam,1450.44,4
557345,consistency,Friable,14074.77,2
557345,consistency,Firm,1613.1,3
557345,drainage,Well Drained,714.73,1
557345,drainage,Moderately Well Drained,3203.37,2
557345,drainage,Imperfectly Drained,1866.46,3
557345,drainage,Poorly Drained,9903.31,4
557345,reaction,Strongly Acidic,15687.87,2
557345,moisture,Low,1330.35,1
557345,moisture,Medium,5743.16,2
557345,moisture,High,8614.36,3
557345,salinity,Non Saline,15687.87,1
557345,recession,Very Early,5667.92,1
557345,recession,Early,9955.21,2
557345,recession,Normal,64.75,3
557345,relief,Level,15430.91,
557345,relief,Moderately Undulating,256.96,
557364,landtype,High Land,12454.1,
557364,landtype,Medium High Land-1,3556.14,
557364,landtype,Medium High Land-2,16106.06,
557364,landtype,Medium Low Land,429.01,
557364,texture,Sandy Loam ,704.16,2
557364,texture,Loam,31567.03,3
557364,texture,Clay Loam,236.75,4
557364,texture,Clay,37.37,5
557364,consistency,Friable,32271.19,2
557364,consistency,Firm,274.13,3
557364,drainage,Moderately Well Drained,4224.28,2
557364,drainage,Imperfectly Drained,8229.82,3
557364,drainage,Poorly Drained,20091.21,4
557364,reaction,Strongly Acidic,32545.32,2
557364,moisture,Low,3157.9,1
557364,moisture,Medium,6774.79,2
557364,moisture,High,22612.62,3
557364,salinity,Non Saline,32545.32,1
557364,recession,Very Early,12454.1,1
557364,recession,Early,19662.2,2
557364,recession,Normal,429.01,3
557364,relief,Level,26209.39,
557364,relief,Slightly Undulating,6335.93,
557385,landtype,High Land,2873.98,
557385,landtype,Medium High Land-1,1363.94,
557385,landtype,Medium High Land-2,6189.96,
557385,landtype,Medium Low Land,59.36,
557385,texture,Sandy Loam ,221.12,2
557385,texture,Loam,7939.52,3
557385,texture,Clay Loam,2326.6,4
557385,consistency,Friable,8160.64,2
557385,consistency,Firm,2326.6,3
557385,drainage,Moderately Well Drained,723.26,2
557385,drainage,Imperfectly Drained,2150.72,3
557385,drainage,Poorly Drained,7553.89,4
557385,drainage,Very Poorly Drained,59.36,5
557385,reaction,Strongly Acidic,1541.33,2
557385,reaction,Moderately Acidic,8945.91,3
557385,moisture,Low,1570.92,1
557385,moisture,Medium,2882.41,2
557385,moisture,High,5974.55,3
557385,moisture,Very High,59.36,4
557385,salinity,Non Saline,10487.24,1
557385,recession,Very Early,2873.98,1
557385,recession,Early,7553.89,2
557385,recession,Very Late,59.36,5
557385,relief,Level,10487.24,
557725,landtype,High Land,14411.97,
557725,landtype,Medium High Land-1,1783.03,
557725,landtype,Medium High Land-2,10885.64,
557725,texture,Sandy Loam ,1131.76,2
557725,texture,Loam,23773.64,3
557725,texture,Clay Loam,2175.23,4
557725,consistency,Friable,24905.4,2
557725,consistency,Firm,2175.23,3
557725,drainage,Moderately Well Drained,3983.52,2
557725,drainage,Imperfectly Drained,10428.45,3
557725,drainage,Poorly Drained,12668.67,4
557725,reaction,Strongly Acidic,27080.63,2
557725,moisture,Low,1749.03,1
557725,moisture,Medium,19328.4,2
557725,moisture,High,6003.21,3
557725,salinity,Non Saline,27080.63,1
557725,recession,Very Early,14411.97,1
557725,recession,Early,12668.67,2
557725,relief,Level,17925.19,
557725,relief,Slightly Undulating,9155.44,
557704,landtype,High Land,10072.65,
557704,landtype,Medium High Land-1,1365.25,
557704,landtype,Medium High Land-2,7421.52,
557704,texture,Sandy Loam ,1581.53,2
557704,texture,Loam,17277.9,3
557704,consistency,Friable,18859.43,2
557704,drainage,Moderately Well Drained,2300.4,2
557704,drainage,Imperfectly Drained,7772.25,3
557704,drainage,Poorly Drained,8786.78,4
557704,reaction,Strongly Acidic,18859.43,2
557704,moisture,Low,1581.53,1
557704,moisture,Medium,2225.75,2
557704,moisture,High,15052.15,3
557704,salinity,Non Saline,18859.43,1
557704,recession,Very Early,10072.65,1
557704,recession,Early,8786.78,2
557704,relief,Level,18859.43,
557734,landtype,High Land,14985.57,
557734,landtype,Medium High Land-1,1294.59,
557734,landtype,Medium High Land-2,5882.25,
557734,landtype,Medium Low Land,164.95,
557734,texture,Sandy Loam ,834.04,2
557734,texture,Loam,21328.36,3
557734,texture,Clay Loam,164.95,4
557734,consistency,Friable,22224.95,2
557734,consistency,Firm,102.41,3
557734,drainage,Moderately Well Drained,2400.32,2
557734,drainage,Imperfectly Drained,12585.24,3
557734,drainage,Poorly Drained,7341.79,4
557734,reaction,Strongly Acidic,22185.76,2
557734,reaction,Moderately Acidic,141.6,3
557734,moisture,Low,4471.03,1
557734,moisture,Medium,3322.47,2
557734,moisture,High,14533.85,3
557734,salinity,Non Saline,22327.36,1
557734,recession,Very Early,14985.57,1
557734,recession,Early,7176.84,2
557734,recession,Normal,164.95,3
557734,relief,Level,17246.74,
557734,relief,Slightly Undulating,5080.62,
557790,landtype,High Land,13081.73,
557790,landtype,Medium High Land-1,391.21,
557790,landtype,Medium High Land-2,4047.35,
557790,texture,Sandy Loam ,11025.67,2
557790,texture,Loam,6095.08,3
557790,texture,Clay Loam,399.53,4
557790,consistency,Loose,534.17,1
557790,consistency,Friable,16986.12,2
557790,drainage,Moderately Well Drained,3612.18,2
557790,drainage,Imperfectly Drained,9385.94,3
557790,drainage,Poorly Drained,4522.17,4
557790,reaction,Extremely Acidic,3665.34,1
557790,reaction,Strongly Acidic,13169.75,2
557790,reaction,Moderately Acidic,685.2,3
557790,moisture,Low,8436.42,1
557790,moisture,Medium,5683.67,2
557790,moisture,High,3400.2,3
557790,salinity,Non Saline,17520.28,1
557790,recession,Very Early,13171.82,1
557790,recession,Early,4116.94,2
557790,recession,Normal,231.53,3
557790,relief,Level,15228.67,
557790,relief,Slightly Undulating,155.7,
557790,relief,Moderately Undulating,2135.91,
557773,landtype,High Land,15233.94,
557773,landtype,Medium High Land-1,855.3,
557773,landtype,Medium High Land-2,12111.13,
557773,texture,Sand,441.58,1
557773,texture,Sandy Loam ,10756.3,2
557773,texture,Loam,16001.58,3
557773,texture,Clay Loam,1000.9,4
557773,consistency,Loose,441.58,1
557773,consistency,Friable,26757.88,2
557773,consistency,Firm,1000.9,3
557773,drainage,Imperfectly Drained,19104.49,3
557773,drainage,Poorly Drained,9095.88,4
557773,reaction,Extremely Acidic,4379.6,1
557773,reaction,Strongly Acidic,23820.77,2
557773,moisture,Low,11197.88,1
557773,moisture,Medium,17002.48,2
557773,salinity,Non Saline,28200.36,1
557773,recession,Very Early,15233.94,1
557773,recession,Early,12320.94,2
557773,recession,Normal,645.48,3
557773,relief,Level,28200.36,
558503,landtype,High Land,14520.17,
558503,landtype,Medium High Land-1,3389.38,
558503,landtype,Medium High Land-2,10072.72,
558503,landtype,Medium Low Land,202.05,
558503,texture,Sand,213.02,1
558503,texture,Loam,20024.08,3
558503,texture,Clay Loam,7901.05,4
558503,texture,Clay,46.17,5
558503,consistency,Loose,213.02,1
558503,consistency,Friable,20024.08,2
558503,consistency,Firm,7947.22,3
558503,drainage,Moderately Well Drained,7977.99,2
558503,drainage,Imperfectly Drained,6542.17,3
558503,drainage,Poorly Drained,13664.14,4
558503,reaction,Strongly Acidic,16529.45,2
558503,reaction,Moderately Acidic,11654.86,3
558503,moisture,Low,15954.29,1
558503,moisture,Medium,5680.91,2
558503,moisture,High,6549.11,3
558503,salinity,Non Saline,28184.31,1
558503,recession,Very Early,14520.17,1
558503,recession,Early,13462.09,2
558503,recession,Normal,202.05,3
558503,relief,Level,28184.31,
558542,landtype,High Land,3712.34,
558542,landtype,Medium High Land-1,1453.98,
558542,landtype,Medium High Land-2,6964.97,
558542,landtype,Medium Low Land,630.66,
558542,texture,Sand,199.04,1
558542,texture,Loam,9289.24,3
558542,texture,Clay Loam,3273.67,4
558542,consistency,Loose,199.04,1
558542,consistency,Friable,9289.24,2
558542,consistency,Firm,3273.67,3
558542,drainage,Moderately Well Drained,160.39,2
558542,drainage,Imperfectly Drained,3551.95,3
558542,drainage,Poorly Drained,9049.61,4
558542,reaction,Strongly Acidic,9124.61,2
558542,reaction,Moderately Acidic,3637.33,3
558542,moisture,Low,376.75,1
558542,moisture,Medium,6306.93,2
558542,moisture,High,6078.27,3
558542,salinity,Non Saline,12761.94,1
558542,recession,Very Early,3712.34,1
558542,recession,Early,8418.95,2
558542,recession,Normal,630.66,3
558542,relief,Level,12761.94,
558527,landtype,High Land,6329.26,
558527,landtype,Medium High Land-1,1765.49,
558527,landtype,Medium High Land-2,9372.06,
558527,landtype,Medium Low Land,3348.23,
558527,texture,Sand,5056.85,1
558527,texture,Sandy Loam ,443.16,2
558527,texture,Loam,15315.04,3
558527,consistency,Loose,5056.85,1
558527,consistency,Friable,15758.2,2
558527,drainage,Imperfectly Drained,6329.26,3
558527,drainage,Poorly Drained,14485.78,4
558527,reaction,Strongly Acidic,17860.08,2
558527,reaction,Moderately Acidic,2954.96,3
558527,moisture,Low,5500.01,1
558527,moisture,Medium,6703.15,2
558527,moisture,High,8611.89,3
558527,salinity,Non Saline,20815.05,1
558527,recession,Very Early,6329.26,1
558527,recession,Early,5475.07,2
558527,recession,Normal,5662.48,3
558527,recession,Late,3348.23,4
558527,relief,Level,20815.05,
558573,landtype,High Land,7399.17,
558573,landtype,Medium High Land-1,1193.37,
558573,landtype,Medium High Land-2,7745.21,
558573,landtype,Medium Low Land,999.91,
558573,texture,Sandy Loam ,288.01,2
558573,texture,Loam,17000.93,3
558573,texture,Clay Loam,48.73,4
558573,consistency,Friable,17288.93,2
558573,consistency,Firm,48.73,3
558573,drainage,Moderately Well Drained,402.53,2
558573,drainage,Imperfectly Drained,6996.65,3
558573,drainage,Poorly Drained,9938.49,4
558573,reaction,Extremely Acidic,402.53,1
558573,reaction,Strongly Acidic,15310.73,2
558573,reaction,Moderately Acidic,1020.81,3
558573,reaction,Neutral,603.6,4
558573,moisture,Low,288.01,1
558573,moisture,Medium,7052.7,2
558573,moisture,High,9996.95,3
558573,salinity,Non Saline,17337.66,1
558573,recession,Very Early,7399.17,1
558573,recession,Early,8938.58,2
558573,recession,Normal,603.6,3
558573,recession,Late,396.31,4
558573,relief,Level,17337.66,
558592,landtype,High Land,4204.63,
558592,landtype,Medium High Land-1,1560.2,
558592,landtype,Medium High Land-2,6075.16,
558592,landtype,Medium Low Land,231.37,
558592,texture,Sand,57.88,1
558592,texture,Sandy Loam ,53.75,2
558592,texture,Loam,8785.24,3
558592,texture,Clay Loam,3174.49,4
558592,consistency,Loose,57.88,1
558592,consistency,Friable,8838.99,2
558592,consistency,Firm,3174.49,3
558592,drainage,Moderately Well Drained,1420.27,2
558592,drainage,Imperfectly Drained,2784.36,3
558592,drainage,Poorly Drained,7866.73,4
558592,reaction,Strongly Acidic,10605.23,2
558592,reaction,Moderately Acidic,1466.13,3
558592,moisture,Low,2564.61,1
558592,moisture,Medium,3262.55,2
558592,moisture,High,6244.2,3
558592,salinity,Non Saline,12071.36,1
558592,recession,Very Early,4204.63,1
558592,recession,Early,5058.9,2
558592,recession,Normal,2576.46,3
558592,recession,Late,231.37,4
558592,relief,Level,10319.77,
558592,relief,Slightly Undulating,1225.89,
558592,relief,Moderately Undulating,525.7,
558550,landtype,High Land,5827,
558550,landtype,Medium High Land-1,921.22,
558550,landtype,Medium High Land-2,5682.57,
558550,landtype,Medium Low Land,240.94,
558550,texture,Loam,12097.84,3
558550,texture,Clay Loam,573.89,4
558550,consistency,Friable,12097.84,2
558550,consistency,Firm,573.89,3
558550,drainage,Moderately Well Drained,153.91,2
558550,drainage,Imperfectly Drained,5673.08,3
558550,drainage,Poorly Drained,6844.73,4
558550,reaction,Strongly Acidic,12671.73,2
558550,moisture,Low,477.61,1
558550,moisture,Medium,1402.67,2
558550,moisture,High,10791.45,3
558550,salinity,Non Saline,12671.73,1
558550,recession,Very Early,5827,1
558550,recession,Early,5508.99,2
558550,recession,Normal,1094.8,3
558550,recession,Late,240.94,4
558550,relief,Level,12671.73,
558558,landtype,High Land,19312.45,
558558,landtype,Medium High Land-1,4618.83,
558558,landtype,Medium High Land-2,17967.11,
558558,landtype,Medium Low Land,674.37,
558558,texture,Sandy Loam ,83.68,2
558558,texture,Loam,30600.85,3
558558,texture,Clay Loam,11187.92,4
558558,texture,Clay,700.31,5
558558,consistency,Loose,83.68,1
558558,consistency,Friable,35261.92,2
558558,consistency,Firm,7227.17,3
558558,drainage,Moderately Well Drained,6326.64,2
558558,drainage,Imperfectly Drained,12985.8,3
558558,drainage,Poorly Drained,23260.32,4
558558,reaction,Strongly Acidic,18014.75,2
558558,reaction,Moderately Acidic,24558.02,3
558558,moisture,Low,12156.13,1
558558,moisture,Medium,3149.36,2
558558,moisture,High,27267.27,3
558558,salinity,Non Saline,42572.76,1
558558,recession,Very Early,19312.45,1
558558,recession,Early,19484.8,2
558558,recession,Normal,2732.81,3
558558,recession,Late,1042.71,4
558558,relief,Level,42572.76,
558549,landtype,High Land,4492.74,
558549,landtype,Medium High Land-1,860.83,
558549,landtype,Medium High Land-2,4846.85,
558549,landtype,Medium Low Land,452.83,
558549,texture,Sandy Loam ,156.73,2
558549,texture,Loam,9582.04,3
558549,texture,Clay Loam,914.49,4
558549,consistency,Friable,9738.77,2
558549,consistency,Firm,914.49,3
558549,drainage,Moderately Well Drained,1383.18,2
558549,drainage,Imperfectly Drained,3109.57,3
558549,drainage,Poorly Drained,6160.52,4
558549,reaction,Strongly Acidic,10653.26,2
558549,moisture,Low,1178.76,1
558549,moisture,Medium,2446.59,2
558549,moisture,High,7027.92,3
558549,salinity,Non Saline,10653.26,1
558549,recession,Very Early,4492.74,1
558549,recession,Early,4144.41,2
558549,recession,Normal,1563.28,3
558549,recession,Late,452.83,4
558549,relief,Level,10653.26,
558576,landtype,High Land,14007.06,
558576,landtype,Medium High Land-1,5414.78,
558576,landtype,Medium High Land-2,16995.38,
558576,landtype,Medium Low Land,986.07,
558576,texture,Loam,18922.53,3
558576,texture,Clay Loam,18023.68,4
558576,texture,Clay,457.09,5
558576,consistency,Friable,24462.27,2
558576,consistency,Firm,12941.03,3
558576,drainage,Moderately Well Drained,7246.15,2
558576,drainage,Imperfectly Drained,6760.92,3
558576,drainage,Poorly Drained,23396.24,4
558576,reaction,Extremely Acidic,3420.03,1
558576,reaction,Strongly Acidic,33983.27,2
558576,moisture,Low,19255.5,1
558576,moisture,Medium,6376.17,2
558576,moisture,High,11771.63,3
558576,salinity,Non Saline,37403.3,1
558576,recession,Very Early,14007.06,1
558576,recession,Early,18933.9,2
558576,recession,Normal,3476.27,3
558576,recession,Late,986.07,4
558576,relief,Level,29729.96,
558576,relief,Slightly Undulating,7673.34,
559408,landtype,High Land,13968.75,
559408,landtype,Medium High Land-1,2856.69,
559408,landtype,Medium High Land-2,7807.6,
559408,landtype,Medium Low Land,327.11,
559408,texture,Sandy Loam ,1506.65,2
559408,texture,Loam,22727.72,3
559408,texture,Clay Loam,725.79,4
559408,consistency,Friable,24234.37,2
559408,consistency,Firm,725.79,3
559408,drainage,Moderately Well Drained,1449.77,2
559408,drainage,Imperfectly Drained,12518.98,3
559408,drainage,Poorly Drained,10991.41,4
559408,reaction,Extremely Acidic,239.98,1
559408,reaction,Strongly Acidic,24720.18,2
559408,moisture,Low,2232.44,1
559408,moisture,Medium,5182.07,2
559408,moisture,High,17545.65,3
559408,salinity,Non Saline,24960.16,1
559408,recession,Very Early,13968.75,1
559408,recession,Early,10664.29,2
559408,recession,Normal,327.11,3
559408,relief,Level,24960.16,
559451,landtype,High Land,10232.3,
559451,landtype,Medium High Land-1,1638.95,
559451,landtype,Medium High Land-2,6685.79,
559451,landtype,Medium Low Land,507.31,
559451,texture,Sandy Loam ,793.81,2
559451,texture,Loam,17454.18,3
559451,texture,Clay Loam,816.36,4
559451,consistency,Friable,18247.98,2
559451,consistency,Firm,816.36,3
559451,drainage,Moderately Well Drained,952.05,2
559451,drainage,Imperfectly Drained,9280.24,3
559451,drainage,Poorly Drained,8832.05,4
559451,reaction,Strongly Acidic,19064.35,2
559451,moisture,Low,1610.17,1
559451,moisture,Medium,10332.55,2
559451,moisture,High,7121.63,3
559451,salinity,Non Saline,19064.35,1
559451,recession,Very Early,10232.3,1
559451,recession,Early,8324.74,2
559451,recession,Normal,507.31,3
559451,relief,Level,18240.11,
559451,relief,Slightly Undulating,824.24,
559486,landtype,High Land,16070.59,
559486,landtype,Medium High Land-1,1748.37,
559486,landtype,Medium High Land-2,8096.58,
559486,landtype,Medium Low Land,934.64,
559486,texture,Sandy Loam ,2011.02,2
559486,texture,Loam,22859.52,3
559486,texture,Clay Loam,1979.63,4
559486,consistency,Friable,25444.78,2
559486,consistency,Firm,1405.4,3
559486,drainage,Moderately Well Drained,5731.43,2
559486,drainage,Imperfectly Drained,10339.15,3
559486,drainage,Poorly Drained,10779.59,4
559486,reaction,Extremely Acidic,22316.39,1
559486,reaction,Strongly Acidic,4533.78,2
559486,moisture,Low,3105.08,1
559486,moisture,Medium,15975.91,2
559486,moisture,High,7769.18,3
559486,salinity,Non Saline,26850.17,1
559486,recession,Very Early,16070.59,1
559486,recession,Early,8677.83,2
559486,recession,Normal,1863.49,3
559486,recession,Late,238.27,4
559486,relief,Level,26850.17,
559482,landtype,High Land,18132.05,
559482,landtype,Medium High Land-1,1556.19,
559482,landtype,Medium High Land-2,9667.75,
559482,landtype,Medium Low Land,706.1,
559482,texture,Sandy Loam ,874.22,2
559482,texture,Loam,19194.75,3
559482,texture,Clay Loam,9701.56,4
559482,texture,Clay,291.56,5
559482,consistency,Friable,20299.31,2
559482,consistency,Firm,9762.78,3
559482,drainage,Moderately Well Drained,5773.56,2
559482,drainage,Imperfectly Drained,12358.5,3
559482,drainage,Poorly Drained,11930.03,4
559482,reaction,Strongly Acidic,29369.95,2
559482,reaction,Moderately Acidic,692.14,3
559482,moisture,Low,2181.8,1
559482,moisture,Medium,15215,2
559482,moisture,High,12665.29,3
559482,salinity,Non Saline,30062.09,1
559482,recession,Very Early,18132.05,1
559482,recession,Early,10476.08,2
559482,recession,Normal,747.86,3
559482,recession,Late,706.1,4
559482,relief,Level,30062.09,
603605,landtype,High Land,8701.96,
603605,landtype,Medium High Land-1,778.3,
603605,landtype,Medium High Land-2,2921.57,
603605,landtype,Medium Low Land,4300.84,
603605,landtype,Low land,4049.7,
603605,landtype,Very Low land,1371.4,
603605,texture,Loam,894.2,3
603605,texture,Clay Loam,19858.16,4
603605,texture,Clay,1371.4,5
603605,consistency,Friable,9013.96,2
603605,consistency,Firm,13109.81,3
603605,drainage,Well Drained,8255.03,1
603605,drainage,Imperfectly Drained,446.93,3
603605,drainage,Poorly Drained,12050.41,4
603605,drainage,Very Poorly Drained,1371.4,5
603605,reaction,Strongly Acidic,22123.76,2
603605,moisture,Low,15050.79,1
603605,moisture,Medium,5701.58,2
603605,moisture,Very High,1371.4,4
603605,salinity,Non Saline,22123.76,1
603605,recession,Very Early,8701.96,1
603605,recession,Early,5433.15,2
603605,recession,Normal,3583.39,3
603605,recession,Late,3033.87,4
603605,recession,Very Late,1371.4,5
603605,relief,Level,14004.01,
603605,relief,Undulating,811.68,
603605,relief,Sloppy,7308.07,
603611,landtype,Medium High Land-1,559.61,
603611,landtype,Medium High Land-2,1600.81,
603611,landtype,Medium Low Land,14316.77,
603611,landtype,Low land,23625.12,
603611,landtype,Very Low land,5921.24,
603611,texture,Loam,8362.35,3
603611,texture,Clay Loam,24763.32,4
603611,texture,Clay,12897.88,5
603611,consistency,Friable,9428.33,2
603611,consistency,Firm,36595.22,3
603611,drainage,Poorly Drained,41044.59,4
603611,drainage,Very Poorly Drained,4978.96,5
603611,reaction,Extremely Acidic,5453.02,1
603611,reaction,Strongly Acidic,40570.53,2
603611,moisture,Low,10471.59,1
603611,moisture,Medium,22210.65,2
603611,moisture,High,8362.35,3
603611,moisture,Very High,4978.96,4
603611,salinity,Non Saline,46023.55,1
603611,recession,Early,692.28,2
603611,recession,Normal,12140.24,3
603611,recession,Late,27269.78,4
603611,recession,Very Late,5921.24,5
603611,relief,Level,46023.55,
559494,landtype,High Land,38897.96,
559494,landtype,Medium High Land-1,4589.96,
559494,landtype,Medium High Land-2,17102.71,
559494,landtype,Medium Low Land,380.13,
559494,texture,Sandy Loam ,6595.23,2
559494,texture,Loam,44697.85,3
559494,texture,Clay Loam,9677.69,4
559494,consistency,Friable,51293.07,2
559494,consistency,Firm,9677.69,3
559494,drainage,Moderately Well Drained,9855.78,2
559494,drainage,Imperfectly Drained,29042.19,3
559494,drainage,Poorly Drained,22072.8,4
559494,reaction,Strongly Acidic,60450.8,2
559494,reaction,Moderately Acidic,519.96,3
559494,moisture,Low,14573.91,1
559494,moisture,Medium,14102.5,2
559494,moisture,High,32294.35,3
559494,salinity,Non Saline,60970.76,1
559494,recession,Very Early,38897.96,1
559494,recession,Early,3080.48,2
559494,recession,Normal,16792.42,3
559494,recession,Late,2128.91,4
559494,recession,Very Late,70.99,5
559494,relief,Level,49989.79,
559494,relief,Slightly Undulating,10980.97,
603602,landtype,Medium High Land-1,21.26,
603602,landtype,Medium High Land-2,64.11,
603602,landtype,Medium Low Land,5464.97,
603602,landtype,Low land,5764.05,
603602,landtype,Very Low land,5010.74,
603602,texture,Loam,2241.15,3
603602,texture,Clay Loam,7314.32,4
603602,texture,Clay,6769.66,5
603602,consistency,Friable,2241.15,2
603602,consistency,Firm,14083.98,3
603602,drainage,Poorly Drained,11520.49,4
603602,drainage,Very Poorly Drained,4804.64,5
603602,reaction,Strongly Acidic,16325.13,2
603602,moisture,Low,6769.66,1
603602,moisture,Medium,7804.54,2
603602,moisture,High,1750.93,3
603602,salinity,Non Saline,16325.13,1
603602,recession,Early,85.36,2
603602,recession,Normal,5464.97,3
603602,recession,Late,5970.15,4
603602,recession,Very Late,4804.64,5
603602,relief,Level,16325.13,
603626,landtype,High Land,25636.18,
603626,landtype,Medium High Land-1,3856.84,
603626,landtype,Medium High Land-2,13081.97,
603626,texture,Sandy Loam ,2767.43,2
603626,texture,Loam,2318.75,3
603626,texture,Clay Loam,37488.82,4
603626,consistency,Friable,24556.05,2
603626,consistency,Firm,18018.95,3
603626,drainage,Well Drained,21125.45,1
603626,drainage,Imperfectly Drained,4510.74,3
603626,drainage,Poorly Drained,16938.81,4
603626,reaction,Extremely Acidic,25642.47,1
603626,reaction,Strongly Acidic,16932.53,2
603626,moisture,Low,25146.09,1
603626,moisture,Medium,15110.16,2
603626,moisture,High,2318.75,3
603626,salinity,Non Saline,42575,1
603626,recession,Very Early,25636.18,1
603626,recession,Early,16938.81,2
603626,relief,Level,21449.55,
603626,relief,Undulating,21125.45,
603644,landtype,High Land,749.64,
603644,landtype,Medium High Land-1,866.6,
603644,landtype,Medium High Land-2,4441.18,
603644,landtype,Medium Low Land,5218.68,
603644,landtype,Low land,4148.56,
603644,landtype,Very Low land,653.69,
603644,texture,Sandy Loam ,899.13,2
603644,texture,Loam,1107.59,3
603644,texture,Clay Loam,13139.43,4
603644,texture,Clay,932.21,5
603644,consistency,Friable,7824.49,2
603644,consistency,Firm,8253.86,3
603644,drainage,Imperfectly Drained,749.64,3
603644,drainage,Poorly Drained,14675.02,4
603644,drainage,Very Poorly Drained,653.69,5
603644,reaction,Extremely Acidic,278.51,1
603644,reaction,Strongly Acidic,15799.84,2
603644,moisture,Low,2839.72,1
603644,moisture,Medium,11198.84,2
603644,moisture,High,1386.1,3
603644,moisture,Very High,653.69,4
603644,salinity,Non Saline,16078.36,1
603644,recession,Very Early,749.64,1
603644,recession,Early,5307.78,2
603644,recession,Normal,5218.68,3
603644,recession,Late,4148.56,4
603644,recession,Very Late,653.69,5
603644,relief,Level,16078.36,
603668,landtype,High Land,57.26,
603668,landtype,Medium High Land-1,385.78,
603668,landtype,Medium High Land-2,1557.06,
603668,landtype,Medium Low Land,5846.66,
603668,landtype,Low land,7209.85,
603668,landtype,Very Low land,929.87,
603668,texture,Loam,2586.9,3
603668,texture,Clay Loam,6688.82,4
603668,texture,Clay,6710.76,5
603668,consistency,Friable,2586.9,2
603668,consistency,Firm,13399.58,3
603668,drainage,Imperfectly Drained,57.26,3
603668,drainage,Poorly Drained,12893.78,4
603668,drainage,Very Poorly Drained,3035.45,5
603668,reaction,Strongly Acidic,15986.49,2
603668,moisture,Low,6885.41,1
603668,moisture,Medium,7258.3,2
603668,moisture,High,1842.78,3
603668,salinity,Non Saline,15986.49,1
603668,recession,Very Early,57.26,1
603668,recession,Early,904.51,2
603668,recession,Normal,6101.64,3
603668,recession,Late,6670.99,4
603668,recession,Very Late,2252.09,5
603668,relief,Level,15986.49,
603687,landtype,High Land,471.52,
603687,landtype,Medium High Land-1,396.89,
603687,landtype,Medium High Land-2,1517.76,
603687,landtype,Medium Low Land,1030.27,
603687,texture,Sandy Loam ,377.01,2
603687,texture,Loam,316.32,3
603687,texture,Clay Loam,2723.1,4
603687,consistency,Friable,693.33,2
603687,consistency,Firm,2723.1,3
603687,drainage,Imperfectly Drained,471.52,3
603687,drainage,Poorly Drained,2944.92,4
603687,reaction,Strongly Acidic,3248.45,2
603687,reaction,Moderately Acidic,167.99,3
603687,moisture,Low,1239.17,1
603687,moisture,Medium,1823.17,2
603687,moisture,High,354.09,3
603687,salinity,Non Saline,3344.29,1
603687,salinity,Very Slightly Saline,72.14,2
603687,recession,Very Early,471.52,1
603687,recession,Early,1914.64,2
603687,recession,Normal,1030.27,3
603687,relief,Level,3416.43,
603671,landtype,High Land,7887.81,
603671,landtype,Medium High Land-1,782.25,
603671,landtype,Medium High Land-2,6159.77,
603671,landtype,Medium Low Land,6093.66,
603671,landtype,Low land,1348.37,
603671,texture,Sandy Loam ,3792.42,2
603671,texture,Loam,9812.28,3
603671,texture,Clay Loam,7525.17,4
603671,texture,Clay,1141.98,5
603671,consistency,Friable,13604.71,2
603671,consistency,Firm,8667.15,3
603671,drainage,Well Drained,1963.14,1
603671,drainage,Imperfectly Drained,5924.67,3
603671,drainage,Poorly Drained,13242.07,4
603671,drainage,Very Poorly Drained,1141.98,5
603671,reaction,Extremely Acidic,39.56,1
603671,reaction,Strongly Acidic,22232.3,2
603671,moisture,Low,6220.94,1
603671,moisture,Medium,10402.78,2
603671,moisture,High,4506.15,3
603671,moisture,Very High,1141.98,4
603671,salinity,Non Saline,22271.86,1
603671,recession,Very Early,7887.81,1
603671,recession,Early,6942.02,2
603671,recession,Normal,5533.33,3
603671,recession,Late,766.73,4
603671,recession,Very Late,1141.98,5
603671,relief,Level,20308.72,
603671,relief,Slightly Undulating,443.77,
603671,relief,Sloppy,1519.37,
603677,landtype,High Land,2895.19,
603677,landtype,Medium High Land-1,1398.88,
603677,landtype,Medium High Land-2,8596.3,
603677,landtype,Medium Low Land,5875.96,
603677,landtype,Low land,11348.95,
603677,landtype,Very Low land,6221.18,
603677,texture,Sandy Loam ,639.54,2
603677,texture,Loam,3601.48,3
603677,texture,Clay Loam,14314.93,4
603677,texture,Clay,17780.51,5
603677,consistency,Friable,4680.91,2
603677,consistency,Firm,31655.54,3
603677,drainage,Well Drained,969.45,1
603677,drainage,Moderately Well Drained,297.95,2
603677,drainage,Imperfectly Drained,1627.78,3
603677,drainage,Poorly Drained,33441.27,4
603677,reaction,Extremely Acidic,33762.63,1
603677,reaction,Strongly Acidic,2325.87,2
603677,reaction,Moderately Acidic,247.95,3
603677,moisture,Low,20674.16,1
603677,moisture,Medium,13630.51,2
603677,moisture,High,2031.78,3
603677,salinity,Non Saline,36336.45,1
603677,recession,Very Early,2895.19,1
603677,recession,Early,9995.18,2
603677,recession,Normal,4678.83,3
603677,recession,Late,12546.07,4
603677,recession,Very Late,6221.18,5
603677,relief,Level,35069.05,
603677,relief,Moderately Undulating,820.05,
603677,relief,Undulating,447.36,
605835,landtype,High Land,11707.38,
605835,landtype,Medium High Land-1,779.61,
605835,landtype,Medium High Land-2,4930.37,
605835,landtype,Medium Low Land,1828.82,
605835,landtype,Low land,2350.49,
605835,landtype,Very Low land,1571.47,
605835,texture,Sandy Loam ,2830.36,2
605835,texture,Loam,9708.64,3
605835,texture,Clay Loam,8787.85,4
605835,texture,Clay,1841.29,5
605835,consistency,Friable,12539,2
605835,consistency,Firm,10629.14,3
605835,drainage,Well Drained,10737.59,1
605835,drainage,Moderately Well Drained,969.79,2
605835,drainage,Poorly Drained,9619.47,4
605835,drainage,Very Poorly Drained,1841.29,5
605835,reaction,Extremely Acidic,9993.05,1
605835,reaction,Strongly Acidic,12589.08,2
605835,reaction,Moderately Acidic,586,3
605835,moisture,Low,18808.1,1
605835,moisture,Medium,2518.75,2
605835,moisture,Very High,1841.29,4
605835,salinity,Non Saline,23168.14,1
605835,recession,Very Early,11707.38,1
605835,recession,Early,4644.14,2
605835,recession,Normal,1659.15,3
605835,recession,Late,3316.18,4
605835,recession,Very Late,1841.29,5
605835,relief,Level,11460.76,
605835,relief,Slightly Undulating,969.79,
605835,relief,Undulating,1405.62,
605835,relief,Sloppy,9331.97,
605814,landtype,High Land,13603.94,
605814,landtype,Medium High Land-1,1793.41,
605814,landtype,Medium High Land-2,8124.3,
605814,landtype,Medium Low Land,4899.43,
605814,landtype,Low land,2866.04,
605814,landtype,Very Low land,1751.76,
605814,texture,Clay Loam,31287.12,4
605814,texture,Clay,1751.76,5
605814,consistency,Friable,16155.81,2
605814,consistency,Firm,16883.07,3
605814,drainage,Well Drained,16155.81,1
605814,drainage,Poorly Drained,15131.31,4
605814,drainage,Very Poorly Drained,1751.76,5
605814,reaction,Extremely Acidic,19309.95,1
605814,reaction,Strongly Acidic,13728.92,2
605814,moisture,Low,20714.44,1
605814,moisture,Medium,10572.68,2
605814,moisture,Very High,1751.76,4
605814,salinity,Non Saline,33038.88,1
605814,recession,Very Early,16155.81,1
605814,recession,Early,11119.19,2
605814,recession,Normal,2158.72,3
605814,recession,Late,2574.52,4
605814,recession,Very Late,1030.64,5
605814,relief,Level,16883.07,
605814,relief,Undulating,2551.87,
605814,relief,Sloppy,13603.94,
605865,landtype,High Land,11041.3,
605865,landtype,Medium High Land-1,846.43,
605865,landtype,Medium High Land-2,10158.4,
605865,landtype,Medium Low Land,5202.64,
605865,landtype,Low land,1434.04,
605865,landtype,Very Low land,2513.93,
605865,texture,Sandy Loam ,4537.66,2
605865,texture,Loam,13758.31,3
605865,texture,Clay Loam,3518.02,4
605865,texture,Clay,9382.74,5
605865,consistency,Friable,18295.97,2
605865,consistency,Firm,12900.76,3
605865,drainage,Well Drained,10814.66,1
605865,drainage,Imperfectly Drained,955.33,3
605865,drainage,Poorly Drained,19426.74,4
605865,reaction,Strongly Acidic,29405.8,2
605865,reaction,Moderately Acidic,1790.93,3
605865,moisture,Low,20975.15,1
605865,moisture,Medium,8510.09,2
605865,moisture,High,1711.49,3
605865,salinity,Non Saline,30884.96,1
605865,salinity,Very Slightly Saline,311.78,2
605865,recession,Very Early,11448.95,1
605865,recession,Early,8895.49,2
605865,recession,Normal,3171.25,3
605865,recession,Late,5818.82,4
605865,recession,Very Late,1862.23,5
605865,relief,Level,20880.93,
605865,relief,Moderately Undulating,849.31,
605865,relief,Undulating,3399.97,
605865,relief,Sloppy,6066.53,
605856,landtype,High Land,21499.53,
605856,landtype,Medium High Land-1,764.01,
605856,landtype,Medium High Land-2,9913.22,
605856,landtype,Medium Low Land,1165.9,
605856,landtype,Low land,510.5,
605856,landtype,Very Low land,108.82,
605856,texture,Sandy Loam ,2229.63,2
605856,texture,Loam,19015.89,3
605856,texture,Clay Loam,12677.34,4
605856,texture,Clay,39.14,5
605856,consistency,Loose,2229.63,1
605856,consistency,Friable,19015.89,2
605856,consistency,Firm,12716.48,3
605856,drainage,Well Drained,18573.4,1
605856,drainage,Imperfectly Drained,2926.13,3
605856,drainage,Poorly Drained,12423.32,4
605856,drainage,Very Poorly Drained,39.14,5
605856,reaction,Extremely Acidic,4204.89,1
605856,reaction,Strongly Acidic,29757.11,2
605856,moisture,Low,24600.81,1
605856,moisture,Medium,9361.19,2
605856,salinity,Non Saline,33962,1
605856,recession,Very Early,21499.53,1
605856,recession,Early,8664.69,2
605856,recession,Normal,2910.77,3
605856,recession,Late,847.86,4
605856,recession,Very Late,39.14,5
605856,relief,Level,19129.31,
605856,relief,Moderately Undulating,214.75,
605856,relief,Sloppy,14617.95,
605880,landtype,High Land,7038.17,
605880,landtype,Medium High Land-1,772.46,
605880,landtype,Medium High Land-2,7601.34,
605880,landtype,Medium Low Land,4350.17,
605880,landtype,Low land,4835.85,
605880,landtype,Very Low land,4030.55,
605880,texture,Sandy Loam ,589.17,2
605880,texture,Loam,5945.29,3
605880,texture,Clay Loam,17442.23,4
605880,texture,Clay,4651.86,5
605880,consistency,Friable,6534.46,2
605880,consistency,Firm,22094.09,3
605880,drainage,Well Drained,5239.56,1
605880,drainage,Moderately Well Drained,294.06,2
605880,drainage,Imperfectly Drained,1504.55,3
605880,drainage,Poorly Drained,16938.52,4
605880,drainage,Very Poorly Drained,4651.86,5
605880,reaction,Extremely Acidic,9193.41,1
605880,reaction,Strongly Acidic,19435.14,2
605880,moisture,Low,12463.98,1
605880,moisture,Medium,11512.71,2
605880,moisture,Very High,4651.86,4
605880,salinity,Non Saline,28628.55,1
605880,recession,Very Early,7038.17,1
605880,recession,Early,8373.8,2
605880,recession,Normal,4350.17,3
605880,recession,Late,4214.55,4
605880,recession,Very Late,4651.86,5
605880,relief,Level,22733.61,
605880,relief,Slightly Undulating,655.38,
605880,relief,Undulating,327.24,
605880,relief,Sloppy,4912.32,
605874,landtype,High Land,4009.49,
605874,landtype,Medium High Land-1,1398.28,
605874,landtype,Medium High Land-2,14273.33,
605874,landtype,Medium Low Land,6066.79,
605874,landtype,Low land,2711.81,
605874,landtype,Very Low land,833.4,
605874,texture,Sandy Loam ,1561.37,2
605874,texture,Loam,7255.9,3
605874,texture,Clay Loam,12995.8,4
605874,texture,Clay,7480.04,5
605874,consistency,Friable,20417.97,2
605874,consistency,Firm,8875.15,3
605874,drainage,Well Drained,1636.87,1
605874,drainage,Imperfectly Drained,2372.63,3
605874,drainage,Poorly Drained,24450.22,4
605874,drainage,Very Poorly Drained,833.4,5
605874,reaction,Extremely Acidic,9479.99,1
605874,reaction,Strongly Acidic,19813.12,2
605874,moisture,Low,15100.66,1
605874,moisture,Medium,13359.05,2
605874,moisture,Very High,833.4,4
605874,salinity,Non Saline,29293.11,1
605874,recession,Very Early,4009.49,1
605874,recession,Early,15671.62,2
605874,recession,Normal,6066.79,3
605874,recession,Late,2711.81,4
605874,recession,Very Late,833.4,5
605874,relief,Level,27656.25,
605874,relief,Moderately Undulating,273.13,
605874,relief,Sloppy,1363.74,
609023,landtype,High Land,949.35,
609023,landtype,Medium High Land-1,2121.15,
609023,landtype,Medium High Land-2,11427.58,
609023,landtype,Medium Low Land,10785.73,
609023,landtype,Low land,8737.83,
609023,landtype,Very Low land,4762.8,
609023,texture,Sandy Loam ,969.4,2
609023,texture,Loam,3036.28,3
609023,texture,Clay Loam,17278.73,4
609023,texture,Clay,17500.02,5
609023,consistency,Friable,4005.68,2
609023,consistency,Firm,34778.76,3
609023,drainage,Well Drained,830.22,1
609023,drainage,Imperfectly Drained,514.44,3
609023,drainage,Poorly Drained,37439.78,4
609023,reaction,Extremely Acidic,398.58,1
609023,reaction,Strongly Acidic,37382.75,2
609023,reaction,Moderately Acidic,1003.1,3
609023,moisture,Low,22796.7,1
609023,moisture,Medium,14626.16,2
609023,moisture,High,1361.58,3
609023,salinity,Non Saline,38784.44,1
609023,recession,Very Early,949.35,1
609023,recession,Early,15433.19,2
609023,recession,Normal,8901.27,3
609023,recession,Late,9239.88,4
609023,recession,Very Late,4260.75,5
609023,relief,Level,37954.22,
609023,relief,Sloppy,830.22,
605883,landtype,High Land,21453.69,
605883,landtype,Medium High Land-1,2970.63,
605883,landtype,Medium High Land-2,9188.41,
605883,landtype,Medium Low Land,1995.31,
605883,landtype,Low land,3013.53,
605883,landtype,Very Low land,1029.38,
605883,texture,Sandy Loam ,10128.91,2
605883,texture,Loam,9294.7,3
605883,texture,Clay Loam,19197.96,4
605883,texture,Clay,1029.38,5
605883,consistency,Friable,25856.26,2
605883,consistency,Firm,13794.68,3
605883,drainage,Well Drained,15728.65,1
605883,drainage,Moderately Well Drained,2170.66,2
605883,drainage,Imperfectly Drained,3554.37,3
605883,drainage,Poorly Drained,17167.87,4
605883,drainage,Very Poorly Drained,1029.38,5
605883,reaction,Extremely Acidic,18668.65,1
605883,reaction,Strongly Acidic,20982.29,2
605883,moisture,Low,29220.37,1
605883,moisture,Medium,9401.19,2
605883,moisture,Very High,1029.38,4
605883,salinity,Non Saline,39650.94,1
605883,recession,Very Early,21453.69,1
605883,recession,Early,12159.04,2
605883,recession,Normal,1995.31,3
605883,recession,Late,3013.53,4
605883,recession,Very Late,1029.38,5
605883,relief,Level,21751.63,
605883,relief,Slightly Undulating,4262,
605883,relief,Moderately Undulating,2781.04,
605883,relief,Undulating,10856.27,
609018,landtype,High Land,1300.51,
609018,landtype,Medium High Land-1,1053.43,
609018,landtype,Medium High Land-2,4906.99,
609018,landtype,Medium Low Land,1011.39,
609018,landtype,Low land,1626.07,
609018,landtype,Very Low land,2976.96,
609018,texture,Sandy Loam ,3218.34,2
609018,texture,Loam,2147.21,3
609018,texture,Clay Loam,4146.29,4
609018,texture,Clay,3363.5,5
609018,consistency,Friable,8063.18,2
609018,consistency,Firm,4812.16,3
609018,drainage,Imperfectly Drained,1300.51,3
609018,drainage,Poorly Drained,8984.05,4
609018,drainage,Very Poorly Drained,2590.79,5
609018,reaction,Strongly Acidic,11645.3,2
609018,reaction,Moderately Acidic,1230.04,3
609018,moisture,Low,8800.59,1
609018,moisture,Medium,4074.75,2
609018,salinity,Non Saline,12397.18,1
609018,salinity,Very Slightly Saline,478.16,2
609018,recession,Very Early,1300.51,1
609018,recession,Early,5593.73,2
609018,recession,Normal,1089.97,3
609018,recession,Late,2300.34,4
609018,recession,Very Late,2590.79,5
609018,relief,Level,12875.34,
609032,landtype,High Land,119.16,
609032,landtype,Medium High Land-1,1614.04,
609032,landtype,Medium High Land-2,1521.9,
609032,landtype,Medium Low Land,3638.27,
609032,landtype,Low land,6460.38,
609032,landtype,Very Low land,10920.42,
609032,texture,Loam,4279.57,3
609032,texture,Clay Loam,2130.54,4
609032,texture,Clay,17864.07,5
609032,consistency,Friable,4279.57,2
609032,consistency,Firm,19994.61,3
609032,drainage,Imperfectly Drained,119.16,3
609032,drainage,Poorly Drained,17058.38,4
609032,drainage,Very Poorly Drained,7096.64,5
609032,reaction,Strongly Acidic,24274.18,2
609032,moisture,Low,17864.07,1
609032,moisture,Medium,2130.54,2
609032,moisture,High,4279.57,3
609032,salinity,Non Saline,24274.18,1
609032,recession,Very Early,119.16,1
609032,recession,Early,2903.3,2
609032,recession,Normal,3387.64,3
609032,recession,Late,10767.43,4
609032,recession,Very Late,7096.64,5
609032,relief,Level,24274.18,
609033,landtype,High Land,4385.48,
609033,landtype,Medium High Land-1,1066.7,
609033,landtype,Medium High Land-2,4320.92,
609033,landtype,Medium Low Land,10262.14,
609033,landtype,Low land,5938.35,
609033,landtype,Very Low land,726.03,
609033,texture,Sand,267.98,1
609033,texture,Sandy Loam ,2048.78,2
609033,texture,Loam,2561.9,3
609033,texture,Clay Loam,21094.92,4
609033,texture,Clay,726.03,5
609033,consistency,Loose,267.98,1
609033,consistency,Friable,9149.26,2
609033,consistency,Firm,17282.36,3
609033,drainage,Well Drained,285.01,1
609033,drainage,Imperfectly Drained,4622.44,3
609033,drainage,Poorly Drained,21792.15,4
609033,reaction,Strongly Acidic,24356.01,2
609033,reaction,Moderately Acidic,2343.59,3
609033,moisture,Low,15991.19,1
609033,moisture,Medium,10211.87,2
609033,moisture,High,496.54,3
609033,salinity,Non Saline,21303.13,1
609033,salinity,Very Slightly Saline,3331.11,2
609033,salinity,Slightly Saline,2065.36,3
609033,recession,Very Early,4385.48,1
609033,recession,Early,5387.61,2
609033,recession,Normal,10096.92,3
609033,recession,Late,6103.57,4
609033,recession,Very Late,726.03,5
609033,relief,Level,26414.59,
609033,relief,Undulating,285.01,
609047,landtype,Medium High Land-1,741.44,
609047,landtype,Medium High Land-2,5545.99,
609047,landtype,Medium Low Land,7605.26,
609047,landtype,Low land,11166.93,
609047,landtype,Very Low land,7907.83,
609047,texture,Loam,10951.77,3
609047,texture,Clay Loam,18472.5,4
609047,texture,Clay,3543.17,5
609047,consistency,Friable,17748.36,2
609047,consistency,Firm,15219.08,3
609047,drainage,Moderately Well Drained,7101.88,2
609047,drainage,Imperfectly Drained,1582.78,3
609047,drainage,Poorly Drained,19106.49,4
609047,drainage,Very Poorly Drained,5176.29,5
609047,reaction,Extremely Acidic,7907.83,1
609047,reaction,Strongly Acidic,25059.61,2
609047,moisture,Low,16839.38,1
609047,moisture,Medium,8686.26,2
609047,moisture,High,2265.51,3
609047,moisture,Very High,5176.29,4
609047,salinity,Non Saline,32967.44,1
609047,recession,Early,6287.42,2
609047,recession,Normal,2637.18,3
609047,recession,Late,18866.56,4
609047,recession,Very Late,5176.29,5
609047,relief,Level,32967.44,
609050,landtype,Medium High Land-1,241.97,
609050,landtype,Medium High Land-2,1233.04,
609050,landtype,Medium Low Land,6377.65,
609050,landtype,Low land,13146.37,
609050,landtype,Very Low land,9250.95,
609050,texture,Loam,3427.71,3
609050,texture,Clay Loam,19974.78,4
609050,texture,Clay,6847.48,5
609050,consistency,Loose,743.83,1
609050,consistency,Friable,11014.92,2
609050,consistency,Firm,18491.23,3
609050,drainage,Imperfectly Drained,5566.42,3
609050,drainage,Poorly Drained,17187.75,4
609050,drainage,Very Poorly Drained,7495.81,5
609050,reaction,Strongly Acidic,28811.69,2
609050,reaction,Moderately Acidic,1438.29,3
609050,moisture,Low,18491.23,1
609050,moisture,Medium,8331.04,2
609050,moisture,High,3427.71,3
609050,salinity,Non Saline,30249.98,1
609050,recession,Early,7852.66,2
609050,recession,Normal,4225.44,3
609050,recession,Late,10676.07,4
609050,recession,Very Late,7495.81,5
609050,relief,Level,30249.98,
609086,landtype,Medium High Land-1,297.81,
609086,landtype,Medium High Land-2,297.63,
609086,landtype,Medium Low Land,3003.36,
609086,landtype,Low land,13059.86,
609086,landtype,Very Low land,6868.47,
609086,texture,Loam,919.56,3
609086,texture,Clay Loam,1874.93,4
609086,texture,Clay,20732.65,5
609086,consistency,Friable,5693.49,2
609086,consistency,Firm,17833.64,3
609086,drainage,Poorly Drained,13070.87,4
609086,drainage,Very Poorly Drained,10456.27,5
609086,reaction,Strongly Acidic,20085.45,2
609086,reaction,Moderately Acidic,3441.68,3
609086,moisture,Low,20732.65,1
609086,moisture,Medium,1874.93,2
609086,moisture,High,919.56,3
609086,salinity,Non Saline,23527.13,1
609086,recession,Early,3598.8,2
609086,recession,Late,9472.07,4
609086,recession,Very Late,10456.27,5
609086,relief,Level,23527.13,
609027,landtype,High Land,783.55,
609027,landtype,Medium High Land-1,1258.75,
609027,landtype,Medium High Land-2,1307.18,
609027,landtype,Medium Low Land,2482.81,
609027,landtype,Low land,9615.85,
609027,landtype,Very Low land,11371.79,
609027,texture,Loam,1205.14,3
609027,texture,Clay Loam,14355.82,4
609027,texture,Clay,11258.97,5
609027,consistency,Friable,1205.14,2
609027,consistency,Firm,25614.79,3
609027,drainage,Imperfectly Drained,783.55,3
609027,drainage,Poorly Drained,14777.41,4
609027,drainage,Very Poorly Drained,11258.97,5
609027,reaction,Extremely Acidic,25614.79,1
609027,reaction,Strongly Acidic,1205.14,2
609027,moisture,Low,10073.72,1
609027,moisture,Medium,4282.1,2
609027,moisture,High,1205.14,3
609027,moisture,Very High,11258.97,4
609027,salinity,Non Saline,26819.94,1
609027,recession,Very Early,783.55,1
609027,recession,Early,2565.94,2
609027,recession,Normal,2482.81,3
609027,recession,Late,9728.67,4
609027,recession,Very Late,11258.97,5
609027,relief,Level,26819.94,
609063,landtype,High Land,1743.24,
609063,landtype,Medium High Land-1,1336.02,
609063,landtype,Medium High Land-2,1141.66,
609063,landtype,Medium Low Land,3635.2,
609063,landtype,Low land,5626.82,
609063,landtype,Very Low land,5373.57,
609063,texture,Sandy Loam ,672.13,2
609063,texture,Loam,3494.57,3
609063,texture,Clay Loam,5638.35,4
609063,texture,Clay,9051.46,5
609063,consistency,Friable,4166.7,2
609063,consistency,Firm,14689.81,3
609063,drainage,Imperfectly Drained,1743.24,3
609063,drainage,Poorly Drained,12969.55,4
609063,drainage,Very Poorly Drained,4143.72,5
609063,reaction,Strongly Acidic,18856.51,2
609063,moisture,Low,11147.3,1
609063,moisture,Medium,4599.54,2
609063,moisture,High,3109.68,3
609063,salinity,Non Saline,18856.51,1
609063,recession,Very Early,1743.24,1
609063,recession,Early,2477.68,2
609063,recession,Normal,3414.14,3
609063,recession,Late,7077.73,4
609063,recession,Very Late,4143.72,5
609063,relief,Level,18856.51,
609089,landtype,High Land,853.11,
609089,landtype,Medium High Land-1,3002.81,
609089,landtype,Medium High Land-2,4843.1,
609089,landtype,Medium Low Land,3801.2,
609089,landtype,Low land,7502.31,
609089,landtype,Very Low land,2929.62,
609089,texture,Sandy Loam ,1435.63,2
609089,texture,Loam,3886.89,3
609089,texture,Clay Loam,14680,4
609089,texture,Clay,2929.62,5
609089,consistency,Friable,5322.52,2
609089,consistency,Firm,17609.62,3
609089,drainage,Well Drained,115.09,1
609089,drainage,Imperfectly Drained,738.02,3
609089,drainage,Poorly Drained,19149.41,4
609089,drainage,Very Poorly Drained,2929.62,5
609089,reaction,Extremely Acidic,22607.01,1
609089,reaction,Strongly Acidic,325.13,2
609089,moisture,Low,10664.04,1
609089,moisture,Medium,5451.6,2
609089,moisture,High,3886.89,3
609089,moisture,Very High,2929.62,4
609089,salinity,Non Saline,22932.14,1
609089,recession,Very Early,853.11,1
609089,recession,Early,7845.91,2
609089,recession,Normal,3801.2,3
609089,recession,Late,7502.31,4
609089,recession,Very Late,2929.62,5
609089,relief,Level,22817.05,
609089,relief,Undulating,115.09,
609108,landtype,High Land,449.07,
609108,landtype,Medium High Land-1,175.41,
609108,landtype,Medium High Land-2,2406.44,
609108,landtype,Medium Low Land,3631.24,
609108,landtype,Low land,4451.61,
609108,landtype,Very Low land,2969.06,
609108,texture,Sandy Loam ,57.42,2
609108,texture,Loam,1111.84,3
609108,texture,Clay Loam,9944.5,4
609108,texture,Clay,2969.06,5
609108,consistency,Friable,1169.26,2
609108,consistency,Firm,12913.56,3
609108,drainage,Imperfectly Drained,449.07,3
609108,drainage,Poorly Drained,10664.69,4
609108,drainage,Very Poorly Drained,2969.06,5
609108,reaction,Strongly Acidic,14082.82,2
609108,moisture,Low,5387.38,1
609108,moisture,Medium,5726.38,2
609108,moisture,Very High,2969.06,4
609108,salinity,Non Saline,14082.82,1
609108,recession,Very Early,449.07,1
609108,recession,Early,2581.84,2
609108,recession,Normal,3631.24,3
609108,recession,Late,4451.61,4
609108,recession,Very Late,2969.06,5
609108,relief,Level,14082.82,
609092,landtype,High Land,1751.71,
609092,landtype,Medium High Land-1,140.89,
609092,landtype,Medium High Land-2,2558.9,
609092,landtype,Medium Low Land,3451.38,
609092,landtype,Low land,6269.63,
609092,landtype,Very Low land,12700.69,
609092,texture,Sand,2634.43,1
609092,texture,Sandy Loam ,924,2
609092,texture,Loam,1834.24,3
609092,texture,Clay Loam,2889.94,4
609092,texture,Clay,18590.57,5
609092,consistency,Loose,2634.43,1
609092,consistency,Friable,4926.43,2
609092,consistency,Firm,19312.32,3
609092,drainage,Moderately Well Drained,88.26,2
609092,drainage,Imperfectly Drained,1663.45,3
609092,drainage,Poorly Drained,18842.02,4
609092,drainage,Very Poorly Drained,6279.46,5
609092,reaction,Extremely Acidic,9961.22,1
609092,reaction,Strongly Acidic,16371.42,2
609092,reaction,Moderately Acidic,540.55,3
609092,moisture,Low,22250.18,1
609092,moisture,Medium,2788.77,2
609092,moisture,High,1834.24,3
609092,salinity,Non Saline,25489.98,1
609092,salinity,Very Slightly Saline,1383.22,2
609092,recession,Very Early,5245.1,1
609092,recession,Early,1931.72,2
609092,recession,Normal,2461,3
609092,recession,Late,7336.85,4
609092,recession,Very Late,9898.52,5
609092,relief,Level,26079.58,
609092,relief,Undulating,793.61,
609117,landtype,High Land,531.85,
609117,landtype,Medium High Land-1,633.68,
609117,landtype,Medium High Land-2,3959.25,
609117,landtype,Medium Low Land,5367.92,
609117,landtype,Low land,6370.37,
609117,landtype,Very Low land,2294.79,
609117,texture,Sandy Loam ,289.91,2
609117,texture,Loam,3251.76,3
609117,texture,Clay Loam,13321.39,4
609117,texture,Clay,2294.79,5
609117,consistency,Friable,9141.99,2
609117,consistency,Firm,10015.87,3
609117,drainage,Well Drained,192,1
609117,drainage,Imperfectly Drained,339.85,3
609117,drainage,Poorly Drained,16331.22,4
609117,drainage,Very Poorly Drained,2294.79,5
609117,reaction,Extremely Acidic,1317.25,1
609117,reaction,Strongly Acidic,17840.61,2
609117,moisture,Low,8202.99,1
609117,moisture,Medium,6595.29,2
609117,moisture,High,2064.79,3
609117,moisture,Very High,2294.79,4
609117,salinity,Non Saline,19157.86,1
609117,recession,Very Early,531.85,1
609117,recession,Early,4592.93,2
609117,recession,Normal,5367.92,3
609117,recession,Late,6370.37,4
609117,recession,Very Late,2294.79,5
609117,relief,Level,18965.86,
609117,relief,Moderately Undulating,54.64,
609117,relief,Sloppy,137.36,
609135,landtype,High Land,1829.14,
609135,landtype,Medium High Land-1,344.67,
609135,landtype,Medium High Land-2,1729.61,
609135,landtype,Medium Low Land,1955.8,
609135,landtype,Low land,2604.74,
609135,landtype,Very Low land,1227.83,
609135,texture,Sandy Loam ,1327.81,2
609135,texture,Loam,1350.03,3
609135,texture,Clay Loam,6298.59,4
609135,texture,Clay,715.35,5
609135,consistency,Friable,5797.56,2
609135,consistency,Firm,3894.23,3
609135,drainage,Well Drained,1136.68,1
609135,drainage,Imperfectly Drained,692.46,3
609135,drainage,Poorly Drained,7147.29,4
609135,drainage,Very Poorly Drained,715.35,5
609135,reaction,Extremely Acidic,3334.22,1
609135,reaction,Strongly Acidic,6357.57,2
609135,moisture,Low,5321.61,1
609135,moisture,Medium,3119.71,2
609135,moisture,High,535.11,3
609135,moisture,Very High,715.35,4
609135,salinity,Non Saline,9691.79,1
609135,recession,Very Early,1829.14,1
609135,recession,Early,2074.28,2
609135,recession,Normal,1955.8,3
609135,recession,Late,2604.74,4
609135,recession,Very Late,1227.83,5
609135,relief,Level,7862.64,
609135,relief,Slightly Undulating,946.7,
609135,relief,Undulating,814.92,
609135,relief,Sloppy,67.52,
609131,landtype,High Land,556.05,
609131,landtype,Medium High Land-1,551.65,
609131,landtype,Medium High Land-2,5034.12,
609131,landtype,Medium Low Land,5069.39,
609131,landtype,Low land,3104.44,
609131,landtype,Very Low land,965.54,
609131,texture,Sandy Loam ,78.58,2
609131,texture,Loam,1394.57,3
609131,texture,Clay Loam,12842.5,4
609131,texture,Clay,965.54,5
609131,consistency,Friable,10578.86,2
609131,consistency,Firm,4702.33,3
609131,drainage,Well Drained,53.89,1
609131,drainage,Imperfectly Drained,502.16,3
609131,drainage,Poorly Drained,13759.6,4
609131,drainage,Very Poorly Drained,965.54,5
609131,reaction,Extremely Acidic,1538.51,1
609131,reaction,Strongly Acidic,13742.68,2
609131,moisture,Low,3860.81,1
609131,moisture,Medium,9105.71,2
609131,moisture,High,1349.13,3
609131,moisture,Very High,965.54,4
609131,salinity,Non Saline,15281.18,1
609131,recession,Very Early,556.05,1
609131,recession,Early,5681.91,2
609131,recession,Normal,4973.25,3
609131,recession,Late,3104.44,4
609131,recession,Very Late,965.54,5
609131,relief,Level,15227.3,
609131,relief,Moderately Undulating,53.89,
609127,landtype,High Land,865.08,
609127,landtype,Medium High Land-1,303.73,
609127,landtype,Medium High Land-2,1712.15,
609127,landtype,Medium Low Land,5079.78,
609127,landtype,Low land,5077.58,
609127,landtype,Very Low land,4710.49,
609127,texture,Sand,416.91,1
609127,texture,Sandy Loam ,847.03,2
609127,texture,Loam,579.08,3
609127,texture,Clay Loam,6730.36,4
609127,texture,Clay,9175.44,5
609127,consistency,Loose,1263.94,1
609127,consistency,Friable,579.08,2
609127,consistency,Firm,15905.8,3
609127,drainage,Imperfectly Drained,865.08,3
609127,drainage,Poorly Drained,12173.25,4
609127,drainage,Very Poorly Drained,4710.49,5
609127,reaction,Strongly Acidic,17748.82,2
609127,moisture,Low,13409.19,1
609127,moisture,Medium,3760.55,2
609127,moisture,High,579.08,3
609127,salinity,Non Saline,17748.82,1
609127,recession,Very Early,865.08,1
609127,recession,Early,2015.89,2
609127,recession,Normal,5079.78,3
609127,recession,Late,5077.58,4
609127,recession,Very Late,4710.49,5
609127,relief,Level,17748.82,
609138,landtype,High Land,1190.35,
609138,landtype,Medium High Land-1,830.34,
609138,landtype,Medium High Land-2,5009.75,
609138,landtype,Medium Low Land,5469.94,
609138,landtype,Low land,4702.01,
609138,landtype,Very Low land,1765.33,
609138,texture,Sandy Loam ,686.12,2
609138,texture,Loam,1439.46,3
609138,texture,Clay Loam,14997.52,4
609138,texture,Clay,1844.63,5
609138,consistency,Friable,10419.31,2
609138,consistency,Firm,8548.41,3
609138,drainage,Well Drained,494.45,1
609138,drainage,Imperfectly Drained,695.89,3
609138,drainage,Poorly Drained,15932.75,4
609138,drainage,Very Poorly Drained,1844.63,5
609138,reaction,Extremely Acidic,1468.82,1
609138,reaction,Strongly Acidic,17387.12,2
609138,reaction,Moderately Acidic,111.79,3
609138,moisture,Low,7714.41,1
609138,moisture,Medium,9408.68,2
609138,moisture,Very High,1844.63,4
609138,salinity,Non Saline,18967.72,1
609138,recession,Very Early,1190.35,1
609138,recession,Early,8646.21,2
609138,recession,Normal,2663.83,3
609138,recession,Late,4622.71,4
609138,recession,Very Late,1844.63,5
609138,relief,Level,18473.27,
609138,relief,Undulating,494.45,
609141,landtype,High Land,5272.03,
609141,landtype,Medium High Land-1,1104.43,
609141,landtype,Medium High Land-2,6895.79,
609141,landtype,Medium Low Land,11634.04,
609141,landtype,Low land,14987,
609141,landtype,Very Low land,2924.07,
609141,texture,Sandy Loam ,6562.28,2
609141,texture,Loam,1621.48,3
609141,texture,Clay Loam,31672.33,4
609141,texture,Clay,2961.27,5
609141,consistency,Friable,8466.73,2
609141,consistency,Firm,34350.63,3
609141,drainage,Well Drained,1638.76,1
609141,drainage,Imperfectly Drained,3633.27,3
609141,drainage,Poorly Drained,34621.26,4
609141,drainage,Very Poorly Drained,2924.07,5
609141,reaction,Extremely Acidic,9684.57,1
609141,reaction,Strongly Acidic,25200.03,2
609141,reaction,Moderately Acidic,7932.76,3
609141,moisture,Low,22315.28,1
609141,moisture,Medium,15974.65,2
609141,moisture,High,1603.36,3
609141,moisture,Very High,2924.07,4
609141,salinity,Non Saline,42817.36,1
609141,recession,Very Early,5272.03,1
609141,recession,Early,8000.22,2
609141,recession,Normal,11634.04,3
609141,recession,Late,14987,4
609141,recession,Very Late,2924.07,5
609141,relief,Level,41178.6,
609141,relief,Slightly Undulating,250.56,
609141,relief,Moderately Undulating,774.08,
609141,relief,Sloppy,614.12,
609153,landtype,High Land,3791.64,
609153,landtype,Medium High Land-1,756.52,
609153,landtype,Medium High Land-2,8336.36,
609153,landtype,Medium Low Land,5589.83,
609153,landtype,Low land,5242,
609153,landtype,Very Low land,1044.35,
609153,texture,Sandy Loam ,5090.69,2
609153,texture,Loam,2013.94,3
609153,texture,Clay Loam,17284.55,4
609153,texture,Clay,371.51,5
609153,consistency,Loose,1504.51,1
609153,consistency,Friable,13934.85,2
609153,consistency,Firm,9321.33,3
609153,drainage,Well Drained,3365.77,1
609153,drainage,Moderately Well Drained,276.89,2
609153,drainage,Imperfectly Drained,148.98,3
609153,drainage,Poorly Drained,20597.54,4
609153,drainage,Very Poorly Drained,371.51,5
609153,reaction,Extremely Acidic,21207.43,1
609153,reaction,Strongly Acidic,3553.26,2
609153,moisture,Low,13101.17,1
609153,moisture,Medium,11288.01,2
609153,moisture,Very High,371.51,4
609153,salinity,Non Saline,24760.69,1
609153,recession,Very Early,3791.64,1
609153,recession,Early,9092.87,2
609153,recession,Normal,5589.83,3
609153,recession,Late,5914.84,4
609153,recession,Very Late,371.51,5
609153,relief,Level,20969.05,
609153,relief,Slightly Undulating,425.87,
609153,relief,Undulating,3365.77,
609159,landtype,High Land,10161.11,
609159,landtype,Medium High Land-1,1057.71,
609159,landtype,Medium High Land-2,11448.83,
609159,landtype,Medium Low Land,4678.92,
609159,landtype,Low land,5337.83,
609159,landtype,Very Low land,1422.92,
609159,texture,Sandy Loam ,4650.25,2
609159,texture,Loam,7451.96,3
609159,texture,Clay Loam,13541.72,4
609159,texture,Clay,8463.39,5
609159,consistency,Friable,12102.21,2
609159,consistency,Firm,22005.1,3
609159,drainage,Well Drained,2758.09,1
609159,drainage,Imperfectly Drained,7655.68,3
609159,drainage,Poorly Drained,23693.54,4
609159,reaction,Extremely Acidic,4490.09,1
609159,reaction,Strongly Acidic,29617.22,2
609159,moisture,Low,14134.45,1
609159,moisture,Medium,13867.51,2
609159,moisture,High,6105.35,3
609159,salinity,Non Saline,34107.31,1
609159,recession,Very Early,10265.69,1
609159,recession,Early,12401.95,2
609159,recession,Normal,4678.92,3
609159,recession,Late,6414.11,4
609159,recession,Very Late,346.64,5
609159,relief,Level,31349.22,
609159,relief,Sloppy,2758.09,
609160,landtype,High Land,797.95,
609160,landtype,Medium High Land-1,861.64,
609160,landtype,Medium High Land-2,5458.78,
609160,landtype,Medium Low Land,4465.56,
609160,landtype,Low land,4076.61,
609160,landtype,Very Low land,1904.94,
609160,texture,Loam,1465.45,3
609160,texture,Clay Loam,14195.09,4
609160,texture,Clay,1904.94,5
609160,consistency,Friable,8339.91,2
609160,consistency,Firm,9225.57,3
609160,drainage,Imperfectly Drained,797.95,3
609160,drainage,Poorly Drained,14862.59,4
609160,drainage,Very Poorly Drained,1904.94,5
609160,reaction,Strongly Acidic,17565.49,2
609160,moisture,Low,7164.08,1
609160,moisture,Medium,8496.46,2
609160,moisture,Very High,1904.94,4
609160,salinity,Non Saline,17565.49,1
609160,recession,Very Early,797.95,1
609160,recession,Early,6320.42,2
609160,recession,Normal,4465.56,3
609160,recession,Late,4076.61,4
609160,recession,Very Late,1904.94,5
609160,relief,Level,17565.49,
609162,landtype,High Land,7598.71,
609162,landtype,Medium High Land-1,453.58,
609162,landtype,Medium High Land-2,5061.85,
609162,landtype,Medium Low Land,6166.91,
609162,landtype,Low land,4266.75,
609162,landtype,Very Low land,1820.57,
609162,texture,Sandy Loam ,3523.05,2
609162,texture,Loam,5005.9,3
609162,texture,Clay Loam,15018.85,4
609162,texture,Clay,1820.57,5
609162,consistency,Friable,17778.4,2
609162,consistency,Firm,7589.97,3
609162,drainage,Well Drained,6258.87,1
609162,drainage,Imperfectly Drained,1339.84,3
609162,drainage,Poorly Drained,15949.09,4
609162,drainage,Very Poorly Drained,1820.57,5
609162,reaction,Extremely Acidic,15678,1
609162,reaction,Strongly Acidic,9690.36,2
609162,moisture,Low,13834.03,1
609162,moisture,Medium,9560.86,2
609162,moisture,High,152.91,3
609162,moisture,Very High,1820.57,4
609162,salinity,Non Saline,25368.37,1
609162,recession,Very Early,7598.71,1
609162,recession,Early,5581.84,2
609162,recession,Normal,6100.5,3
609162,recession,Late,4266.75,4
609162,recession,Very Late,1820.57,5
609162,relief,Level,19109.5,
609162,relief,Undulating,508.35,
609162,relief,Sloppy,5750.52,
609194,landtype,High Land,555,
609194,landtype,Medium High Land-1,773.47,
609194,landtype,Medium High Land-2,10066.19,
609194,landtype,Medium Low Land,6984.02,
609194,landtype,Low land,2310.74,
609194,landtype,Very Low land,1215.21,
609194,texture,Loam,4146.82,3
609194,texture,Clay Loam,11151.51,4
609194,texture,Clay,6606.28,5
609194,consistency,Friable,15298.33,2
609194,consistency,Firm,6606.28,3
609194,drainage,Imperfectly Drained,555,3
609194,drainage,Poorly Drained,20134.41,4
609194,drainage,Very Poorly Drained,1215.21,5
609194,reaction,Extremely Acidic,21904.61,1
609194,moisture,Low,5391.07,1
609194,moisture,Medium,15298.33,2
609194,moisture,Very High,1215.21,4
609194,salinity,Non Saline,21904.61,1
609194,recession,Very Early,555,1
609194,recession,Early,10839.66,2
609194,recession,Normal,6984.02,3
609194,recession,Late,2310.74,4
609194,recession,Very Late,1215.21,5
609194,relief,Level,21904.61,
