upazila_code,map_unit,unit_title_en,unit_title_bn,area,percent
100447,1,Agri Land,,448,2.67
100447,2,Agri Land,,54,0.32
100447,3,Agri Land,,3465,20.62
100447,4,Agri Land,,3770,22.44
100447,5,Agri Land,,1699,10.11
100447,6,Agri Land,,180,1.07
100447,81,Settlement,,5349,31.84
100447,83,River,,1735,10.33
100447,84,,,101,0.6
100602,1,Agri Land,,396,2.51
100602,2,Agri Land,,1013,6.42
100602,3,Agri Land,,2995,19
100602,4,Agri Land,,2723,17.27
100602,5,Agri Land,,364,2.31
100602,6,Agri Land,,3827,24.28
100602,7,Agri Land,,1613,10.23
100602,8,Agri Land,,454,2.88
100602,81,Settlement,,2373,15.06
100602,113,,,4,0.03
100419,1,Agri Land,,2058,20.62
100419,2,Agri Land,,213,2.14
100419,3,Agri Land,,3579,35.87
100419,4,Agri Land,,1313,13.15
100419,5,Agri Land,,198,1.99
100419,81,Settlement,,1519,15.22
100419,83,River,,1099,11.01
100603,1,Agri Land,,1718,10.68
100603,2,Agri Land,,838,5.21
100603,3,Agri Land,,2804,17.43
100603,4,Agri Land,,506,3.15
100603,5,Agri Land,,2610,16.22
100603,6,Agri Land,,135,0.84
100603,7,Agri Land,,249,1.55
100603,8,Agri Land,,338,2.1
100603,9,Agri Land,,2104,13.08
100603,10,Agri Land,,819,5.09
100603,81,Settlement,,2678,16.65
100603,83,River,,1264,7.86
100603,113,,,23,0.14
100485,1,Agri Land,,1593,5.22
100485,2,Agri Land,,4402,14.42
100485,3,Agri Land,,7112,23.3
100485,4,Agri Land,,555,1.82
100485,81,Settlement,,6339,20.77
100485,83,River,,8559,28.04
100485,84,,,699,2.29
100485,85,Forest,,1262,4.14
100409,1,Agri Land,,11759,38.01
100409,2,Agri Land,,1104,3.57
100409,3,Agri Land,,4265,13.79
100409,4,Agri Land,,6782,21.92
100409,5,Agri Land,,1519,4.91
100409,81,Settlement,,3650,11.8
100409,83,River,,1862,6.02
100492,1,Agri Land,,6313,22.57
100492,2,Agri Land,,6533,23.36
100492,3,Agri Land,,1726,6.17
100492,4,Agri Land,,638,2.28
100492,79,,,169,0.6
100492,81,Settlement,,3457,12.36
100492,83,River,,6104,21.83
100492,84,,,144,0.51
100492,85,Forest,,2882,10.3
100428,1,Agri Land,,2745,7.29
100428,2,Agri Land,,11283,29.98
100428,3,Agri Land,,9479,25.19
100428,4,Agri Land,,1390,3.69
100428,81,Settlement,,6708,17.83
100428,83,River,,5631,14.96
100428,84,,,166,0.44
100428,85,Forest,,232,0.62
100610,1,Agri Land,,756,5.63
100610,2,Agri Land,,125,0.93
100610,3,Agri Land,,976,7.27
100610,4,Agri Land,,264,1.96
100610,5,Agri Land,,3102,23.11
100610,6,Agri Land,,292,2.17
100610,7,Agri Land,,1559,11.61
100610,81,Settlement,,4848,36.11
100610,83,River,,1397,10.4
100610,86,,,56,0.42
100610,113,,,33,0.25
100610,119,,,16,0.12
100651,1,Agri Land,,3049,10.1
100651,2,Agri Land,,803,2.66
100651,3,Agri Land,,1044,3.46
100651,4,Agri Land,,3540,11.73
100651,5,Agri Land,,1523,5.05
100651,6,Agri Land,,3331,11.04
100651,7,Agri Land,,1747,5.79
100651,8,Agri Land,,1797,5.95
100651,9,Agri Land,,493,1.63
100651,10,Agri Land,,2616,8.67
100651,11,,,938,3.11
100651,81,Settlement,,5310,17.59
100651,83,River,,3964,13.13
100651,113,,,30,0.1
100662,1,Agri Land,,1768,4.42
100662,2,Agri Land,,183,0.46
100662,3,Agri Land,,796,1.99
100662,4,Agri Land,,2530,6.32
100662,5,Agri Land,,811,2.03
100662,6,Agri Land,,510,1.27
100662,7,Agri Land,,3944,9.85
100662,8,Agri Land,,5301,13.24
100662,9,Agri Land,,383,0.96
100662,10,Agri Land,,287,0.72
100662,81,Settlement,,10017,25.03
100662,83,River,,13033,32.56
100662,84,,,400,1
100662,86,,,52,0.13
100662,113,,,12,0.03
100632,1,Agri Land,,320,2.18
100632,2,Agri Land,,679,4.63
100632,3,Agri Land,,548,3.74
100632,4,Agri Land,,3238,22.07
100632,5,Agri Land,,1961,13.37
100632,6,Agri Land,,993,6.76
100632,7,Agri Land,,792,5.4
100632,80,,,57,0.39
100632,81,Settlement,,5519,37.62
100632,83,River,,42,0.29
100632,86,,,2,0.01
100632,112,Waterbody,,2,0.01
100632,113,,,517,3.52
100632,118,,,3,0.02
100607,1,Agri Land,,1318,3.25
100607,2,Agri Land,,829,2.05
100607,3,Agri Land,,1164,2.87
100607,4,Agri Land,,521,1.29
100607,5,Agri Land,,13470,33.25
100607,6,Agri Land,,2759,6.81
100607,7,Agri Land,,11236,27.73
100607,8,Agri Land,,862,2.13
100607,81,Settlement,,3881,9.58
100607,83,River,,4342,10.72
100607,84,,,121,0.3
100607,113,,,14,0.04
100636,1,Agri Land,,771,2.01
100636,2,Agri Land,,123,0.32
100636,3,Agri Land,,474,1.24
100636,4,Agri Land,,318,0.83
100636,5,Agri Land,,1018,2.66
100636,6,Agri Land,,8031,20.97
100636,7,Agri Land,,7036,18.37
100636,8,Agri Land,,16,0.04
100636,81,Settlement,,4404,11.5
100636,83,River,,15663,40.9
100636,84,,,295,0.77
100636,86,,,143,0.37
100669,1,Agri Land,,493,2.14
100669,2,Agri Land,,5473,23.77
100669,3,Agri Land,,1110,4.82
100669,4,Agri Land,,1144,4.97
100669,5,Agri Land,,3592,15.6
100669,6,Agri Land,,3594,15.61
100669,81,Settlement,,4129,17.93
100669,83,River,,3490,15.16
100669,113,,,2,0.01
100694,1,Agri Land,,1929,7.88
100694,2,Agri Land,,617,2.52
100694,3,Agri Land,,953,3.89
100694,4,Agri Land,,5155,21.05
100694,5,Agri Land,,571,2.33
100694,6,Agri Land,,1552,6.34
100694,7,Agri Land,,1178,4.81
100694,8,Agri Land,,795,3.25
100694,9,Agri Land,,5054,20.64
100694,10,Agri Land,,848,3.46
100694,81,Settlement,,5239,21.4
100694,83,River,,581,2.37
100694,113,,,14,0.06
100921,1,Agri Land,,367,1.28
100921,2,Agri Land,,121,0.42
100921,3,Agri Land,,1534,5.36
100921,4,Agri Land,,5200,18.16
100921,5,Agri Land,,819,2.86
100921,6,Agri Land,,155,0.54
100921,7,Agri Land,,1112,3.88
100921,8,Agri Land,,1677,5.86
100921,81,Settlement,,8655,30.23
100921,83,River,,6735,23.52
100921,84,,,1814,6.34
100921,86,,,68,0.24
100921,113,,,366,1.28
100921,119,,,9,0.03
100918,1,Agri Land,,2082,4.72
100918,2,Agri Land,,1385,3.14
100918,3,Agri Land,,254,0.58
100918,4,Agri Land,,59,0.13
100918,5,Agri Land,,15,0.03
100918,6,Agri Land,,1296,2.94
100918,7,Agri Land,,3044,6.91
100918,8,Agri Land,,1069,2.42
100918,9,Agri Land,,1786,4.05
100918,10,Agri Land,,964,2.19
100918,11,,,2739,6.21
100918,81,Settlement,,12871,29.2
100918,83,River,,13198,29.94
100918,84,,,3255,7.38
100918,112,Waterbody,,41,0.09
100918,113,,,24,0.05
100965,1,Agri Land,,2644,5.19
100965,2,Agri Land,,126,0.25
100965,3,Agri Land,,611,1.2
100965,4,Agri Land,,1405,2.76
100965,5,Agri Land,,1615,3.17
100965,6,Agri Land,,4742,9.31
100965,81,Settlement,,2179,4.28
100965,83,River,,33586,65.95
100965,85,Forest,,3920,7.7
100965,86,,,2,0
100965,112,Waterbody,,1,0
100965,113,,,69,0.13
100965,119,,,24,0.05
100991,1,Agri Land,,426,1.21
100991,2,Agri Land,,80,0.23
100991,3,Agri Land,,2328,6.6
100991,4,Agri Land,,343,0.97
100991,5,Agri Land,,213,0.61
100991,6,Agri Land,,2293,6.5
100991,7,Agri Land,,215,0.61
100991,8,Agri Land,,9091,25.78
100991,81,Settlement,,1634,4.63
100991,83,River,,17753,50.35
100991,84,,,480,1.36
100991,85,Forest,,403,1.14
100925,1,Agri Land,,9720,7.04
100925,2,Agri Land,,4038,2.93
100925,3,Agri Land,,777,0.56
100925,4,Agri Land,,12960,9.39
100925,5,Agri Land,,1988,1.44
100925,6,Agri Land,,1574,1.14
100925,7,Agri Land,,5230,3.79
100925,8,Agri Land,,3212,2.33
100925,81,Settlement,,11909,8.63
100925,83,River,,75513,54.7
100925,84,,,3670,2.66
100925,85,Forest,,7416,5.37
100925,113,,,38,0.03
100929,1,Agri Land,,1911,6.23
100929,2,Agri Land,,837,2.73
100929,3,Agri Land,,673,2.19
100929,4,Agri Land,,123,0.4
100929,5,Agri Land,,381,1.24
100929,6,Agri Land,,3944,12.87
100929,81,Settlement,,4083,13.32
100929,83,River,,13236,43.18
100929,84,,,5444,17.76
100929,86,,,22,0.07
100954,1,Agri Land,,2812,7.37
100954,2,Agri Land,,431,1.13
100954,3,Agri Land,,1875,4.91
100954,4,Agri Land,,6688,17.52
100954,5,Agri Land,,396,1.04
100954,6,Agri Land,,5030,13.18
100954,7,Agri Land,,1493,3.91
100954,81,Settlement,,7629,19.99
100954,83,River,,11283,29.56
100954,84,,,244,0.64
100954,85,Forest,,236,0.62
100954,113,,,48,0.12
104240,1,Agri Land,,41,0.2
104240,2,Agri Land,,142,0.7
104240,3,Agri Land,,365,1.79
104240,4,Agri Land,,1301,6.38
104240,5,Agri Land,,373,1.83
104240,6,Agri Land,,4054,19.87
104240,7,Agri Land,,4495,22.04
104240,8,Agri Land,,141,0.69
104240,9,Agri Land,,91,0.45
104240,10,Agri Land,,45,0.22
104240,81,Settlement,,8390,41.13
104240,83,River,,840,4.12
104240,86,,,60,0.29
104240,112,Waterbody,,10,0.05
104240,113,,,9,0.05
104240,119,,,41,0.2
107855,1,Agri Land,,850,9.11
107855,2,Agri Land,,1697,18.19
107855,3,Agri Land,,215,2.3
107855,4,Agri Land,,2834,30.37
107855,5,Agri Land,,1030,11.04
107855,6,Agri Land,,356,3.82
107855,81,Settlement,,659,7.06
107855,83,River,,1672,17.92
107855,113,,,17,0.19
104243,1,Agri Land,,660,4.17
104243,2,Agri Land,,3249,20.54
104243,3,Agri Land,,1929,12.19
104243,4,Agri Land,,2448,15.48
104243,5,Agri Land,,1819,11.49
104243,81,Settlement,,4792,30.29
104243,83,River,,924,5.84
107852,1,Agri Land,,2440,8.1
107852,2,Agri Land,,170,0.57
107852,3,Agri Land,,7095,23.57
107852,4,Agri Land,,3196,10.62
107852,5,Agri Land,,832,2.76
107852,6,Agri Land,,3127,10.39
107852,81,Settlement,,1644,5.46
107852,83,River,,9174,30.47
107852,84,,,968,3.22
107852,85,Forest,,1452,4.82
107852,113,,,8,0.03
104273,1,Agri Land,,336,1.6
104273,2,Agri Land,,6139,29.24
104273,3,Agri Land,,808,3.85
104273,4,Agri Land,,973,4.63
104273,5,Agri Land,,5568,26.52
104273,81,Settlement,,5861,27.91
104273,83,River,,1258,5.99
104273,112,Waterbody,,31,0.15
104273,113,,,23,0.11
104284,1,Agri Land,,299,1.85
104284,2,Agri Land,,649,4.01
104284,3,Agri Land,,1240,7.67
104284,4,Agri Land,,8222,50.85
104284,5,Agri Land,,2080,12.86
104284,6,Agri Land,,353,2.18
104284,7,Agri Land,,126,0.78
104284,81,Settlement,,2349,14.53
104284,83,River,,851,5.26
107838,1,Agri Land,,291,0.6
107838,2,Agri Land,,2200,4.51
107838,3,Agri Land,,741,1.52
107838,4,Agri Land,,15972,32.76
107838,5,Agri Land,,11993,24.6
107838,6,Agri Land,,297,0.61
107838,7,Agri Land,,859,1.76
107838,8,Agri Land,,2715,5.57
107838,9,Agri Land,,1196,2.45
107838,10,Agri Land,,873,1.79
107838,81,Settlement,,2879,5.91
107838,83,River,,8674,17.79
107838,113,,,61,0.13
107857,1,Agri Land,,9400,17.8
107857,2,Agri Land,,7778,14.73
107857,3,Agri Land,,4310,8.16
107857,4,Agri Land,,1819,3.44
107857,5,Agri Land,,4247,8.04
107857,6,Agri Land,,3985,7.54
107857,7,Agri Land,,1468,2.78
107857,81,Settlement,,7385,13.98
107857,83,River,,10683,20.23
107857,84,,,595,1.13
107857,85,Forest,,1142,2.16
107857,113,,,4,0.01
107866,1,Agri Land,,9414,19.31
107866,2,Agri Land,,23075,47.32
107866,3,Agri Land,,4493,9.21
107866,4,Agri Land,,513,1.05
107866,79,,,1894,3.88
107866,81,Settlement,,2849,5.84
107866,82,,,4,0.01
107866,83,River,,6519,13.37
107876,1,Agri Land,,432,2.45
107876,2,Agri Land,,1572,8.93
107876,3,Agri Land,,10788,61.24
107876,4,Agri Land,,168,0.95
107876,81,Settlement,,2485,14.11
107876,83,River,,2166,12.3
107876,113,,,4,0.02
107914,1,Agri Land,,165,0.99
107914,2,Agri Land,,1330,7.99
107914,3,Agri Land,,288,1.73
107914,4,Agri Land,,6773,40.72
107914,5,Agri Land,,841,5.05
107914,6,Agri Land,,2394,14.39
107914,7,Agri Land,,167,1
107914,81,Settlement,,2862,17.2
107914,83,River,,1816,10.92
107897,1,Agri Land,,3013,4.42
107897,2,Agri Land,,4021,5.9
107897,3,Agri Land,,5181,7.61
107897,4,Agri Land,,6444,9.46
107897,5,Agri Land,,1344,1.97
107897,6,Agri Land,,3546,5.21
107897,81,Settlement,,3782,5.55
107897,83,River,,28292,41.53
107897,84,,,1899,2.79
107897,85,Forest,,10566,15.51
107897,113,,,28,0.04
107990,1,Agri Land,,1304,13.14
107990,2,Agri Land,,587,5.91
107990,3,Agri Land,,129,1.3
107990,4,Agri Land,,1790,18.05
107990,5,Agri Land,,350,3.53
107990,6,Agri Land,,1079,10.88
107990,7,Agri Land,,537,5.41
107990,81,Settlement,,1458,14.7
107990,83,River,,2685,27.06
107990,113,,,2,0.02
107895,1,Agri Land,,4510,12.33
107895,2,Agri Land,,1683,4.6
107895,3,Agri Land,,398,1.09
107895,4,Agri Land,,17770,48.59
107895,5,Agri Land,,4492,12.28
107895,6,Agri Land,,317,0.87
107895,7,Agri Land,,362,0.99
107895,81,Settlement,,3625,9.91
107895,83,River,,3382,9.25
107895,112,Waterbody,,29,0.08
107895,113,,,5,0.01
107947,1,Agri Land,,591,7.29
107947,2,Agri Land,,514,6.33
107947,3,Agri Land,,2118,26.1
107947,4,Agri Land,,11,0.14
107947,81,Settlement,,3593,44.27
107947,83,River,,1289,15.88
107976,1,Agri Land,,2100,9.32
107976,2,Agri Land,,897,3.98
107976,3,Agri Land,,5227,23.2
107976,4,Agri Land,,1663,7.38
107976,5,Agri Land,,1899,8.43
107976,6,Agri Land,,2236,9.93
107976,7,Agri Land,,1425,6.32
107976,81,Settlement,,6213,27.58
107976,83,River,,864,3.83
107976,113,,,6,0.03
107958,1,Agri Land,,759,2.15
107958,2,Agri Land,,4998,14.18
107958,3,Agri Land,,457,1.3
107958,4,Agri Land,,525,1.49
107958,5,Agri Land,,17809,50.52
107958,6,Agri Land,,265,0.75
107958,81,Settlement,,7372,20.91
107958,83,River,,2724,7.73
107958,85,Forest,,339,0.96
107958,113,,,4,0.01
107980,1,Agri Land,,567,3.45
107980,2,Agri Land,,292,1.78
107980,3,Agri Land,,4021,24.48
107980,4,Agri Land,,542,3.3
107980,5,Agri Land,,1738,10.58
107980,6,Agri Land,,80,0.49
107980,7,Agri Land,,150,0.91
107980,81,Settlement,,7773,47.33
107980,83,River,,1251,7.62
107980,86,,,7,0.04
107987,1,Agri Land,,1037,5.61
107987,2,Agri Land,,1809,9.77
107987,3,Agri Land,,3585,19.37
107987,4,Agri Land,,65,0.35
107987,5,Agri Land,,288,1.56
107987,81,Settlement,,9973,53.89
107987,83,River,,1700,9.19
107987,86,,,50,0.27
107987,113,,,0,0
200351,1,Agri Land,,7434,10.54
200351,2,Agri Land,,9428,13.36
200351,3,Agri Land,,15550,22.04
200351,4,Agri Land,,14543,20.61
200351,5,Agri Land,,16299,23.1
200351,6,Agri Land,,6157,8.73
200351,81,Settlement,,863,1.22
200351,83,River,,275,0.39
200304,1,Agri Land,,19532,24.86
200304,2,Agri Land,,22594,28.75
200304,3,Agri Land,,32019,40.75
200304,4,Agri Land,,1195,1.52
200304,5,Agri Land,,341,0.43
200304,6,Agri Land,,264,0.34
200304,80,,,0,0
200304,81,Settlement,,2071,2.63
200304,83,River,,508,0.65
200304,84,,,5,0.01
200304,86,,,11,0.01
200304,109,,,24,0.03
200304,112,Waterbody,,6,0.01
200304,113,,,8,0.01
200304,119,,,3,0
200391,1,Agri Land,,38828,61.79
200391,2,Agri Land,,3396,5.4
200391,3,Agri Land,,15622,24.86
200391,4,Agri Land,,4192,6.67
200391,5,Agri Land,,446,0.71
200391,81,Settlement,,72,0.12
200391,83,River,,272,0.43
200391,112,Waterbody,,8,0.01
200389,1,Agri Land,,16740,38.33
200389,2,Agri Land,,8815,20.19
200389,3,Agri Land,,11759,26.93
200389,4,Agri Land,,4209,9.64
200389,5,Agri Land,,472,1.08
200389,6,Agri Land,,1199,2.75
200389,81,Settlement,,290,0.66
200389,83,River,,188,0.43
200373,1,Agri Land,,9081,17.54
200373,2,Agri Land,,3881,7.5
200373,3,Agri Land,,19133,36.96
200373,4,Agri Land,,14004,27.05
200373,5,Agri Land,,1618,3.13
200373,6,Agri Land,,816,1.58
200373,80,,,253,0.49
200373,81,Settlement,,2894,5.59
200373,86,,,35,0.07
200373,112,Waterbody,,57,0.11
200373,118,,,1,0
200314,1,Agri Land,,8215,15.54
200314,2,Agri Land,,10062,19.03
200314,3,Agri Land,,11468,21.69
200314,4,Agri Land,,14932,28.24
200314,5,Agri Land,,2082,3.94
200314,6,Agri Land,,4760,9
200314,81,Settlement,,1078,2.04
200314,83,River,,272,0.51
201233,1,Agri Land,,1323,17.05
201233,2,Agri Land,,3846,49.58
201233,3,Agri Land,,622,8.02
201233,81,Settlement,,968,12.48
201233,83,River,,992,12.79
201233,113,,,6,0.08
201202,1,Agri Land,,368,4.25
201202,2,Agri Land,,756,8.74
201202,3,Agri Land,,1294,14.95
201202,4,Agri Land,,365,4.21
201202,5,Agri Land,,924,10.68
201202,6,Agri Land,,369,4.26
201202,7,Agri Land,,1551,17.92
201202,81,Settlement,,2761,31.91
201202,83,River,,173,1.99
201202,86,,,22,0.26
201202,113,,,71,0.82
200395,1,Agri Land,,56044,56.25
200395,2,Agri Land,,25293,25.38
200395,3,Agri Land,,7518,7.55
200395,4,Agri Land,,9302,9.34
200395,5,Agri Land,,910,0.91
200395,83,River,,571,0.57
201204,1,Agri Land,,1720,8.31
201204,2,Agri Land,,6087,29.39
201204,3,Agri Land,,3471,16.76
201204,4,Agri Land,,896,4.33
201204,5,Agri Land,,1422,6.87
201204,6,Agri Land,,1955,9.44
201204,81,Settlement,,2643,12.76
201204,83,River,,2189,10.57
201204,112,Waterbody,,324,1.56
201204,113,,,1,0
201207,1,Agri Land,,1554,6.79
201207,2,Agri Land,,977,4.27
201207,3,Agri Land,,3485,15.23
201207,4,Agri Land,,1917,8.38
201207,5,Agri Land,,988,4.32
201207,6,Agri Land,,2087,9.12
201207,7,Agri Land,,4696,20.52
201207,8,Agri Land,,1121,4.9
201207,9,Agri Land,,1935,8.45
201207,81,Settlement,,3070,13.41
201207,83,River,,716,3.13
201207,112,Waterbody,,326,1.42
201207,113,,,15,0.07
201213,1,Agri Land,,6105,28.65
201213,2,Agri Land,,603,2.83
201213,3,Agri Land,,5226,24.53
201213,4,Agri Land,,868,4.07
201213,5,Agri Land,,523,2.45
201213,6,Agri Land,,601,2.82
201213,7,Agri Land,,2839,13.33
201213,81,Settlement,,3832,17.98
201213,83,River,,677,3.18
201213,112,Waterbody,,15,0.07
201213,113,,,20,0.09
201263,1,Agri Land,,286,1.32
201263,2,Agri Land,,267,1.23
201263,3,Agri Land,,184,0.85
201263,4,Agri Land,,197,0.91
201263,5,Agri Land,,140,0.64
201263,6,Agri Land,,1692,7.82
201263,7,Agri Land,,558,2.58
201263,8,Agri Land,,8246,38.09
201263,9,Agri Land,,361,1.67
201263,10,Agri Land,,603,2.79
201263,11,,,813,3.75
201263,81,Settlement,,7787,35.97
201263,83,River,,105,0.48
201263,86,,,11,0.05
201263,112,Waterbody,,177,0.82
201263,113,,,223,1.03
201285,1,Agri Land,,5607,15.56
201285,2,Agri Land,,1050,2.91
201285,3,Agri Land,,4517,12.54
201285,4,Agri Land,,2825,7.84
201285,5,Agri Land,,425,1.18
201285,6,Agri Land,,2986,8.29
201285,7,Agri Land,,1391,3.86
201285,8,Agri Land,,1836,5.1
201285,9,Agri Land,,615,1.71
201285,10,Agri Land,,1917,5.32
201285,11,,,2801,7.78
201285,81,Settlement,,7852,21.79
201285,83,River,,2032,5.64
201285,86,,,81,0.23
201285,112,Waterbody,,63,0.17
201285,113,,,28,0.08
201294,1,Agri Land,,2560,11.62
201294,2,Agri Land,,1987,9.02
201294,3,Agri Land,,4504,20.45
201294,4,Agri Land,,1674,7.6
201294,5,Agri Land,,1021,4.64
201294,6,Agri Land,,959,4.35
201294,7,Agri Land,,1014,4.6
201294,8,Agri Land,,3984,18.09
201294,9,Agri Land,,761,3.45
201294,81,Settlement,,1795,8.15
201294,83,River,,1603,7.28
201294,112,Waterbody,,137,0.62
201294,113,,,27,0.12
201347,1,Agri Land,,563,3.35
201347,2,Agri Land,,467,2.77
201347,3,Agri Land,,357,2.12
201347,4,Agri Land,,1967,11.7
201347,5,Agri Land,,911,5.42
201347,6,Agri Land,,1823,10.84
201347,81,Settlement,,869,5.17
201347,83,River,,9163,54.49
201347,84,,,123,0.73
201347,93,,,526,3.13
201347,112,Waterbody,,47,0.28
201322,1,Agri Land,,658,2.03
201322,2,Agri Land,,2198,6.79
201322,3,Agri Land,,1475,4.55
201322,4,Agri Land,,6311,19.49
201322,5,Agri Land,,1013,3.13
201322,6,Agri Land,,560,1.73
201322,7,Agri Land,,536,1.65
201322,8,Agri Land,,5698,17.59
201322,81,Settlement,,2957,9.13
201322,83,River,,10958,33.84
201322,113,,,22,0.07
201290,1,Agri Land,,166,0.64
201290,2,Agri Land,,4174,16.05
201290,3,Agri Land,,9518,36.6
201290,4,Agri Land,,1708,6.57
201290,5,Agri Land,,1054,4.05
201290,6,Agri Land,,278,1.07
201290,7,Agri Land,,2309,8.88
201290,8,Agri Land,,2098,8.07
201290,9,Agri Land,,2576,9.91
201290,10,Agri Land,,2125,8.17
201345,1,Agri Land,,834,3.54
201345,2,Agri Land,,769,3.27
201345,3,Agri Land,,467,1.98
201345,4,Agri Land,,2068,8.79
201345,5,Agri Land,,618,2.63
201345,6,Agri Land,,1564,6.64
201345,7,Agri Land,,953,4.05
201345,8,Agri Land,,499,2.12
201345,9,Agri Land,,730,3.1
201345,81,Settlement,,13618,57.86
201345,83,River,,638,2.71
201345,86,,,90,0.38
201345,112,Waterbody,,82,0.35
201345,113,,,52,0.22
201345,119,,,553,2.35
201349,1,Agri Land,,2209,11.54
201349,2,Agri Land,,4094,21.38
201349,3,Agri Land,,1428,7.46
201349,4,Agri Land,,2592,13.54
201349,5,Agri Land,,1583,8.27
201349,6,Agri Land,,2173,11.35
201349,7,Agri Land,,1202,6.28
201349,81,Settlement,,3691,19.28
201349,83,River,,145,0.76
201349,113,,,30,0.16
201358,1,Agri Land,,1436,6.04
201358,2,Agri Land,,2443,10.29
201358,3,Agri Land,,1281,5.39
201358,4,Agri Land,,1183,4.98
201358,5,Agri Land,,3692,15.54
201358,6,Agri Land,,6139,25.84
201358,7,Agri Land,,3601,15.16
201358,81,Settlement,,3949,16.62
201358,82,,,31,0.13
201376,1,Agri Land,,963,7.47
201376,2,Agri Land,,1519,11.79
201376,3,Agri Land,,1554,12.06
201376,4,Agri Land,,1206,9.36
201376,5,Agri Land,,1809,14.04
201376,81,Settlement,,5444,42.25
201376,83,River,,375,2.91
201376,86,,,17,0.13
201504,1,Agri Land,,1551,9.64
201504,2,Agri Land,,702,4.37
201504,3,Agri Land,,7235,44.97
201504,4,Agri Land,,1257,7.82
201504,81,Settlement,,3061,19.03
201504,83,River,,1397,8.68
201504,84,,,868,5.39
201504,113,,,17,0.11
201395,1,Agri Land,,1236,8.01
201395,2,Agri Land,,3398,22.02
201395,3,Agri Land,,2143,13.88
201395,4,Agri Land,,4506,29.2
201395,5,Agri Land,,253,1.64
201395,81,Settlement,,3746,24.28
201395,83,River,,103,0.66
201395,113,,,47,0.3
201512,1,Agri Land,,3018,21.63
201512,2,Agri Land,,236,1.69
201512,3,Agri Land,,194,1.39
201512,4,Agri Land,,60,0.43
201512,5,Agri Land,,1104,7.91
201512,6,Agri Land,,92,0.66
201512,7,Agri Land,,2819,20.21
201512,8,Agri Land,,2433,17.44
201512,9,Agri Land,,16,0.11
201512,81,Settlement,,3212,23.03
201512,83,River,,568,4.07
201512,86,,,11,0.08
201512,113,,,21,0.15
201512,999,,,167,1.19
201518,1,Agri Land,,3485,17.46
201518,2,Agri Land,,4796,24.03
201518,3,Agri Land,,4215,21.12
201518,4,Agri Land,,1341,6.72
201518,5,Agri Land,,2195,11
201518,6,Agri Land,,316,1.58
201518,7,Agri Land,,851,4.26
201518,81,Settlement,,2055,10.29
201518,83,River,,634,3.18
201518,112,Waterbody,,22,0.11
201518,113,,,50,0.25
201508,1,Agri Land,,6178,17.03
201508,2,Agri Land,,5022,13.84
201508,3,Agri Land,,2291,6.32
201508,4,Agri Land,,2253,6.21
201508,5,Agri Land,,9377,25.85
201508,6,Agri Land,,1560,4.3
201508,7,Agri Land,,1455,4.01
201508,8,Agri Land,,1135,3.13
201508,9,Agri Land,,873,2.41
201508,81,Settlement,,4331,11.94
201508,83,River,,1800,4.96
201508,113,,,5,0.01
201537,1,Agri Land,,4337,18.97
201537,2,Agri Land,,822,3.59
201537,3,Agri Land,,1690,7.39
201537,4,Agri Land,,388,1.7
201537,5,Agri Land,,3097,13.55
201537,6,Agri Land,,2542,11.12
201537,7,Agri Land,,1147,5.02
201537,8,Agri Land,,1403,6.14
201537,9,Agri Land,,2102,9.19
201537,10,Agri Land,,1529,6.69
201537,81,Settlement,,3196,13.98
201537,83,River,,482,2.11
201537,86,,,108,0.47
201537,113,,,21,0.09
201533,1,Agri Land,,6894,9.08
201533,2,Agri Land,,2128,2.8
201533,3,Agri Land,,22795,30.02
201533,4,Agri Land,,3459,4.56
201533,5,Agri Land,,2789,3.67
201533,6,Agri Land,,12915,17.01
201533,7,Agri Land,,4905,6.46
201533,81,Settlement,,18515,24.38
201533,83,River,,526,0.69
201533,86,,,222,0.29
201533,109,,,389,0.51
201533,112,Waterbody,,124,0.16
201533,113,,,98,0.13
201533,118,,,16,0.02
201533,119,,,153,0.2
201539,1,Agri Land,,271,5.35
201539,2,Agri Land,,343,6.78
201539,3,Agri Land,,3129,61.78
201539,81,Settlement,,843,16.63
201539,83,River,,228,4.5
201539,105,,,249,4.92
201539,113,,,2,0.03
201561,1,Agri Land,,6896,27.19
201561,2,Agri Land,,387,1.52
201561,3,Agri Land,,464,1.83
201561,4,Agri Land,,1266,4.99
201561,5,Agri Land,,722,2.85
201561,6,Agri Land,,638,2.52
201561,7,Agri Land,,2053,8.09
201561,8,Agri Land,,280,1.11
201561,9,Agri Land,,8157,32.16
201561,81,Settlement,,4230,16.68
201561,83,River,,259,1.02
201561,113,,,12,0.05
201547,1,Agri Land,,1383,5.31
201547,2,Agri Land,,3192,12.26
201547,3,Agri Land,,4998,19.2
201547,4,Agri Land,,812,3.12
201547,5,Agri Land,,6086,23.38
201547,6,Agri Land,,3808,14.63
201547,81,Settlement,,5006,19.23
201547,83,River,,193,0.74
201547,86,,,158,0.61
201547,109,,,147,0.56
201547,112,Waterbody,,5,0.02
201547,113,,,153,0.59
201547,119,,,94,0.36
201553,1,Agri Land,,3688,7.22
201553,2,Agri Land,,5571,10.9
201553,3,Agri Land,,2184,4.27
201553,4,Agri Land,,1037,2.03
201553,5,Agri Land,,3703,7.25
201553,6,Agri Land,,1948,3.81
201553,7,Agri Land,,711,1.39
201553,8,Agri Land,,3797,7.43
201553,9,Agri Land,,718,1.4
201553,10,Agri Land,,3058,5.98
201553,11,,,2385,4.67
201553,12,,,2494,4.88
201553,81,Settlement,,13856,27.12
201553,83,River,,434,0.85
201553,113,,,3237,6.33
201553,116,,,2277,4.46
201574,1,Agri Land,,829,3.4
201574,2,Agri Land,,1237,5.07
201574,3,Agri Land,,694,2.85
201574,4,Agri Land,,1296,5.31
201574,5,Agri Land,,413,1.69
201574,6,Agri Land,,1871,7.67
201574,7,Agri Land,,191,0.78
201574,8,Agri Land,,656,2.69
201574,9,Agri Land,,2683,11
201574,10,Agri Land,,617,2.53
201574,11,,,5034,20.64
201574,12,,,95,0.39
201574,13,,,97,0.4
201574,81,Settlement,,7665,31.43
201574,83,River,,524,2.15
201574,86,,,258,1.06
201574,109,,,124,0.51
201574,112,Waterbody,,12,0.05
201574,113,,,50,0.21
201574,119,,,42,0.17
201578,1,Agri Land,,2587,6.63
201578,2,Agri Land,,3326,8.52
201578,3,Agri Land,,4967,12.72
201578,4,Agri Land,,1912,4.9
201578,5,Agri Land,,10026,25.69
201578,81,Settlement,,9241,23.68
201578,83,River,,6509,16.68
201578,85,Forest,,374,0.96
201578,86,,,90,0.23
201582,1,Agri Land,,3564,12.76
201582,2,Agri Land,,3907,13.99
201582,3,Agri Land,,12394,44.37
201582,4,Agri Land,,2587,9.26
201582,81,Settlement,,4837,17.32
201582,83,River,,630,2.26
201582,113,,,12,0.04
201586,1,Agri Land,,10065,20.43
201586,2,Agri Land,,1141,2.32
201586,3,Agri Land,,356,0.72
201586,4,Agri Land,,864,1.75
201586,5,Agri Land,,3587,7.28
201586,6,Agri Land,,1683,3.42
201586,7,Agri Land,,157,0.32
201586,8,Agri Land,,1090,2.21
201586,9,Agri Land,,710,1.44
201586,81,Settlement,,4025,8.17
201586,82,,,32,0.07
201586,83,River,,21954,44.56
201586,92,,,128,0.26
201586,93,,,3472,7.05
202232,1,Agri Land,,1278,14.78
202232,2,Agri Land,,1373,15.89
202232,3,Agri Land,,221,2.56
202232,4,Agri Land,,62,0.71
202232,5,Agri Land,,652,7.55
202232,6,Agri Land,,71,0.83
202232,7,Agri Land,,991,11.47
202232,8,Agri Land,,19,0.22
202232,10,Agri Land,,1579,18.27
202232,11,,,993,11.49
202232,12,,,96,1.12
202232,81,Settlement,,580,6.71
202232,83,River,,493,5.71
202232,112,Waterbody,,75,0.87
202232,113,,,4,0.05
202232,117,,,156,1.8
202224,1,Agri Land,,589,4.9
202224,2,Agri Land,,1447,12.04
202224,3,Agri Land,,321,2.67
202224,5,Agri Land,,556,4.63
202224,6,Agri Land,,845,7.03
202224,7,Agri Land,,150,1.25
202224,8,Agri Land,,332,2.76
202224,9,Agri Land,,535,4.45
202224,10,Agri Land,,804,6.68
202224,11,,,1400,11.64
202224,12,,,2252,18.73
202224,79,,,70,0.58
202224,81,Settlement,,1416,11.77
202224,83,River,,527,4.38
202224,112,Waterbody,,164,1.37
202224,113,,,15,0.12
202224,117,,,602,5.01
202245,1,Agri Land,,833,11.63
202245,2,Agri Land,,1410,19.69
202245,3,Agri Land,,1896,26.47
202245,79,,,285,3.97
202245,81,Settlement,,1198,16.72
202245,113,,,10,0.14
202245,117,,,920,12.84
202245,199,,,612,8.54
202249,1,Agri Land,,3834,9.56
202249,2,Agri Land,,2371,5.91
202249,3,Agri Land,,478,1.19
202249,4,Agri Land,,1196,2.98
202249,5,Agri Land,,1309,3.27
202249,6,Agri Land,,2351,5.86
202249,7,Agri Land,,852,2.12
202249,79,,,631,1.57
202249,81,Settlement,,3406,8.49
202249,83,River,,8243,20.56
202249,85,Forest,,5560,13.87
202249,113,,,10,0.03
202249,117,,,1494,3.73
202249,119,,,141,0.35
202249,123,,,7546,18.82
202249,125,,,673,1.68
202256,1,Agri Land,,131,0.91
202256,2,Agri Land,,841,5.82
202256,3,Agri Land,,3927,27.17
202256,4,Agri Land,,4507,31.18
202256,5,Agri Land,,934,6.46
202256,81,Settlement,,1252,8.66
202256,83,River,,2655,18.37
202256,112,Waterbody,,39,0.27
202256,113,,,10,0.07
202256,117,,,158,1.09
202290,1,Agri Land,,11103,29.65
202290,2,Agri Land,,3077,8.22
202290,3,Agri Land,,934,2.49
202290,4,Agri Land,,4043,10.8
202290,5,Agri Land,,4223,11.28
202290,6,Agri Land,,987,2.64
202290,7,Agri Land,,2309,6.17
202290,8,Agri Land,,91,0.24
202290,9,Agri Land,,287,0.77
202290,81,Settlement,,1288,3.44
202290,83,River,,6015,16.06
202290,84,,,1459,3.9
202290,93,,,1629,4.35
202290,113,,,1,0
202266,1,Agri Land,,9407,24.54
202266,2,Agri Land,,8380,21.86
202266,3,Agri Land,,9158,23.89
202266,4,Agri Land,,1168,3.05
202266,5,Agri Land,,1304,3.4
202266,81,Settlement,,7169,18.7
202266,83,River,,477,1.24
202266,84,,,2,0
202266,86,,,144,0.37
202266,109,,,64,0.17
202266,112,Waterbody,,2,0
202266,113,,,32,0.08
202266,119,,,81,0.21
202266,120,,,816,2.13
202266,123,,,129,0.34
202294,1,Agri Land,,5329,20.55
202294,2,Agri Land,,5721,22.07
202294,3,Agri Land,,3813,14.7
202294,4,Agri Land,,722,2.78
202294,5,Agri Land,,5503,21.22
202294,6,Agri Land,,1038,4
202294,7,Agri Land,,738,2.85
202294,79,,,883,3.41
202294,81,Settlement,,1787,6.89
202294,83,River,,384,1.48
202294,113,,,10,0.04
201967,1,Agri Land,,116,0.95
201967,2,Agri Land,,145,1.18
201967,3,Agri Land,,416,3.39
201967,4,Agri Land,,2118,17.24
201967,5,Agri Land,,199,1.62
201967,6,Agri Land,,2538,20.65
201967,7,Agri Land,,256,2.08
201967,8,Agri Land,,406,3.31
201967,9,Agri Land,,666,5.42
201967,10,Agri Land,,896,7.29
201967,81,Settlement,,4348,35.38
201967,83,River,,112,0.91
201967,112,Waterbody,,10,0.08
201967,113,,,62,0.5
201909,1,Agri Land,,353,1.45
201909,2,Agri Land,,271,1.11
201909,3,Agri Land,,479,1.97
201909,4,Agri Land,,11838,48.58
201909,5,Agri Land,,1006,4.13
201909,6,Agri Land,,5658,23.22
201909,81,Settlement,,4747,19.48
201909,113,,,15,0.06
201918,1,Agri Land,,161,0.96
201918,2,Agri Land,,5010,29.98
201918,3,Agri Land,,3884,23.25
201918,4,Agri Land,,557,3.34
201918,5,Agri Land,,1069,6.4
201918,6,Agri Land,,3334,19.96
201918,81,Settlement,,2474,14.81
201918,83,River,,166,0.99
201918,112,Waterbody,,41,0.25
201918,113,,,11,0.07
201927,1,Agri Land,,667,3.28
201927,2,Agri Land,,3810,18.72
201927,3,Agri Land,,3995,19.64
201927,4,Agri Land,,4513,22.18
201927,5,Agri Land,,789,3.88
201927,6,Agri Land,,1781,8.75
201927,7,Agri Land,,714,3.51
201927,81,Settlement,,4059,19.95
201927,82,,,20,0.1
201915,1,Agri Land,,253,1.96
201915,2,Agri Land,,517,4.02
201915,3,Agri Land,,506,3.93
201915,4,Agri Land,,483,3.75
201915,5,Agri Land,,2081,16.17
201915,6,Agri Land,,5385,41.85
201915,7,Agri Land,,931,7.24
201915,8,Agri Land,,1057,8.21
201915,81,Settlement,,1590,12.36
201915,83,River,,54,0.42
201915,113,,,10,0.07
201931,1,Agri Land,,827,3.04
201931,2,Agri Land,,496,1.82
201931,3,Agri Land,,790,2.9
201931,4,Agri Land,,1477,5.43
201931,5,Agri Land,,1418,5.21
201931,6,Agri Land,,187,0.69
201931,7,Agri Land,,6912,25.4
201931,8,Agri Land,,4055,14.9
201931,9,Agri Land,,943,3.47
201931,80,,,2,0.01
201931,81,Settlement,,9134,33.57
201931,83,River,,348,1.28
201931,86,,,161,0.59
201931,112,Waterbody,,60,0.22
201931,113,,,126,0.46
201931,119,,,277,1.02
201936,1,Agri Land,,1797,8.2
201936,2,Agri Land,,5265,24.01
201936,3,Agri Land,,8071,36.81
201936,4,Agri Land,,945,4.31
201936,5,Agri Land,,937,4.27
201936,6,Agri Land,,911,4.15
201936,81,Settlement,,2945,13.43
201936,83,River,,926,4.23
201936,113,,,24,0.11
201936,119,,,103,0.47
201972,1,Agri Land,,4570,33
201972,2,Agri Land,,4640,33.5
201972,3,Agri Land,,1414,10.21
201972,81,Settlement,,3114,22.49
201972,83,River,,89,0.64
201972,113,,,22,0.16
201940,1,Agri Land,,4321,18.11
201940,2,Agri Land,,1212,5.08
201940,3,Agri Land,,2617,10.97
201940,4,Agri Land,,3758,15.75
201940,5,Agri Land,,2889,12.11
201940,6,Agri Land,,4020,16.85
201940,7,Agri Land,,662,2.78
201940,8,Agri Land,,2101,8.81
201940,81,Settlement,,2185,9.16
201940,83,River,,91,0.38
201940,113,,,8,0.03
201954,1,Agri Land,,556,4.48
201954,2,Agri Land,,1055,8.5
201954,3,Agri Land,,2675,21.55
201954,4,Agri Land,,4956,39.93
201954,5,Agri Land,,642,5.17
201954,6,Agri Land,,285,2.3
201954,81,Settlement,,1538,12.39
201954,83,River,,703,5.66
201954,113,,,0,0
201973,1,Agri Land,,6718,55.14
201973,2,Agri Land,,302,2.48
201973,81,Settlement,,5018,41.19
201973,83,River,,68,0.56
201973,86,,,45,0.37
201973,112,Waterbody,,29,0.24
201973,113,,,2,0.02
201974,1,Agri Land,,8392,51.42
201974,2,Agri Land,,3027,18.55
201974,81,Settlement,,4708,28.85
201974,83,River,,178,1.09
201974,113,,,14,0.09
201975,1,Agri Land,,2246,20.47
201975,2,Agri Land,,2959,26.96
201975,3,Agri Land,,1105,10.07
201975,81,Settlement,,1754,15.98
201975,83,River,,2882,26.27
201975,86,,,3,0.03
201975,112,Waterbody,,2,0.02
201975,113,,,10,0.09
201975,119,,,12,0.11
201987,1,Agri Land,,9640,40.99
201987,2,Agri Land,,1275,5.42
201987,3,Agri Land,,439,1.87
201987,4,Agri Land,,4730,20.11
201987,5,Agri Land,,2094,8.9
201987,6,Agri Land,,1483,6.31
201987,7,Agri Land,,758,3.22
201987,81,Settlement,,2729,11.6
201987,83,River,,196,0.83
201987,112,Waterbody,,110,0.47
201987,113,,,64,0.27
201933,1,Agri Land,,1621,10.53
201933,2,Agri Land,,367,2.39
201933,3,Agri Land,,538,3.5
201933,4,Agri Land,,1009,6.56
201933,5,Agri Land,,761,4.94
201933,6,Agri Land,,2501,16.25
201933,7,Agri Land,,3881,25.22
201933,8,Agri Land,,1610,10.46
201933,9,Agri Land,,431,2.8
201933,10,Agri Land,,96,0.62
201933,81,Settlement,,2265,14.72
201933,83,River,,247,1.61
201933,85,Forest,,28,0.18
201933,112,Waterbody,,18,0.12
201933,113,,,17,0.11
203014,1,Agri Land,,427,3.17
203014,2,Agri Land,,2773,20.58
203014,3,Agri Land,,2836,21.05
203014,4,Agri Land,,357,2.65
203014,5,Agri Land,,2390,17.74
203014,6,Agri Land,,1818,13.49
203014,7,Agri Land,,201,1.5
203014,81,Settlement,,2238,16.61
203014,83,River,,370,2.74
203014,113,,,63,0.47
201994,1,Agri Land,,691,6.22
201994,2,Agri Land,,5979,53.85
201994,3,Agri Land,,190,1.72
201994,4,Agri Land,,506,4.56
201994,5,Agri Land,,342,3.08
201994,81,Settlement,,2804,25.26
201994,83,River,,453,4.08
201994,86,,,30,0.27
201994,112,Waterbody,,46,0.42
201994,113,,,63,0.56
203025,1,Agri Land,,1629,11.55
203025,2,Agri Land,,3157,22.39
203025,3,Agri Land,,211,1.5
203025,4,Agri Land,,2532,17.95
203025,5,Agri Land,,623,4.42
203025,6,Agri Land,,1889,13.39
203025,7,Agri Land,,643,4.56
203025,8,Agri Land,,191,1.36
203025,81,Settlement,,2919,20.69
203025,83,River,,264,1.87
203025,113,,,46,0.33
203029,1,Agri Land,,510,2.38
203029,2,Agri Land,,822,3.83
203029,3,Agri Land,,6947,32.42
203029,4,Agri Land,,1542,7.2
203029,5,Agri Land,,4109,19.18
203029,6,Agri Land,,442,2.06
203029,7,Agri Land,,517,2.41
203029,8,Agri Land,,480,2.24
203029,9,Agri Land,,573,2.67
203029,10,Agri Land,,679,3.17
203029,81,Settlement,,4248,19.82
203029,83,River,,483,2.26
203029,113,,,76,0.35
203041,1,Agri Land,,319,3.1
203041,2,Agri Land,,914,8.87
203041,3,Agri Land,,3844,37.33
203041,4,Agri Land,,1578,15.32
203041,81,Settlement,,3337,32.4
203041,83,River,,96,0.93
203041,86,,,57,0.56
203041,112,Waterbody,,4,0.04
203041,113,,,150,1.45
203041,118,,,0,0
203051,1,Agri Land,,1350,13.48
203051,2,Agri Land,,1032,10.31
203051,3,Agri Land,,1358,13.56
203051,4,Agri Land,,3579,35.75
203051,5,Agri Land,,700,6.99
203051,6,Agri Land,,486,4.85
203051,81,Settlement,,1276,12.74
203051,83,River,,208,2.08
203051,113,,,25,0.25
203094,1,Agri Land,,3776,16.25
203094,2,Agri Land,,762,3.28
203094,3,Agri Land,,561,2.42
203094,4,Agri Land,,7202,31
203094,5,Agri Land,,4562,19.64
203094,81,Settlement,,3024,13.02
203094,83,River,,2997,12.9
203094,93,,,327,1.41
203094,113,,,18,0.08
204649,1,Agri Land,,24,0.09
204649,2,Agri Land,,10459,38.99
204649,3,Agri Land,,2378,8.87
204649,4,Agri Land,,1905,7.1
204649,5,Agri Land,,5449,20.31
204649,6,Agri Land,,2914,10.86
204649,81,Settlement,,3395,12.66
204649,83,River,,300,1.12
204647,1,Agri Land,,5036,22.61
204647,2,Agri Land,,2952,13.25
204647,3,Agri Land,,3047,13.68
204647,4,Agri Land,,6332,28.43
204647,5,Agri Land,,1928,8.66
204647,81,Settlement,,2789,12.52
204647,83,River,,149,0.67
204647,86,,,15,0.07
204647,109,,,19,0.09
204647,113,,,7,0.03
204661,1,Agri Land,,1674,7.94
204661,2,Agri Land,,2297,10.89
204661,3,Agri Land,,12564,59.58
204661,4,Agri Land,,2090,9.91
204661,5,Agri Land,,712,3.38
204661,81,Settlement,,1524,7.23
204661,83,River,,172,0.81
204661,112,Waterbody,,51,0.24
204661,113,,,4,0.02
204643,1,Agri Land,,13629,15.45
204643,2,Agri Land,,33463,37.92
204643,3,Agri Land,,19913,22.57
204643,4,Agri Land,,6260,7.09
204643,5,Agri Land,,6104,6.92
204643,6,Agri Land,,4390,4.98
204643,81,Settlement,,3752,4.25
204643,83,River,,636,0.72
204643,86,,,19,0.02
204643,109,,,46,0.05
204643,113,,,24,0.03
204643,118,,,2,0
204667,1,Agri Land,,1118,6.09
204667,2,Agri Land,,1787,9.73
204667,3,Agri Land,,3540,19.28
204667,4,Agri Land,,5944,32.38
204667,5,Agri Land,,1263,6.88
204667,6,Agri Land,,720,3.92
204667,7,Agri Land,,3530,19.23
204667,81,Settlement,,361,1.96
204667,82,,,97,0.53
204665,1,Agri Land,,4872,20.46
204665,2,Agri Land,,2279,9.57
204665,3,Agri Land,,3948,16.57
204665,4,Agri Land,,763,3.2
204665,5,Agri Land,,5824,24.45
204665,6,Agri Land,,3877,16.28
204665,81,Settlement,,1941,8.15
204665,83,River,,205,0.86
204665,86,,,8,0.03
204665,112,Waterbody,,73,0.3
204665,113,,,28,0.12
204677,1,Agri Land,,7282,21.28
204677,2,Agri Land,,4201,12.28
204677,3,Agri Land,,5242,15.32
204677,4,Agri Land,,11030,32.24
204677,5,Agri Land,,3651,10.67
204677,81,Settlement,,2397,7.01
204677,83,River,,352,1.03
204677,86,,,13,0.04
204677,109,,,35,0.1
204677,113,,,8,0.02
204670,1,Agri Land,,3595,7.76
204670,2,Agri Land,,3189,6.88
204670,3,Agri Land,,5929,12.8
204670,4,Agri Land,,554,1.19
204670,5,Agri Land,,160,0.35
204670,6,Agri Land,,4940,10.66
204670,7,Agri Land,,4857,10.48
204670,8,Agri Land,,2927,6.32
204670,9,Agri Land,,8855,19.11
204670,10,Agri Land,,5135,11.08
204670,11,,,1025,2.21
204670,81,Settlement,,4595,9.92
204670,83,River,,365,0.79
204670,86,,,34,0.07
204670,112,Waterbody,,149,0.32
204670,113,,,27,0.06
204680,1,Agri Land,,987,6.55
204680,2,Agri Land,,841,5.58
204680,3,Agri Land,,4160,27.61
204680,4,Agri Land,,2709,17.98
204680,5,Agri Land,,2734,18.14
204680,6,Agri Land,,1798,11.93
204680,81,Settlement,,1683,11.17
204680,83,River,,91,0.61
204680,86,,,24,0.16
204680,109,,,26,0.17
204680,113,,,15,0.1
205133,1,Agri Land,,5892,22.54
205133,2,Agri Land,,551,2.11
205133,3,Agri Land,,129,0.49
205133,4,Agri Land,,2544,9.73
205133,81,Settlement,,7204,27.56
205133,83,River,,9788,37.45
205133,86,,,32,0.12
205165,1,Agri Land,,866,5.11
205165,2,Agri Land,,1877,11.08
205165,3,Agri Land,,1098,6.48
205165,4,Agri Land,,1143,6.75
205165,5,Agri Land,,693,4.09
205165,6,Agri Land,,4585,27.06
205165,7,Agri Land,,1834,10.82
205165,8,Agri Land,,1020,6.02
205165,81,Settlement,,3793,22.39
205165,113,,,33,0.19
205143,1,Agri Land,,1214,2.44
205143,2,Agri Land,,2818,5.67
205143,3,Agri Land,,1799,3.62
205143,4,Agri Land,,4220,8.48
205143,5,Agri Land,,2507,5.04
205143,6,Agri Land,,2616,5.26
205143,7,Agri Land,,558,1.12
205143,8,Agri Land,,12857,25.84
205143,9,Agri Land,,3828,7.7
205143,10,Agri Land,,2034,4.09
205143,81,Settlement,,9793,19.69
205143,83,River,,5455,10.97
205143,112,Waterbody,,8,0.02
205143,113,,,39,0.08
205173,1,Agri Land,,3109,8.61
205173,2,Agri Land,,3690,10.22
205173,3,Agri Land,,531,1.47
205173,4,Agri Land,,282,0.78
205173,5,Agri Land,,198,0.55
205173,6,Agri Land,,762,2.11
205173,7,Agri Land,,2991,8.29
205173,8,Agri Land,,4731,13.11
205173,9,Agri Land,,3015,8.35
205173,81,Settlement,,1904,5.28
205173,83,River,,14883,41.23
205158,1,Agri Land,,2095,10.37
205158,2,Agri Land,,1207,5.97
205158,3,Agri Land,,3013,14.91
205158,4,Agri Land,,860,4.26
205158,5,Agri Land,,4895,24.23
205158,81,Settlement,,6957,34.44
205158,83,River,,877,4.34
205158,84,,,194,0.96
205158,86,,,13,0.07
205158,113,,,19,0.09
205158,119,,,73,0.36
207510,1,Agri Land,,2088,15.14
207510,2,Agri Land,,644,4.67
207510,3,Agri Land,,1268,9.2
207510,4,Agri Land,,822,5.96
207510,5,Agri Land,,4331,31.41
207510,6,Agri Land,,825,5.98
207510,81,Settlement,,3798,27.54
207510,113,,,13,0.09
207521,1,Agri Land,,1655,4.27
207521,2,Agri Land,,4080,10.54
207521,3,Agri Land,,1974,5.1
207521,4,Agri Land,,7456,19.26
207521,5,Agri Land,,11495,29.69
207521,81,Settlement,,1871,4.83
207521,83,River,,10184,26.3
207507,1,Agri Land,,3820,16.16
207507,2,Agri Land,,1283,5.43
207507,3,Agri Land,,980,4.15
207507,4,Agri Land,,3000,12.69
207507,5,Agri Land,,839,3.55
207507,6,Agri Land,,1767,7.48
207507,7,Agri Land,,1444,6.11
207507,8,Agri Land,,5349,22.63
207507,81,Settlement,,5047,21.35
207507,83,River,,81,0.34
207507,113,,,25,0.11
207547,1,Agri Land,,760,4.76
207547,2,Agri Land,,3227,20.24
207547,3,Agri Land,,242,1.52
207547,4,Agri Land,,192,1.21
207547,5,Agri Land,,1555,9.75
207547,6,Agri Land,,3641,22.84
207547,7,Agri Land,,2496,15.65
207547,8,Agri Land,,1520,9.53
207547,81,Settlement,,2148,13.47
207547,83,River,,165,1.04
207536,1,Agri Land,,149,0.11
207536,2,Agri Land,,5443,3.9
207536,3,Agri Land,,11785,8.45
207536,4,Agri Land,,4969,3.56
207536,81,Settlement,,13771,9.87
207536,83,River,,59488,42.65
207536,84,,,35587,25.51
207536,85,Forest,,6820,4.89
207536,86,,,52,0.04
207536,112,Waterbody,,4,0
207536,113,,,1125,0.81
207536,118,,,284,0.2
207587,1,Agri Land,,3960,11.41
207587,2,Agri Land,,652,1.88
207587,3,Agri Land,,622,1.79
207587,4,Agri Land,,1495,4.31
207587,5,Agri Land,,2007,5.78
207587,6,Agri Land,,7927,22.84
207587,7,Agri Land,,12184,35.11
207587,8,Agri Land,,260,0.75
207587,81,Settlement,,5472,15.77
207587,83,River,,82,0.23
207587,113,,,42,0.12
207580,1,Agri Land,,5650,34.56
207580,2,Agri Land,,582,3.56
207580,3,Agri Land,,3403,20.82
207580,4,Agri Land,,455,2.78
207580,5,Agri Land,,2696,16.49
207580,6,Agri Land,,184,1.13
207580,81,Settlement,,3338,20.42
207580,113,,,39,0.24
207583,1,Agri Land,,881,5.16
207583,2,Agri Land,,2394,14.02
207583,3,Agri Land,,4712,27.6
207583,81,Settlement,,9071,53.13
207583,83,River,,2,0.01
207583,86,,,12,0.07
207583,113,,,1,0.01
208421,1,Agri Land,,11819,17.73
208421,2,Agri Land,,5931,8.9
208421,3,Agri Land,,8969,13.46
208421,4,Agri Land,,5859,8.79
208421,5,Agri Land,,8852,13.28
208421,6,Agri Land,,4772,7.16
208421,7,Agri Land,,3429,5.14
208421,8,Agri Land,,4721,7.08
208421,9,Agri Land,,2089,3.13
208421,81,Settlement,,962,1.44
208421,83,River,,1108,1.66
208421,109,,,8124,12.19
208421,115,,,18,0.03
208407,1,Agri Land,,21917,14.69
208407,2,Agri Land,,26543,17.79
208407,3,Agri Land,,6329,4.24
208407,4,Agri Land,,10645,7.14
208407,5,Agri Land,,331,0.22
208407,6,Agri Land,,4099,2.75
208407,7,Agri Land,,2335,1.57
208407,8,Agri Land,,1585,1.06
208407,9,Agri Land,,526,0.35
208407,80,,,24,0.02
208407,81,Settlement,,5876,3.94
208407,83,River,,542,0.36
208407,85,Forest,,67237,45.07
208407,86,,,11,0.01
208407,109,,,219,0.15
208407,112,Waterbody,,938,0.63
208407,113,,,10,0.01
208407,119,,,3,0
207585,1,Agri Land,,822,1.71
207585,2,Agri Land,,4829,10.02
207585,3,Agri Land,,9916,20.58
207585,4,Agri Land,,9185,19.06
207585,5,Agri Land,,5277,10.95
207585,81,Settlement,,11775,24.44
207585,83,River,,4825,10.02
207585,84,,,395,0.82
207585,85,Forest,,605,1.25
207585,86,,,81,0.17
207585,112,Waterbody,,11,0.02
207585,113,,,126,0.26
207585,119,,,336,0.7
208429,1,Agri Land,,54476,72.15
208429,2,Agri Land,,9290,12.3
208429,3,Agri Land,,6976,9.24
208429,4,Agri Land,,1153,1.53
208429,5,Agri Land,,141,0.19
208429,80,,,2,0
208429,81,Settlement,,1458,1.93
208429,83,River,,630,0.83
208429,109,,,1371,1.82
208429,112,Waterbody,,3,0
208429,113,,,5,0.01
208429,119,,,3,0
208447,1,Agri Land,,16900,26.12
208447,2,Agri Land,,1656,2.56
208447,3,Agri Land,,9072,14.02
208447,4,Agri Land,,12414,19.18
208447,5,Agri Land,,7423,11.47
208447,6,Agri Land,,4209,6.5
208447,7,Agri Land,,7889,12.19
208447,8,Agri Land,,2537,3.92
208447,9,Agri Land,,903,1.4
208447,81,Settlement,,734,1.13
208447,83,River,,312,0.48
208447,109,,,304,0.47
208447,112,Waterbody,,355,0.55
208436,1,Agri Land,,4931,19.5
208436,2,Agri Land,,3172,12.54
208436,3,Agri Land,,6068,24
208436,4,Agri Land,,6041,23.89
208436,5,Agri Land,,1961,7.76
208436,6,Agri Land,,873,3.45
208436,81,Settlement,,1152,4.55
208436,83,River,,635,2.51
208436,112,Waterbody,,453,1.79
208425,1,Agri Land,,1645,6.81
208425,2,Agri Land,,1375,5.69
208425,3,Agri Land,,10945,45.28
208425,4,Agri Land,,6318,26.14
208425,5,Agri Land,,2738,11.33
208425,81,Settlement,,857,3.55
208425,83,River,,178,0.73
208425,86,,,71,0.3
208425,109,,,34,0.14
208425,113,,,11,0.04
208458,1,Agri Land,,5011,10.13
208458,2,Agri Land,,10571,21.37
208458,3,Agri Land,,2734,5.53
208458,4,Agri Land,,5313,10.74
208458,5,Agri Land,,2787,5.63
208458,6,Agri Land,,5274,10.66
208458,7,Agri Land,,1655,3.35
208458,8,Agri Land,,310,0.63
208458,81,Settlement,,3374,6.82
208458,83,River,,220,0.44
208458,86,,,8,0.02
208458,109,,,12206,24.68
208458,113,,,2,0
208478,1,Agri Land,,3778,25.43
208478,2,Agri Land,,1045,7.04
208478,3,Agri Land,,5191,34.94
208478,4,Agri Land,,3281,22.08
208478,5,Agri Land,,1181,7.95
208478,81,Settlement,,381,2.57
208487,1,Agri Land,,16915,27.3
208487,2,Agri Land,,10832,17.48
208487,3,Agri Land,,7076,11.42
208487,4,Agri Land,,5007,8.08
208487,5,Agri Land,,623,1.01
208487,81,Settlement,,2942,4.75
208487,112,Waterbody,,18562,29.96
208475,1,Agri Land,,1254,3.72
208475,2,Agri Land,,3775,11.21
208475,3,Agri Land,,3194,9.49
208475,4,Agri Land,,3399,10.1
208475,5,Agri Land,,4755,14.12
208475,6,Agri Land,,5466,16.23
208475,7,Agri Land,,5556,16.5
208475,8,Agri Land,,1656,4.92
208475,9,Agri Land,,538,1.6
208475,81,Settlement,,742,2.2
208475,83,River,,160,0.48
208475,109,,,3176,9.43
302614,1,Agri Land,,233,0.75
302614,2,Agri Land,,1404,4.53
302614,3,Agri Land,,1767,5.7
302614,4,Agri Land,,337,1.09
302614,5,Agri Land,,1153,3.72
302614,6,Agri Land,,5997,19.35
302614,7,Agri Land,,12698,40.97
302614,8,Agri Land,,389,1.25
302614,9,Agri Land,,162,0.52
302614,10,Agri Land,,91,0.3
302614,81,Settlement,,6201,20.01
302614,83,River,,443,1.43
302614,86,,,27,0.09
302614,112,Waterbody,,82,0.26
302614,113,,,6,0.02
302618,1,Agri Land,,500,3.46
302618,2,Agri Land,,915,6.33
302618,3,Agri Land,,984,6.81
302618,4,Agri Land,,314,2.18
302618,5,Agri Land,,628,4.35
302618,6,Agri Land,,417,2.89
302618,7,Agri Land,,51,0.35
302618,8,Agri Land,,525,3.63
302618,81,Settlement,,4671,32.34
302618,83,River,,4117,28.5
302618,84,,,1192,8.25
302618,86,,,43,0.3
302618,112,Waterbody,,31,0.21
302618,113,,,58,0.4
302638,1,Agri Land,,398,2.18
302638,2,Agri Land,,3478,19
302638,3,Agri Land,,1267,6.92
302638,4,Agri Land,,796,4.35
302638,5,Agri Land,,53,0.29
302638,6,Agri Land,,889,4.86
302638,7,Agri Land,,586,3.2
302638,80,,,17,0.09
302638,81,Settlement,,9176,50.12
302638,83,River,,1130,6.17
302638,86,,,240,1.31
302638,112,Waterbody,,159,0.87
302638,113,,,14,0.08
302638,119,,,104,0.57
302662,1,Agri Land,,3887,15.73
302662,2,Agri Land,,717,2.9
302662,3,Agri Land,,1623,6.57
302662,4,Agri Land,,1537,6.22
302662,5,Agri Land,,3694,14.95
302662,6,Agri Land,,1733,7.01
302662,7,Agri Land,,618,2.5
302662,8,Agri Land,,2961,11.99
302662,81,Settlement,,6273,25.39
302662,83,River,,855,3.46
302662,86,,,78,0.31
302662,112,Waterbody,,260,1.05
302662,113,,,259,1.05
302662,119,,,212,0.86
302672,1,Agri Land,,993,3.49
302672,2,Agri Land,,550,1.93
302672,3,Agri Land,,110,0.38
302672,4,Agri Land,,478,1.68
302672,5,Agri Land,,432,1.52
302672,6,Agri Land,,349,1.23
302672,7,Agri Land,,1848,6.49
302672,8,Agri Land,,125,0.44
302672,9,Agri Land,,1286,4.52
302672,10,Agri Land,,528,1.85
302672,11,,,657,2.31
302672,12,,,829,2.91
302672,13,,,549,1.93
302672,81,Settlement,,15997,56.16
302672,83,River,,976,3.42
302672,86,,,468,1.64
302672,109,,,930,3.26
302672,112,Waterbody,,900,3.16
302672,113,,,480,1.69
302921,1,Agri Land,,1008,7.67
302921,2,Agri Land,,197,1.5
302921,3,Agri Land,,828,6.31
302921,4,Agri Land,,466,3.54
302921,5,Agri Land,,219,1.66
302921,6,Agri Land,,4152,31.61
302921,81,Settlement,,1157,8.81
302921,83,River,,5105,38.86
302921,113,,,4,0.03
302903,1,Agri Land,,611,4.6
302903,2,Agri Land,,339,2.56
302903,3,Agri Land,,1931,14.55
302903,4,Agri Land,,2831,21.34
302903,5,Agri Land,,191,1.44
302903,6,Agri Land,,122,0.92
302903,7,Agri Land,,74,0.56
302903,8,Agri Land,,421,3.18
302903,9,Agri Land,,1008,7.6
302903,10,Agri Land,,1168,8.81
302903,81,Settlement,,3269,24.64
302903,83,River,,1007,7.59
302903,84,,,199,1.5
302903,112,Waterbody,,84,0.63
302903,113,,,12,0.09
302918,1,Agri Land,,4773,17.25
302918,2,Agri Land,,4816,17.41
302918,3,Agri Land,,2077,7.51
302918,4,Agri Land,,5231,18.91
302918,5,Agri Land,,5978,21.61
302918,6,Agri Land,,516,1.87
302918,7,Agri Land,,194,0.7
302918,8,Agri Land,,513,1.86
302918,81,Settlement,,3008,10.87
302918,83,River,,410,1.48
302918,112,Waterbody,,136,0.49
302918,113,,,12,0.04
302910,1,Agri Land,,1249,5.7
302910,2,Agri Land,,4726,21.59
302910,3,Agri Land,,3717,16.98
302910,4,Agri Land,,3832,17.5
302910,5,Agri Land,,776,3.55
302910,6,Agri Land,,1090,4.98
302910,7,Agri Land,,378,1.73
302910,81,Settlement,,5774,26.37
302910,83,River,,214,0.98
302910,112,Waterbody,,120,0.55
302910,113,,,19,0.09
302947,1,Agri Land,,2075,5.51
302947,2,Agri Land,,4254,11.31
302947,3,Agri Land,,1330,3.54
302947,4,Agri Land,,3483,9.26
302947,5,Agri Land,,4509,11.98
302947,6,Agri Land,,520,1.38
302947,7,Agri Land,,2097,5.57
302947,8,Agri Land,,2259,6
302947,9,Agri Land,,632,1.68
302947,10,Agri Land,,420,1.12
302947,11,,,3027,8.04
302947,12,,,3121,8.29
302947,13,,,891,2.37
302947,81,Settlement,,5728,15.22
302947,83,River,,3178,8.45
302947,112,Waterbody,,89,0.24
302947,113,,,16,0.04
302956,1,Agri Land,,2166,9.22
302956,2,Agri Land,,4011,17.07
302956,3,Agri Land,,951,4.05
302956,4,Agri Land,,3713,15.8
302956,5,Agri Land,,5966,25.39
302956,6,Agri Land,,766,3.26
302956,7,Agri Land,,912,3.88
302956,33,,,50,0.21
302956,81,Settlement,,4045,17.21
302956,83,River,,840,3.57
302956,112,Waterbody,,71,0.3
302956,113,,,10,0.04
302962,1,Agri Land,,156,0.8
302962,2,Agri Land,,304,1.55
302962,3,Agri Land,,978,4.99
302962,4,Agri Land,,790,4.04
302962,5,Agri Land,,2084,10.64
302962,6,Agri Land,,4052,20.7
302962,7,Agri Land,,3845,19.64
302962,8,Agri Land,,3605,18.42
302962,9,Agri Land,,876,4.48
302962,81,Settlement,,2559,13.07
302962,83,River,,147,0.75
302962,112,Waterbody,,173,0.88
302962,113,,,7,0.04
302984,1,Agri Land,,789,2.87
302984,2,Agri Land,,569,2.07
302984,3,Agri Land,,1433,5.21
302984,4,Agri Land,,5676,20.62
302984,5,Agri Land,,279,1.01
302984,6,Agri Land,,1893,6.88
302984,7,Agri Land,,429,1.56
302984,8,Agri Land,,6623,24.06
302984,81,Settlement,,4893,17.78
302984,83,River,,3499,12.71
302984,84,,,1088,3.95
302984,86,,,37,0.13
302984,112,Waterbody,,220,0.8
302984,113,,,61,0.22
302984,119,,,36,0.13
303330,1,Agri Land,,5347,38.88
303330,2,Agri Land,,3522,25.61
303330,3,Agri Land,,296,2.15
303330,4,Agri Land,,78,0.57
303330,6,Agri Land,,394,2.86
303330,7,Agri Land,,320,2.32
303330,8,Agri Land,,96,0.7
303330,9,Agri Land,,62,0.45
303330,10,Agri Land,,3221,23.42
303330,11,,,132,0.96
303330,81,Settlement,,262,1.9
303330,83,River,,9,0.07
303330,113,,,15,0.11
302990,1,Agri Land,,1683,8.95
302990,2,Agri Land,,1596,8.49
302990,3,Agri Land,,588,3.13
302990,4,Agri Land,,516,2.74
302990,5,Agri Land,,5908,31.42
302990,6,Agri Land,,3893,20.71
302990,7,Agri Land,,1154,6.14
302990,8,Agri Land,,571,3.04
302990,81,Settlement,,2578,13.71
302990,83,River,,173,0.92
302990,112,Waterbody,,140,0.75
303332,1,Agri Land,,2611,8.34
303332,2,Agri Land,,6002,19.17
303332,3,Agri Land,,5823,18.6
303332,4,Agri Land,,2707,8.65
303332,5,Agri Land,,2371,7.58
303332,6,Agri Land,,2558,8.17
303332,7,Agri Land,,1097,3.5
303332,8,Agri Land,,3661,11.7
303332,9,Agri Land,,925,2.95
303332,81,Settlement,,2098,6.7
303332,83,River,,470,1.5
303332,112,Waterbody,,934,2.98
303332,113,,,45,0.14
303331,1,Agri Land,,881,2.74
303331,2,Agri Land,,2699,8.41
303331,3,Agri Land,,5446,16.96
303331,4,Agri Land,,102,0.32
303331,5,Agri Land,,2442,7.61
303331,6,Agri Land,,2082,6.49
303331,81,Settlement,,17769,55.35
303331,83,River,,237,0.74
303331,112,Waterbody,,290,0.9
303331,113,,,157,0.49
303334,1,Agri Land,,2444,11.01
303334,2,Agri Land,,406,1.83
303334,3,Agri Land,,755,3.4
303334,4,Agri Land,,1774,7.99
303334,5,Agri Land,,1728,7.78
303334,6,Agri Land,,266,1.2
303334,7,Agri Land,,228,1.03
303334,8,Agri Land,,1992,8.97
303334,9,Agri Land,,341,1.54
303334,10,Agri Land,,176,0.79
303334,11,,,1187,5.35
303334,80,,,8,0.04
303334,81,Settlement,,9556,43.05
303334,83,River,,469,2.11
303334,86,,,51,0.23
303334,112,Waterbody,,564,2.54
303334,113,,,72,0.32
303334,119,,,184,0.83
303336,1,Agri Land,,1747,4.83
303336,2,Agri Land,,1518,4.19
303336,3,Agri Land,,1381,3.82
303336,4,Agri Land,,364,1
303336,5,Agri Land,,3081,8.51
303336,6,Agri Land,,2516,6.95
303336,7,Agri Land,,1826,5.04
303336,8,Agri Land,,535,1.48
303336,9,Agri Land,,1603,4.43
303336,10,Agri Land,,1288,3.56
303336,11,,,133,0.37
303336,81,Settlement,,17322,47.85
303336,83,River,,983,2.72
303336,84,,,7,0.02
303336,85,Forest,,624,1.72
303336,86,,,157,0.43
303336,112,Waterbody,,377,1.04
303336,113,,,7,0.02
303336,115,,,733,2.02
303386,1,Agri Land,,13616,29.58
303386,2,Agri Land,,4737,10.29
303386,3,Agri Land,,426,0.93
303386,4,Agri Land,,9664,21
303386,5,Agri Land,,6598,14.34
303386,6,Agri Land,,4154,9.02
303386,7,Agri Land,,950,2.06
303386,8,Agri Land,,3676,7.99
303386,9,Agri Land,,163,0.35
303386,81,Settlement,,1693,3.68
303386,83,River,,263,0.57
303386,112,Waterbody,,49,0.11
303386,113,,,39,0.08
303558,1,Agri Land,,650,2.09
303558,2,Agri Land,,659,2.12
303558,3,Agri Land,,1865,5.99
303558,4,Agri Land,,6846,21.98
303558,5,Agri Land,,402,1.29
303558,6,Agri Land,,637,2.04
303558,7,Agri Land,,244,0.78
303558,8,Agri Land,,6228,19.99
303558,9,Agri Land,,2444,7.84
303558,10,Agri Land,,695,2.23
303558,11,,,4090,13.13
303558,81,Settlement,,6078,19.51
303558,83,River,,232,0.75
303558,112,Waterbody,,35,0.11
303558,113,,,49,0.16
303543,1,Agri Land,,1454,5
303543,2,Agri Land,,2390,8.23
303543,3,Agri Land,,2524,8.69
303543,4,Agri Land,,1922,6.62
303543,5,Agri Land,,562,1.94
303543,6,Agri Land,,6457,22.23
303543,7,Agri Land,,4446,15.3
303543,8,Agri Land,,2927,10.08
303543,81,Settlement,,5916,20.37
303543,83,River,,451,1.55
303591,1,Agri Land,,316,2.47
303591,2,Agri Land,,1080,8.46
303591,3,Agri Land,,790,6.19
303591,4,Agri Land,,236,1.85
303591,5,Agri Land,,362,2.84
303591,6,Agri Land,,1412,11.06
303591,7,Agri Land,,3255,25.5
303591,8,Agri Land,,1974,15.47
303591,81,Settlement,,2013,15.77
303591,83,River,,431,3.38
303591,86,,,10,0.08
303591,112,Waterbody,,239,1.87
303591,113,,,19,0.15
303591,119,,,629,4.93
303551,1,Agri Land,,385,1.04
303551,2,Agri Land,,5370,14.54
303551,3,Agri Land,,2374,6.43
303551,4,Agri Land,,1277,3.46
303551,5,Agri Land,,1433,3.88
303551,6,Agri Land,,6652,18.01
303551,7,Agri Land,,7595,20.57
303551,8,Agri Land,,1815,4.92
303551,81,Settlement,,7153,19.37
303551,83,River,,535,1.45
303551,112,Waterbody,,743,2.01
303551,113,,,58,0.16
303551,119,,,1534,4.16
304806,1,Agri Land,,4046,21.43
304806,2,Agri Land,,2389,12.65
304806,3,Agri Land,,1384,7.33
304806,4,Agri Land,,2377,12.59
304806,5,Agri Land,,1010,5.35
304806,6,Agri Land,,476,2.52
304806,7,Agri Land,,1082,5.73
304806,8,Agri Land,,2435,12.9
304806,81,Settlement,,1750,9.27
304806,83,River,,1522,8.06
304806,112,Waterbody,,391,2.07
304806,113,,,16,0.08
304827,1,Agri Land,,4237,34.98
304827,2,Agri Land,,699,5.77
304827,3,Agri Land,,2457,20.29
304827,4,Agri Land,,407,3.36
304827,5,Agri Land,,703,5.8
304827,6,Agri Land,,147,1.22
304827,7,Agri Land,,893,7.37
304827,8,Agri Land,,1086,8.97
304827,81,Settlement,,1184,9.78
304827,83,River,,191,1.58
304827,112,Waterbody,,105,0.87
304827,113,,,3,0.02
304849,1,Agri Land,,539,3.1
304849,2,Agri Land,,2105,12.12
304849,3,Agri Land,,6088,35.07
304849,4,Agri Land,,1495,8.61
304849,5,Agri Land,,2137,12.31
304849,6,Agri Land,,117,0.68
304849,81,Settlement,,4767,27.46
304849,83,River,,55,0.32
304849,112,Waterbody,,43,0.25
304849,113,,,16,0.09
304842,1,Agri Land,,4297,21.23
304842,2,Agri Land,,5394,26.65
304842,3,Agri Land,,1902,9.4
304842,4,Agri Land,,676,3.34
304842,5,Agri Land,,1351,6.68
304842,6,Agri Land,,815,4.03
304842,7,Agri Land,,939,4.64
304842,8,Agri Land,,968,4.78
304842,9,Agri Land,,669,3.31
304842,10,Agri Land,,678,3.35
304842,81,Settlement,,1998,9.87
304842,83,River,,357,1.76
304842,112,Waterbody,,193,0.95
304845,1,Agri Land,,628,2.92
304845,2,Agri Land,,3356,15.62
304845,3,Agri Land,,2798,13.02
304845,4,Agri Land,,775,3.61
304845,5,Agri Land,,2540,11.82
304845,6,Agri Land,,3526,16.41
304845,7,Agri Land,,104,0.48
304845,8,Agri Land,,115,0.54
304845,9,Agri Land,,377,1.75
304845,10,Agri Land,,821,3.82
304845,81,Settlement,,5366,24.97
304845,83,River,,182,0.85
304845,86,,,30,0.14
304845,112,Waterbody,,332,1.55
304845,113,,,125,0.58
304845,119,,,411,1.91
304833,1,Agri Land,,1311,3.36
304833,2,Agri Land,,120,0.31
304833,3,Agri Land,,5165,13.23
304833,4,Agri Land,,2442,6.25
304833,5,Agri Land,,16648,42.64
304833,6,Agri Land,,448,1.15
304833,7,Agri Land,,7119,18.23
304833,8,Agri Land,,1594,4.08
304833,81,Settlement,,1233,3.16
304833,83,River,,2086,5.34
304833,86,,,9,0.02
304833,112,Waterbody,,818,2.09
304833,113,,,33,0.09
304833,119,,,21,0.05
304859,1,Agri Land,,4737,21.29
304859,2,Agri Land,,4346,19.53
304859,3,Agri Land,,1579,7.1
304859,4,Agri Land,,9347,42
304859,81,Settlement,,811,3.65
304859,83,River,,987,4.44
304859,112,Waterbody,,420,1.89
304859,113,,,26,0.12
304876,1,Agri Land,,1291,6.42
304876,2,Agri Land,,1034,5.14
304876,3,Agri Land,,1132,5.63
304876,4,Agri Land,,681,3.38
304876,5,Agri Land,,5859,29.12
304876,6,Agri Land,,1246,6.19
304876,7,Agri Land,,5671,28.18
304876,81,Settlement,,1136,5.65
304876,83,River,,1627,8.09
304876,84,,,17,0.09
304876,86,,,20,0.1
304876,112,Waterbody,,303,1.51
304876,113,,,54,0.27
304876,119,,,51,0.25
304879,1,Agri Land,,75,0.42
304879,2,Agri Land,,253,1.44
304879,3,Agri Land,,473,2.69
304879,4,Agri Land,,2416,13.73
304879,5,Agri Land,,3336,18.96
304879,6,Agri Land,,2094,11.9
304879,7,Agri Land,,559,3.17
304879,8,Agri Land,,1002,5.69
304879,9,Agri Land,,423,2.41
304879,10,Agri Land,,138,0.79
304879,11,,,699,3.97
304879,81,Settlement,,5872,33.37
304879,83,River,,141,0.8
304879,86,,,15,0.09
304879,112,Waterbody,,45,0.26
304879,113,,,54,0.3
304892,1,Agri Land,,119,0.82
304892,2,Agri Land,,1692,11.67
304892,3,Agri Land,,1789,12.33
304892,4,Agri Land,,1625,11.21
304892,5,Agri Land,,1742,12.01
304892,6,Agri Land,,1609,11.09
304892,7,Agri Land,,732,5.05
304892,8,Agri Land,,948,6.53
304892,9,Agri Land,,720,4.96
304892,10,Agri Land,,2069,14.26
304892,81,Settlement,,1323,9.13
304892,82,,,27,0.18
304892,83,River,,108,0.75
305418,1,Agri Land,,50,0.65
305418,2,Agri Land,,708,9.24
305418,5,Agri Land,,2939,38.37
305418,6,Agri Land,,1131,14.77
305418,81,Settlement,,2611,34.08
305418,83,River,,28,0.37
305418,86,,,6,0.08
305418,113,,,187,2.44
305480,1,Agri Land,,1539,6.5
305480,2,Agri Land,,5855,24.73
305480,3,Agri Land,,5058,21.37
305480,4,Agri Land,,233,0.98
305480,5,Agri Land,,372,1.57
305480,6,Agri Land,,2564,10.83
305480,7,Agri Land,,964,4.07
305480,8,Agri Land,,1114,4.71
305480,9,Agri Land,,246,1.04
305480,10,Agri Land,,1049,4.43
305480,11,,,1886,7.97
305480,81,Settlement,,2461,10.4
305480,83,River,,325,1.37
305480,113,,,6,0.03
305454,1,Agri Land,,292,1.06
305454,2,Agri Land,,395,1.44
305454,3,Agri Land,,2102,7.64
305454,4,Agri Land,,2038,7.41
305454,5,Agri Land,,5714,20.77
305454,6,Agri Land,,4828,17.55
305454,7,Agri Land,,2874,10.44
305454,8,Agri Land,,202,0.74
305454,9,Agri Land,,826,3
305454,10,Agri Land,,369,1.34
305454,11,,,1458,5.3
305454,12,,,585,2.13
305454,13,,,867,3.15
305454,14,,,436,1.58
305454,81,Settlement,,3171,11.52
305454,83,River,,1163,4.23
305454,112,Waterbody,,189,0.69
305454,113,,,7,0.02
305440,1,Agri Land,,1104,5.26
305440,2,Agri Land,,9637,45.97
305440,3,Agri Land,,1014,4.84
305440,4,Agri Land,,1616,7.71
305440,81,Settlement,,6132,29.25
305440,83,River,,1218,5.81
305440,86,,,28,0.13
305440,113,,,214,1.02
305440,118,,,2,0.01
305487,1,Agri Land,,392,1.09
305487,2,Agri Land,,6211,17.29
305487,3,Agri Land,,655,1.82
305487,4,Agri Land,,4247,11.82
305487,5,Agri Land,,105,0.29
305487,6,Agri Land,,67,0.19
305487,7,Agri Land,,181,0.5
305487,8,Agri Land,,1868,5.2
305487,9,Agri Land,,44,0.12
305487,10,Agri Land,,3245,9.03
305487,11,,,696,1.94
305487,81,Settlement,,9113,25.37
305487,83,River,,6537,18.2
305487,84,,,1937,5.39
305487,86,,,84,0.23
305487,112,Waterbody,,418,1.16
305487,113,,,31,0.09
305487,119,,,9,0.02
305487,199,,,87,0.24
305610,1,Agri Land,,1314,6.18
305610,2,Agri Land,,77,0.36
305610,3,Agri Land,,1805,8.48
305610,4,Agri Land,,409,1.92
305610,5,Agri Land,,4434,20.85
305610,6,Agri Land,,672,3.16
305610,7,Agri Land,,6713,31.56
305610,81,Settlement,,2237,10.52
305610,83,River,,3499,16.45
305610,112,Waterbody,,107,0.5
305610,113,,,5,0.02
305646,1,Agri Land,,452,2.08
305646,2,Agri Land,,1943,8.93
305646,3,Agri Land,,3027,13.91
305646,4,Agri Land,,3723,17.11
305646,5,Agri Land,,1440,6.62
305646,6,Agri Land,,2052,9.43
305646,7,Agri Land,,499,2.29
305646,8,Agri Land,,583,2.68
305646,9,Agri Land,,408,1.88
305646,10,Agri Land,,1786,8.21
305646,81,Settlement,,4967,22.82
305646,83,River,,864,3.97
305646,112,Waterbody,,16,0.07
305646,113,,,1,0.01
305628,1,Agri Land,,3121,11.74
305628,2,Agri Land,,2708,10.19
305628,3,Agri Land,,1847,6.95
305628,4,Agri Land,,327,1.23
305628,5,Agri Land,,126,0.47
305628,6,Agri Land,,4676,17.59
305628,81,Settlement,,4125,15.52
305628,83,River,,6896,25.94
305628,84,,,2511,9.44
305628,86,,,12,0.04
305628,112,Waterbody,,193,0.73
305628,113,,,42,0.16
305670,1,Agri Land,,1252,9.02
305670,2,Agri Land,,573,4.13
305670,3,Agri Land,,1975,14.23
305670,4,Agri Land,,1835,13.22
305670,5,Agri Land,,1138,8.2
305670,6,Agri Land,,608,4.38
305670,7,Agri Land,,493,3.55
305670,8,Agri Land,,185,1.33
305670,9,Agri Land,,936,6.74
305670,10,Agri Land,,759,5.47
305670,81,Settlement,,3720,26.8
305670,83,River,,213,1.53
305670,86,,,15,0.11
305670,112,Waterbody,,166,1.19
305670,113,,,6,0.04
305670,119,,,7,0.05
305678,1,Agri Land,,483,2.44
305678,2,Agri Land,,1988,10.02
305678,3,Agri Land,,4643,23.41
305678,4,Agri Land,,1523,7.68
305678,5,Agri Land,,496,2.5
305678,6,Agri Land,,577,2.91
305678,7,Agri Land,,2625,13.23
305678,81,Settlement,,3881,19.56
305678,83,River,,3550,17.9
305678,112,Waterbody,,3,0.01
305678,113,,,20,0.1
305678,125,,,49,0.25
305682,1,Agri Land,,1121,5.23
305682,2,Agri Land,,9401,43.89
305682,3,Agri Land,,2965,13.84
305682,4,Agri Land,,3611,16.86
305682,5,Agri Land,,818,3.82
305682,6,Agri Land,,67,0.31
305682,7,Agri Land,,101,0.47
305682,81,Settlement,,2785,13
305682,83,River,,488,2.28
305682,112,Waterbody,,57,0.27
305682,113,,,2,0.01
305944,1,Agri Land,,161,1.16
305944,2,Agri Land,,138,1
305944,3,Agri Land,,3377,24.38
305944,4,Agri Land,,505,3.65
305944,5,Agri Land,,362,2.61
305944,6,Agri Land,,391,2.83
305944,7,Agri Land,,1215,8.78
305944,8,Agri Land,,14,0.1
305944,9,Agri Land,,799,5.77
305944,10,Agri Land,,1544,11.15
305944,81,Settlement,,949,6.86
305944,83,River,,4376,31.6
305944,113,,,16,0.11
305924,1,Agri Land,,3299,24.46
305924,2,Agri Land,,1944,14.42
305924,3,Agri Land,,648,4.81
305924,4,Agri Land,,815,6.04
305924,5,Agri Land,,553,4.1
305924,81,Settlement,,2932,21.74
305924,83,River,,3243,24.05
305924,86,,,9,0.07
305924,112,Waterbody,,2,0.02
305924,113,,,38,0.28
305924,118,,,2,0.02
305956,1,Agri Land,,1091,6.45
305956,2,Agri Land,,1156,6.83
305956,3,Agri Land,,1197,7.08
305956,4,Agri Land,,5096,30.13
305956,5,Agri Land,,1319,7.8
305956,6,Agri Land,,689,4.07
305956,81,Settlement,,4399,26.01
305956,83,River,,1357,8.02
305956,84,,,565,3.34
305956,112,Waterbody,,4,0.02
305956,113,,,42,0.25
305974,1,Agri Land,,1314,7.31
305974,2,Agri Land,,1787,9.94
305974,3,Agri Land,,459,2.55
305974,4,Agri Land,,1803,10.03
305974,5,Agri Land,,445,2.48
305974,6,Agri Land,,975,5.43
305974,7,Agri Land,,755,4.2
305974,8,Agri Land,,3117,17.34
305974,9,Agri Land,,976,5.43
305974,10,Agri Land,,1310,7.29
305974,11,,,1649,9.17
305974,12,,,210,1.17
305974,81,Settlement,,2187,12.17
305974,83,River,,904,5.03
305974,112,Waterbody,,71,0.4
305974,113,,,10,0.06
305984,1,Agri Land,,87,0.43
305984,2,Agri Land,,1399,6.95
305984,3,Agri Land,,2265,11.26
305984,4,Agri Land,,1183,5.88
305984,5,Agri Land,,5096,25.34
305984,6,Agri Land,,687,3.41
305984,7,Agri Land,,2033,10.11
305984,8,Agri Land,,538,2.67
305984,81,Settlement,,5571,27.69
305984,83,River,,738,3.67
305984,84,,,101,0.5
305984,86,,,6,0.03
305984,113,,,411,2.04
305994,1,Agri Land,,584,5.19
305994,2,Agri Land,,329,2.93
305994,3,Agri Land,,755,6.71
305994,4,Agri Land,,3022,26.87
305994,5,Agri Land,,100,0.89
305994,6,Agri Land,,1001,8.9
305994,7,Agri Land,,1205,10.72
305994,81,Settlement,,3619,32.18
305994,83,River,,588,5.23
305994,84,,,42,0.37
306706,1,Agri Land,,742,18.05
306706,2,Agri Land,,1170,28.45
306706,81,Settlement,,1842,44.79
306706,83,River,,69,1.67
306706,86,,,276,6.71
306706,113,,,14,0.33
306702,1,Agri Land,,1164,6.58
306702,2,Agri Land,,837,4.73
306702,3,Agri Land,,267,1.51
306702,4,Agri Land,,1904,10.76
306702,5,Agri Land,,1474,8.33
306702,6,Agri Land,,995,5.63
306702,7,Agri Land,,1232,6.96
306702,8,Agri Land,,137,0.77
306702,9,Agri Land,,1798,10.16
306702,10,Agri Land,,814,4.6
306702,11,,,1465,8.28
306702,12,,,560,3.16
306702,13,,,352,1.99
306702,81,Settlement,,2279,12.88
306702,83,River,,2395,13.54
306702,112,Waterbody,,12,0.07
306702,113,,,6,0.03
306768,1,Agri Land,,1181,6.41
306768,2,Agri Land,,704,3.82
306768,3,Agri Land,,46,0.25
306768,4,Agri Land,,768,4.17
306768,5,Agri Land,,1219,6.62
306768,6,Agri Land,,244,1.32
306768,7,Agri Land,,2393,12.98
306768,8,Agri Land,,695,3.77
306768,9,Agri Land,,3397,18.43
306768,10,Agri Land,,1320,7.16
306768,81,Settlement,,5612,30.44
306768,83,River,,674,3.66
306768,86,,,46,0.25
306768,105,,,111,0.6
306768,113,,,23,0.13
306704,1,Agri Land,,275,1.5
306704,2,Agri Land,,183,1
306704,3,Agri Land,,1266,6.9
306704,4,Agri Land,,184,1
306704,5,Agri Land,,244,1.33
306704,6,Agri Land,,507,2.76
306704,7,Agri Land,,1448,7.89
306704,8,Agri Land,,2098,11.43
306704,9,Agri Land,,551,3
306704,10,Agri Land,,390,2.13
306704,11,,,1425,7.76
306704,12,,,421,2.29
306704,13,,,408,2.22
306704,14,,,1699,9.26
306704,15,,,728,3.96
306704,16,,,395,2.15
306704,81,Settlement,,2308,12.58
306704,83,River,,2721,14.83
306704,105,,,1063,5.79
306704,113,,,41,0.22
306807,1,Agri Land,,1723,14.48
306807,2,Agri Land,,935,7.86
306807,3,Agri Land,,479,4.02
306807,4,Agri Land,,1162,9.77
306807,5,Agri Land,,620,5.21
306807,6,Agri Land,,129,1.08
306807,7,Agri Land,,2795,23.5
306807,8,Agri Land,,1566,13.16
306807,9,Agri Land,,501,4.21
306807,10,Agri Land,,55,0.46
306807,81,Settlement,,1227,10.31
306807,83,River,,570,4.79
306807,112,Waterbody,,126,1.06
306807,113,,,8,0.07
306860,1,Agri Land,,121,0.54
306860,2,Agri Land,,664,2.99
306860,3,Agri Land,,384,1.73
306860,4,Agri Land,,601,2.71
306860,5,Agri Land,,4065,18.3
306860,6,Agri Land,,702,3.16
306860,7,Agri Land,,1429,6.43
306860,8,Agri Land,,3059,13.77
306860,9,Agri Land,,274,1.23
306860,10,Agri Land,,52,0.24
306860,11,,,1388,6.25
306860,12,,,2950,13.28
306860,13,,,140,0.63
306860,14,,,869,3.91
306860,81,Settlement,,2115,9.52
306860,83,River,,3271,14.72
306860,112,Waterbody,,120,0.54
306860,113,,,11,0.05
306863,1,Agri Land,,9,0.09
306863,2,Agri Land,,259,2.73
306863,3,Agri Land,,708,7.45
306863,4,Agri Land,,1139,11.99
306863,5,Agri Land,,132,1.38
306863,6,Agri Land,,471,4.95
306863,7,Agri Land,,174,1.83
306863,8,Agri Land,,185,1.94
306863,9,Agri Land,,2190,23.05
306863,10,Agri Land,,378,3.98
306863,11,,,513,5.4
306863,81,Settlement,,2439,25.67
306863,83,River,,449,4.72
306863,105,,,450,4.73
306863,112,Waterbody,,5,0.05
306863,113,,,2,0.02
306852,1,Agri Land,,832,4.29
306852,2,Agri Land,,29,0.15
306852,3,Agri Land,,588,3.03
306852,4,Agri Land,,2400,12.37
306852,5,Agri Land,,8059,41.55
306852,6,Agri Land,,1112,5.73
306852,7,Agri Land,,2320,11.96
306852,8,Agri Land,,286,1.47
306852,81,Settlement,,3511,18.1
306852,83,River,,231,1.19
306852,112,Waterbody,,30,0.16
306852,113,,,1,0
308207,1,Agri Land,,1455,6.28
308207,2,Agri Land,,2407,10.38
308207,3,Agri Land,,423,1.83
308207,4,Agri Land,,491,2.12
308207,5,Agri Land,,794,3.42
308207,6,Agri Land,,1638,7.07
308207,7,Agri Land,,2663,11.48
308207,8,Agri Land,,1998,8.62
308207,9,Agri Land,,4874,21.02
308207,81,Settlement,,5455,23.53
308207,83,River,,406,1.75
308207,84,,,50,0.21
308207,86,,,38,0.16
308207,112,Waterbody,,267,1.15
308207,113,,,54,0.23
308207,119,,,172,0.74
306876,1,Agri Land,,3714,17.75
306876,2,Agri Land,,1088,5.2
306876,3,Agri Land,,575,2.75
306876,4,Agri Land,,2169,10.37
306876,5,Agri Land,,353,1.69
306876,6,Agri Land,,1608,7.69
306876,7,Agri Land,,90,0.43
306876,8,Agri Land,,6803,32.51
306876,9,Agri Land,,1960,9.37
306876,10,Agri Land,,131,0.63
306876,81,Settlement,,2051,9.8
306876,83,River,,162,0.77
306876,112,Waterbody,,206,0.98
306876,113,,,14,0.07
306864,1,Agri Land,,211,0.65
306864,2,Agri Land,,110,0.34
306864,3,Agri Land,,5071,15.73
306864,4,Agri Land,,1654,5.13
306864,5,Agri Land,,332,1.03
306864,6,Agri Land,,1911,5.93
306864,7,Agri Land,,1489,4.62
306864,8,Agri Land,,283,0.88
306864,9,Agri Land,,8961,27.79
306864,81,Settlement,,6782,21.04
306864,83,River,,4822,14.96
306864,86,,,77,0.24
306864,112,Waterbody,,362,1.12
306864,113,,,13,0.04
306864,119,,,166,0.51
308247,1,Agri Land,,1221,7.05
308247,2,Agri Land,,1140,6.59
308247,3,Agri Land,,2781,16.06
308247,4,Agri Land,,3708,21.41
308247,5,Agri Land,,2656,15.34
308247,6,Agri Land,,122,0.7
308247,7,Agri Land,,240,1.39
308247,8,Agri Land,,242,1.4
308247,9,Agri Land,,2660,15.36
308247,10,Agri Land,,179,1.03
308247,81,Settlement,,1971,11.38
308247,83,River,,224,1.29
308247,112,Waterbody,,172,0.99
308276,1,Agri Land,,2658,8.1
308276,2,Agri Land,,1370,4.17
308276,3,Agri Land,,7289,22.2
308276,4,Agri Land,,5495,16.74
308276,5,Agri Land,,2807,8.55
308276,6,Agri Land,,1358,4.14
308276,7,Agri Land,,1206,3.67
308276,8,Agri Land,,2220,6.76
308276,81,Settlement,,6426,19.57
308276,83,River,,1885,5.74
308276,112,Waterbody,,93,0.28
308276,113,,,25,0.08
308273,1,Agri Land,,3128,12.09
308273,2,Agri Land,,1204,4.65
308273,3,Agri Land,,223,0.86
308273,4,Agri Land,,5364,20.73
308273,5,Agri Land,,5209,20.13
308273,6,Agri Land,,659,2.55
308273,7,Agri Land,,645,2.49
308273,8,Agri Land,,386,1.49
308273,9,Agri Land,,537,2.08
308273,10,Agri Land,,413,1.6
308273,11,,,3568,13.79
308273,12,,,15,0.06
308273,81,Settlement,,2957,11.43
308273,83,River,,1561,6.03
308273,112,Waterbody,,6,0.02
308273,113,,,4,0.01
308625,1,Agri Land,,1087,11.08
308625,2,Agri Land,,1442,14.7
308625,3,Agri Land,,1174,11.97
308625,4,Agri Land,,1380,14.07
308625,5,Agri Land,,400,4.08
308625,6,Agri Land,,954,9.73
308625,7,Agri Land,,341,3.47
308625,81,Settlement,,2838,28.94
308625,83,River,,175,1.78
308625,113,,,18,0.18
308614,1,Agri Land,,5606,20.19
308614,2,Agri Land,,5089,18.33
308614,3,Agri Land,,617,2.22
308614,4,Agri Land,,4213,15.17
308614,5,Agri Land,,370,1.33
308614,6,Agri Land,,595,2.14
308614,81,Settlement,,6775,24.4
308614,83,River,,3518,12.67
308614,84,,,142,0.51
308614,86,,,22,0.08
308614,112,Waterbody,,44,0.16
308614,113,,,80,0.29
308614,119,,,697,2.51
308669,1,Agri Land,,2076,11.9
308669,2,Agri Land,,5303,30.38
308669,3,Agri Land,,3860,22.12
308669,4,Agri Land,,710,4.07
308669,5,Agri Land,,205,1.17
308669,6,Agri Land,,474,2.71
308669,7,Agri Land,,947,5.43
308669,81,Settlement,,3664,20.99
308669,83,River,,196,1.12
308669,112,Waterbody,,17,0.1
308669,113,,,2,0.01
308665,1,Agri Land,,138,0.59
308665,2,Agri Land,,601,2.57
308665,3,Agri Land,,2039,8.74
308665,4,Agri Land,,965,4.14
308665,5,Agri Land,,642,2.75
308665,6,Agri Land,,320,1.37
308665,7,Agri Land,,2358,10.11
308665,8,Agri Land,,2511,10.77
308665,9,Agri Land,,1767,7.57
308665,10,Agri Land,,2404,10.31
308665,11,,,605,2.59
308665,81,Settlement,,5089,21.81
308665,83,River,,3838,16.45
308665,112,Waterbody,,1,0
308665,113,,,52,0.22
308636,1,Agri Land,,604,3.34
308636,2,Agri Land,,1532,8.46
308636,3,Agri Land,,826,4.56
308636,4,Agri Land,,2769,15.29
308636,5,Agri Land,,973,5.37
308636,6,Agri Land,,4067,22.46
308636,7,Agri Land,,656,3.62
308636,8,Agri Land,,313,1.73
308636,81,Settlement,,4221,23.32
308636,83,River,,1605,8.86
308636,84,,,25,0.14
308636,86,,,44,0.24
308636,112,Waterbody,,1,0
308636,113,,,154,0.85
308636,119,,,315,1.74
308694,1,Agri Land,,1051,4.43
308694,2,Agri Land,,1399,5.9
308694,3,Agri Land,,178,0.75
308694,4,Agri Land,,717,3.02
308694,5,Agri Land,,1337,5.64
308694,6,Agri Land,,2503,10.55
308694,7,Agri Land,,2210,9.32
308694,8,Agri Land,,2807,11.83
308694,81,Settlement,,4565,19.24
308694,83,River,,5110,21.54
308694,84,,,1670,7.04
308694,86,,,32,0.14
308694,112,Waterbody,,109,0.46
308694,113,,,35,0.15
309309,1,Agri Land,,2663,17.07
309309,2,Agri Land,,1812,11.62
309309,3,Agri Land,,2505,16.06
309309,4,Agri Land,,2940,18.84
309309,5,Agri Land,,3023,19.37
309309,6,Agri Land,,397,2.55
309309,81,Settlement,,1959,12.56
309309,82,,,272,1.75
309309,83,River,,30,0.19
309319,1,Agri Land,,3096,13.04
309319,2,Agri Land,,1806,7.6
309319,3,Agri Land,,802,3.38
309319,4,Agri Land,,78,0.33
309319,5,Agri Land,,3666,15.43
309319,6,Agri Land,,5313,22.37
309319,7,Agri Land,,3062,12.89
309319,81,Settlement,,1949,8.21
309319,83,River,,3902,16.43
309319,112,Waterbody,,73,0.31
309319,113,,,4,0.01
309325,1,Agri Land,,86,0.63
309325,2,Agri Land,,2160,15.7
309325,3,Agri Land,,6846,49.74
309325,4,Agri Land,,1037,7.53
309325,5,Agri Land,,1005,7.3
309325,6,Agri Land,,227,1.65
309325,7,Agri Land,,155,1.13
309325,81,Settlement,,2021,14.68
309325,83,River,,105,0.77
309325,112,Waterbody,,118,0.86
309325,113,,,3,0.02
309323,1,Agri Land,,5448,32.3
309323,2,Agri Land,,2089,12.39
309323,3,Agri Land,,242,1.44
309323,4,Agri Land,,2768,16.41
309323,5,Agri Land,,96,0.57
309323,6,Agri Land,,1199,7.11
309323,81,Settlement,,4748,28.15
309323,83,River,,167,0.99
309323,84,,,108,0.64
309338,1,Agri Land,,1484,7.8
309338,2,Agri Land,,2730,14.36
309338,3,Agri Land,,4487,23.6
309338,4,Agri Land,,1882,9.9
309338,5,Agri Land,,293,1.54
309338,6,Agri Land,,344,1.81
309338,7,Agri Land,,1863,9.79
309338,8,Agri Land,,200,1.05
309338,81,Settlement,,5504,28.95
309338,83,River,,205,1.08
309338,86,,,19,0.1
309338,112,Waterbody,,5,0.02
309338,113,,,1,0
309347,1,Agri Land,,255,0.85
309347,2,Agri Land,,11636,38.74
309347,3,Agri Land,,3456,11.51
309347,4,Agri Land,,1767,5.88
309347,5,Agri Land,,1328,4.42
309347,6,Agri Land,,2095,6.98
309347,7,Agri Land,,1343,4.47
309347,81,Settlement,,5274,17.56
309347,83,River,,2069,6.89
309347,112,Waterbody,,798,2.66
309347,113,,,15,0.05
309328,1,Agri Land,,12375,27.31
309328,2,Agri Land,,2625,5.79
309328,3,Agri Land,,2492,5.5
309328,4,Agri Land,,1318,2.91
309328,5,Agri Land,,608,1.34
309328,6,Agri Land,,2457,5.42
309328,7,Agri Land,,734,1.62
309328,8,Agri Land,,1282,2.83
309328,9,Agri Land,,1306,2.88
309328,10,Agri Land,,4492,9.91
309328,11,,,1920,4.24
309328,12,,,1903,4.2
309328,13,,,1263,2.79
309328,14,,,5251,11.59
309328,15,,,2006,4.43
309328,81,Settlement,,2100,4.64
309328,83,River,,674,1.49
309328,112,Waterbody,,459,1.01
309328,113,,,40,0.09
309366,1,Agri Land,,4812,13.12
309366,2,Agri Land,,667,1.82
309366,3,Agri Land,,3347,9.13
309366,4,Agri Land,,601,1.64
309366,5,Agri Land,,2617,7.14
309366,6,Agri Land,,879,2.4
309366,7,Agri Land,,3338,9.1
309366,8,Agri Land,,3547,9.67
309366,9,Agri Land,,7634,20.81
309366,10,Agri Land,,3382,9.22
309366,11,,,845,2.3
309366,12,,,464,1.27
309366,13,,,141,0.38
309366,14,,,269,0.73
309366,81,Settlement,,3221,8.78
309366,83,River,,624,1.7
309366,112,Waterbody,,262,0.71
309366,113,,,28,0.08
309357,1,Agri Land,,10650,28.34
309357,2,Agri Land,,731,1.95
309357,3,Agri Land,,193,0.51
309357,4,Agri Land,,501,1.33
309357,5,Agri Land,,137,0.36
309357,6,Agri Land,,1516,4.03
309357,7,Agri Land,,3549,9.45
309357,8,Agri Land,,246,0.66
309357,9,Agri Land,,1502,4
309357,10,Agri Land,,5446,14.49
309357,11,,,875,2.33
309357,81,Settlement,,2464,6.56
309357,83,River,,235,0.62
309357,85,Forest,,9180,24.43
309357,112,Waterbody,,335,0.89
309357,113,,,18,0.05
309376,1,Agri Land,,3711,14.31
309376,2,Agri Land,,4354,16.79
309376,3,Agri Land,,2860,11.03
309376,4,Agri Land,,3855,14.87
309376,5,Agri Land,,524,2.02
309376,6,Agri Land,,4116,15.87
309376,7,Agri Land,,1213,4.68
309376,81,Settlement,,4363,16.82
309376,83,River,,626,2.41
309376,112,Waterbody,,302,1.16
309376,113,,,7,0.03
309395,1,Agri Land,,1287,4.27
309395,2,Agri Land,,959,3.18
309395,3,Agri Land,,565,1.88
309395,4,Agri Land,,1675,5.56
309395,5,Agri Land,,3974,13.18
309395,6,Agri Land,,670,2.22
309395,7,Agri Land,,9400,31.19
309395,81,Settlement,,9072,30.1
309395,83,River,,1712,5.68
309395,84,,,732,2.43
309395,86,,,2,0.01
309395,112,Waterbody,,89,0.29
309395,113,,,1,0
400108,1,Agri Land,,329,1.04
400108,2,Agri Land,,1492,4.73
400108,3,Agri Land,,3549,11.25
400108,4,Agri Land,,1924,6.1
400108,5,Agri Land,,5520,17.5
400108,6,Agri Land,,6351,20.14
400108,7,Agri Land,,2531,8.03
400108,8,Agri Land,,313,0.99
400108,81,Settlement,,8484,26.91
400108,83,River,,960,3.04
400108,112,Waterbody,,21,0.07
400108,113,,,58,0.18
309385,1,Agri Land,,2510,5.77
309385,2,Agri Land,,3542,8.14
309385,3,Agri Land,,2467,5.67
309385,4,Agri Land,,7829,17.99
309385,5,Agri Land,,4566,10.49
309385,6,Agri Land,,421,0.97
309385,7,Agri Land,,667,1.53
309385,8,Agri Land,,1279,2.94
309385,9,Agri Land,,1405,3.23
309385,10,Agri Land,,75,0.17
309385,80,,,95,0.22
309385,81,Settlement,,18338,42.14
309385,83,River,,171,0.39
309385,86,,,20,0.05
309385,112,Waterbody,,46,0.11
309385,113,,,25,0.06
309385,119,,,57,0.13
400134,1,Agri Land,,3205,20.22
400134,2,Agri Land,,804,5.07
400134,3,Agri Land,,809,5.1
400134,4,Agri Land,,1262,7.96
400134,5,Agri Land,,264,1.66
400134,6,Agri Land,,3978,25.09
400134,7,Agri Land,,816,5.14
400134,81,Settlement,,4420,27.88
400134,83,River,,282,1.78
400134,113,,,15,0.09
400114,1,Agri Land,,5519,28.18
400114,2,Agri Land,,581,2.96
400114,3,Agri Land,,918,4.69
400114,4,Agri Land,,1529,7.8
400114,5,Agri Land,,1052,5.37
400114,6,Agri Land,,1229,6.27
400114,7,Agri Land,,1209,6.17
400114,8,Agri Land,,3469,17.71
400114,81,Settlement,,3387,17.3
400114,83,River,,664,3.39
400114,112,Waterbody,,29,0.15
400138,1,Agri Land,,261,2.09
400138,2,Agri Land,,960,7.68
400138,3,Agri Land,,473,3.79
400138,4,Agri Land,,12,0.09
400138,5,Agri Land,,709,5.68
400138,6,Agri Land,,5725,45.82
400138,81,Settlement,,4075,32.61
400138,83,River,,279,2.23
400138,113,,,1,0.01
400156,1,Agri Land,,1022,5.79
400156,2,Agri Land,,2651,15.01
400156,3,Agri Land,,1784,10.1
400156,4,Agri Land,,2558,14.48
400156,5,Agri Land,,205,1.16
400156,6,Agri Land,,5726,32.43
400156,81,Settlement,,3191,18.07
400156,83,River,,522,2.95
400158,1,Agri Land,,64,0.04
400158,2,Agri Land,,759,0.52
400158,3,Agri Land,,402,0.27
400158,4,Agri Land,,6508,4.44
400158,5,Agri Land,,4679,3.19
400158,6,Agri Land,,179,0.12
400158,55,,,52,0.04
400158,81,Settlement,,4503,3.07
400158,83,River,,25968,17.71
400158,85,Forest,,103437,70.55
400158,113,,,61,0.04
401807,1,Agri Land,,13453,36.83
401807,2,Agri Land,,3471,9.5
401807,3,Agri Land,,668,1.83
401807,4,Agri Land,,2041,5.59
401807,5,Agri Land,,6325,17.32
401807,6,Agri Land,,2575,7.05
401807,7,Agri Land,,1346,3.69
401807,81,Settlement,,5223,14.3
401807,83,River,,665,1.82
401807,112,Waterbody,,760,2.08
400177,1,Agri Land,,125,0.14
400177,2,Agri Land,,1541,1.71
400177,3,Agri Land,,3410,3.77
400177,4,Agri Land,,1954,2.16
400177,5,Agri Land,,1389,1.54
400177,6,Agri Land,,173,0.19
400177,81,Settlement,,4583,5.07
400177,83,River,,27162,30.07
400177,85,Forest,,49990,55.34
400177,113,,,3,0
400160,1,Agri Land,,1447,3.27
400160,2,Agri Land,,1108,2.5
400160,3,Agri Land,,378,0.85
400160,4,Agri Land,,12255,27.7
400160,5,Agri Land,,1770,4
400160,6,Agri Land,,6162,13.93
400160,7,Agri Land,,4718,10.66
400160,81,Settlement,,14300,32.32
400160,83,River,,2096,4.74
400160,113,,,7,0.02
401823,1,Agri Land,,6986,23.9
401823,2,Agri Land,,5576,19.08
401823,3,Agri Land,,473,1.62
401823,4,Agri Land,,1403,4.8
401823,5,Agri Land,,5509,18.85
401823,6,Agri Land,,797,2.73
401823,7,Agri Land,,2283,7.81
401823,81,Settlement,,5320,18.2
401823,83,River,,356,1.22
401823,86,,,53,0.18
401823,112,Waterbody,,434,1.48
401823,113,,,39,0.13
400173,1,Agri Land,,325,1.17
400173,2,Agri Land,,414,1.49
400173,3,Agri Land,,55,0.2
400173,4,Agri Land,,356,1.28
400173,5,Agri Land,,13057,47.05
400173,6,Agri Land,,3326,11.98
400173,7,Agri Land,,747,2.69
400173,81,Settlement,,6941,25.01
400173,83,River,,2307,8.31
400173,112,Waterbody,,226,0.81
401855,1,Agri Land,,4168,21
401855,2,Agri Land,,553,2.78
401855,3,Agri Land,,2942,14.82
401855,4,Agri Land,,791,3.99
401855,5,Agri Land,,748,3.77
401855,6,Agri Land,,4057,20.44
401855,7,Agri Land,,2242,11.3
401855,8,Agri Land,,798,4.02
401855,81,Settlement,,2898,14.6
401855,83,River,,363,1.83
401855,112,Waterbody,,282,1.42
401855,113,,,7,0.04
404104,1,Agri Land,,2671,10.97
404104,2,Agri Land,,4858,19.94
404104,3,Agri Land,,1321,5.42
404104,4,Agri Land,,820,3.37
404104,5,Agri Land,,3318,13.62
404104,6,Agri Land,,276,1.13
404104,7,Agri Land,,879,3.61
404104,8,Agri Land,,1543,6.33
404104,9,Agri Land,,728,2.99
404104,10,Agri Land,,1137,4.67
404104,81,Settlement,,6322,25.95
404104,83,River,,311,1.28
404104,112,Waterbody,,161,0.66
404104,113,,,14,0.06
401831,1,Agri Land,,277,0.92
401831,2,Agri Land,,4934,16.42
401831,3,Agri Land,,2489,8.29
401831,4,Agri Land,,3836,12.77
401831,5,Agri Land,,3322,11.06
401831,6,Agri Land,,6239,20.77
401831,7,Agri Land,,122,0.41
401831,8,Agri Land,,1505,5.01
401831,9,Agri Land,,456,1.52
401831,81,Settlement,,5177,17.23
401831,83,River,,229,0.76
401831,85,Forest,,554,1.84
401831,86,,,106,0.35
401831,112,Waterbody,,656,2.19
401831,113,,,98,0.33
401831,119,,,42,0.14
404109,1,Agri Land,,48,0.17
404109,2,Agri Land,,1083,3.93
404109,3,Agri Land,,1200,4.36
404109,4,Agri Land,,5853,21.26
404109,5,Agri Land,,1458,5.3
404109,6,Agri Land,,8169,29.67
404109,7,Agri Land,,1638,5.95
404109,8,Agri Land,,326,1.18
404109,81,Settlement,,7264,26.38
404109,82,,,310,1.13
404109,83,River,,182,0.66
404147,1,Agri Land,,1503,3.45
404147,2,Agri Land,,441,1.01
404147,3,Agri Land,,961,2.2
404147,4,Agri Land,,534,1.23
404147,5,Agri Land,,1461,3.35
404147,6,Agri Land,,15885,36.43
404147,7,Agri Land,,4140,9.49
404147,8,Agri Land,,4621,10.6
404147,9,Agri Land,,2409,5.53
404147,10,Agri Land,,479,1.1
404147,11,,,319,0.73
404147,12,,,107,0.25
404147,81,Settlement,,9342,21.43
404147,83,River,,812,1.86
404147,112,Waterbody,,546,1.25
404147,113,,,40,0.09
404123,1,Agri Land,,7647,24.93
404123,2,Agri Land,,1726,5.62
404123,3,Agri Land,,1766,5.76
404123,4,Agri Land,,1035,3.37
404123,5,Agri Land,,5396,17.59
404123,6,Agri Land,,2385,7.77
404123,7,Agri Land,,329,1.07
404123,8,Agri Land,,1644,5.36
404123,9,Agri Land,,394,1.28
404123,81,Settlement,,6859,22.36
404123,83,River,,778,2.54
404123,112,Waterbody,,674,2.2
404123,113,,,45,0.15
404111,1,Agri Land,,8640,31.68
404111,2,Agri Land,,3993,14.64
404111,3,Agri Land,,2018,7.4
404111,4,Agri Land,,5340,19.58
404111,5,Agri Land,,1118,4.1
404111,6,Agri Land,,1140,4.18
404111,7,Agri Land,,960,3.52
404111,81,Settlement,,2960,10.86
404111,83,River,,319,1.17
404111,112,Waterbody,,759,2.78
404111,113,,,23,0.08
404138,1,Agri Land,,8088,31.96
404138,2,Agri Land,,222,0.88
404138,3,Agri Land,,554,2.19
404138,4,Agri Land,,4612,18.23
404138,5,Agri Land,,2314,9.15
404138,6,Agri Land,,1427,5.64
404138,7,Agri Land,,739,2.92
404138,8,Agri Land,,2049,8.1
404138,9,Agri Land,,1014,4.01
404138,81,Settlement,,3879,15.33
404138,83,River,,376,1.49
404138,113,,,26,0.1
404161,1,Agri Land,,763,1.72
404161,2,Agri Land,,9723,21.99
404161,3,Agri Land,,6751,15.27
404161,4,Agri Land,,7020,15.87
404161,5,Agri Land,,1848,4.18
404161,6,Agri Land,,1659,3.75
404161,7,Agri Land,,1171,2.65
404161,81,Settlement,,14303,32.34
404161,83,River,,134,0.3
404161,112,Waterbody,,821,1.86
404161,113,,,29,0.07
404190,1,Agri Land,,1600,4.68
404190,2,Agri Land,,5278,15.44
404190,3,Agri Land,,4517,13.22
404190,4,Agri Land,,3741,10.95
404190,5,Agri Land,,6620,19.37
404190,6,Agri Land,,2153,6.3
404190,7,Agri Land,,299,0.88
404190,81,Settlement,,8516,24.92
404190,83,River,,766,2.24
404190,112,Waterbody,,615,1.8
404190,113,,,74,0.22
404414,1,Agri Land,,565,2.45
404414,2,Agri Land,,3334,14.49
404414,3,Agri Land,,1417,6.16
404414,4,Agri Land,,453,1.97
404414,5,Agri Land,,1129,4.91
404414,6,Agri Land,,7147,31.07
404414,7,Agri Land,,597,2.6
404414,81,Settlement,,6688,29.07
404414,83,River,,1315,5.72
404414,112,Waterbody,,311,1.35
404414,113,,,49,0.21
404433,1,Agri Land,,2237,7.25
404433,2,Agri Land,,5429,17.6
404433,3,Agri Land,,3232,10.48
404433,4,Agri Land,,7873,25.52
404433,5,Agri Land,,1685,5.46
404433,6,Agri Land,,1166,3.78
404433,7,Agri Land,,136,0.44
404433,81,Settlement,,8060,26.13
404433,83,River,,478,1.55
404433,94,,,35,0.11
404433,112,Waterbody,,494,1.6
404433,113,,,23,0.08
404442,1,Agri Land,,4108,24.24
404442,2,Agri Land,,2553,15.07
404442,3,Agri Land,,3678,21.71
404442,4,Agri Land,,574,3.39
404442,5,Agri Land,,1622,9.58
404442,81,Settlement,,3219,19
404442,83,River,,207,1.22
404442,112,Waterbody,,930,5.49
404442,113,,,53,0.31
404419,1,Agri Land,,10937,23.66
404419,2,Agri Land,,6103,13.2
404419,3,Agri Land,,9615,20.8
404419,4,Agri Land,,1352,2.92
404419,5,Agri Land,,4713,10.19
404419,6,Agri Land,,626,1.36
404419,81,Settlement,,12065,26.1
404419,83,River,,314,0.68
404419,86,,,66,0.14
404419,112,Waterbody,,88,0.19
404419,113,,,350,0.76
404471,1,Agri Land,,1795,4.27
404471,2,Agri Land,,8191,19.5
404471,3,Agri Land,,7388,17.59
404471,4,Agri Land,,2701,6.43
404471,5,Agri Land,,953,2.27
404471,6,Agri Land,,5242,12.48
404471,7,Agri Land,,2470,5.88
404471,8,Agri Land,,2686,6.4
404471,81,Settlement,,8551,20.36
404471,83,River,,778,1.85
404471,112,Waterbody,,1203,2.86
404471,113,,,40,0.1
404480,1,Agri Land,,918,2.45
404480,2,Agri Land,,763,2.03
404480,3,Agri Land,,15244,40.65
404480,4,Agri Land,,9829,26.21
404480,5,Agri Land,,489,1.3
404480,6,Agri Land,,39,0.1
404480,7,Agri Land,,46,0.12
404480,81,Settlement,,9150,24.4
404480,83,River,,273,0.73
404480,84,,,167,0.45
404480,86,,,74,0.2
404480,113,,,499,1.33
404480,118,,,10,0.03
404712,1,Agri Land,,215,0.91
404712,2,Agri Land,,304,1.28
404712,3,Agri Land,,505,2.12
404712,4,Agri Land,,433,1.82
404712,5,Agri Land,,15610,65.72
404712,6,Agri Land,,916,3.86
404712,7,Agri Land,,601,2.53
404712,81,Settlement,,2385,10.04
404712,82,,,3,0.01
404712,83,River,,2781,11.71
404717,1,Agri Land,,6498,5.89
404717,2,Agri Land,,6893,6.25
404717,3,Agri Land,,5273,4.78
404717,4,Agri Land,,2061,1.87
404717,5,Agri Land,,680,0.62
404717,81,Settlement,,2849,2.58
404717,83,River,,3835,3.48
404717,85,Forest,,82200,74.53
404717,113,,,3,0
404740,1,Agri Land,,338,4.29
404740,2,Agri Land,,764,9.7
404740,3,Agri Land,,856,10.87
404740,4,Agri Land,,408,5.18
404740,5,Agri Land,,450,5.72
404740,6,Agri Land,,119,1.51
404740,7,Agri Land,,494,6.27
404740,8,Agri Land,,537,6.82
404740,9,Agri Land,,553,7.02
404740,10,Agri Land,,705,8.95
404740,81,Settlement,,2146,27.25
404740,83,River,,412,5.23
404740,112,Waterbody,,88,1.12
404740,113,,,5,0.06
404764,1,Agri Land,,1299,3.43
404764,2,Agri Land,,668,1.77
404764,3,Agri Land,,92,0.24
404764,4,Agri Land,,982,2.6
404764,5,Agri Land,,4093,10.82
404764,6,Agri Land,,1116,2.95
404764,7,Agri Land,,15419,40.77
404764,8,Agri Land,,6175,16.33
404764,81,Settlement,,4340,11.48
404764,83,River,,3629,9.59
404764,112,Waterbody,,5,0.01
404764,113,,,3,0.01
404730,1,Agri Land,,2848,6.21
404730,2,Agri Land,,352,0.77
404730,3,Agri Land,,820,1.79
404730,4,Agri Land,,2312,5.04
404730,5,Agri Land,,16543,36.05
404730,6,Agri Land,,3878,8.45
404730,7,Agri Land,,4910,10.7
404730,8,Agri Land,,3856,8.4
404730,9,Agri Land,,1934,4.21
404730,81,Settlement,,5307,11.57
404730,83,River,,1800,3.92
404730,112,Waterbody,,1329,2.9
404753,1,Agri Land,,3548,2.01
404753,2,Agri Land,,8943,5.08
404753,3,Agri Land,,4392,2.49
404753,4,Agri Land,,571,0.32
404753,81,Settlement,,6575,3.73
404753,83,River,,57005,32.35
404753,85,Forest,,95142,54
404753,113,,,15,0.01
404769,1,Agri Land,,302,3.89
404769,2,Agri Land,,209,2.7
404769,3,Agri Land,,93,1.2
404769,4,Agri Land,,103,1.33
404769,5,Agri Land,,120,1.55
404769,6,Agri Land,,792,10.2
404769,7,Agri Land,,687,8.85
404769,8,Agri Land,,171,2.21
404769,9,Agri Land,,21,0.28
404769,10,Agri Land,,968,12.47
404769,11,,,1607,20.71
404769,12,,,130,1.68
404769,81,Settlement,,2361,30.42
404769,83,River,,189,2.43
404769,113,,,8,0.1
404775,1,Agri Land,,1076,8.96
404775,2,Agri Land,,848,7.06
404775,3,Agri Land,,883,7.35
404775,4,Agri Land,,330,2.74
404775,5,Agri Land,,2738,22.78
404775,6,Agri Land,,386,3.21
404775,7,Agri Land,,2407,20.03
404775,81,Settlement,,2854,23.75
404775,83,River,,491,4.09
404775,113,,,3,0.03
404794,1,Agri Land,,927,4.83
404794,2,Agri Land,,3315,17.28
404794,3,Agri Land,,1510,7.87
404794,4,Agri Land,,778,4.06
404794,5,Agri Land,,1388,7.24
404794,6,Agri Land,,1496,7.8
404794,7,Agri Land,,2558,13.34
404794,8,Agri Land,,5467,28.51
404794,81,Settlement,,1342,7
404794,83,River,,304,1.59
404794,112,Waterbody,,95,0.5
405015,1,Agri Land,,5081,33.95
405015,2,Agri Land,,68,0.45
405015,3,Agri Land,,1510,10.09
405015,4,Agri Land,,926,6.19
405015,5,Agri Land,,1006,6.72
405015,6,Agri Land,,719,4.81
405015,81,Settlement,,2775,18.54
405015,83,River,,2801,18.71
405015,112,Waterbody,,78,0.52
405015,113,,,2,0.02
405079,1,Agri Land,,13226,41.53
405079,2,Agri Land,,406,1.27
405079,3,Agri Land,,1375,4.32
405079,4,Agri Land,,635,2
405079,5,Agri Land,,2933,9.21
405079,6,Agri Land,,5530,17.36
405079,7,Agri Land,,341,1.07
405079,8,Agri Land,,329,1.03
405079,9,Agri Land,,1540,4.83
405079,81,Settlement,,4392,13.79
405079,83,River,,930,2.92
405079,112,Waterbody,,186,0.58
405079,113,,,25,0.08
405071,1,Agri Land,,6336,23.57
405071,2,Agri Land,,6051,22.51
405071,3,Agri Land,,2219,8.25
405071,4,Agri Land,,393,1.46
405071,5,Agri Land,,1215,4.52
405071,6,Agri Land,,2718,10.11
405071,7,Agri Land,,1591,5.92
405071,81,Settlement,,4480,16.66
405071,83,River,,1695,6.3
405071,112,Waterbody,,181,0.67
405071,113,,,8,0.03
405063,1,Agri Land,,1889,17.39
405063,2,Agri Land,,523,4.81
405063,3,Agri Land,,1798,16.56
405063,4,Agri Land,,250,2.3
405063,5,Agri Land,,148,1.36
405063,6,Agri Land,,1386,12.76
405063,7,Agri Land,,1000,9.2
405063,8,Agri Land,,239,2.2
405063,9,Agri Land,,1310,12.06
405063,10,Agri Land,,481,4.43
405063,11,,,52,0.48
405063,81,Settlement,,1254,11.54
405063,83,River,,516,4.75
405063,112,Waterbody,,16,0.15
405039,1,Agri Land,,6534,13.55
405039,2,Agri Land,,10766,22.33
405039,3,Agri Land,,527,1.09
405039,4,Agri Land,,939,1.95
405039,5,Agri Land,,2469,5.12
405039,6,Agri Land,,2872,5.96
405039,7,Agri Land,,7805,16.19
405039,8,Agri Land,,5065,10.51
405039,9,Agri Land,,1020,2.12
405039,81,Settlement,,7486,15.53
405039,83,River,,2379,4.93
405039,112,Waterbody,,340,0.71
405039,113,,,2,0
405094,1,Agri Land,,6198,19.93
405094,2,Agri Land,,3365,10.82
405094,3,Agri Land,,3826,12.3
405094,4,Agri Land,,3711,11.93
405094,5,Agri Land,,3558,11.44
405094,6,Agri Land,,311,1
405094,7,Agri Land,,800,2.57
405094,8,Agri Land,,602,1.94
405094,81,Settlement,,6732,21.65
405094,83,River,,924,2.97
405094,84,,,34,0.11
405094,86,,,129,0.41
405094,112,Waterbody,,48,0.15
405094,113,,,125,0.4
405094,119,,,672,2.16
405094,500,,,63,0.2
405557,1,Agri Land,,1452,3.6
405557,2,Agri Land,,5018,12.44
405557,3,Agri Land,,112,0.28
405557,4,Agri Land,,6259,15.51
405557,5,Agri Land,,6204,15.37
405557,6,Agri Land,,4458,11.05
405557,7,Agri Land,,6579,16.3
405557,8,Agri Land,,1052,2.61
405557,81,Settlement,,8293,20.55
405557,83,River,,734,1.82
405557,112,Waterbody,,148,0.37
405557,113,,,49,0.12
405566,1,Agri Land,,3182,14.13
405566,2,Agri Land,,596,2.65
405566,3,Agri Land,,4400,19.54
405566,4,Agri Land,,2875,12.77
405566,5,Agri Land,,1124,4.99
405566,6,Agri Land,,509,2.26
405566,7,Agri Land,,1585,7.04
405566,81,Settlement,,6948,30.86
405566,83,River,,929,4.13
405566,84,,,271,1.2
405566,112,Waterbody,,75,0.33
405566,113,,,22,0.1
405585,1,Agri Land,,179,0.78
405585,2,Agri Land,,809,3.52
405585,3,Agri Land,,1515,6.59
405585,4,Agri Land,,2721,11.84
405585,5,Agri Land,,4956,21.57
405585,6,Agri Land,,2140,9.31
405585,7,Agri Land,,4100,17.84
405585,8,Agri Land,,889,3.87
405585,81,Settlement,,5251,22.85
405585,83,River,,242,1.05
405585,112,Waterbody,,130,0.56
405585,113,,,48,0.21
405595,1,Agri Land,,283,1.53
405595,2,Agri Land,,3283,17.76
405595,3,Agri Land,,1437,7.77
405595,4,Agri Land,,990,5.36
405595,5,Agri Land,,761,4.12
405595,6,Agri Land,,2292,12.4
405595,7,Agri Land,,1922,10.4
405595,8,Agri Land,,331,1.79
405595,9,Agri Land,,451,2.44
405595,81,Settlement,,5622,30.41
405595,83,River,,1102,5.96
405595,112,Waterbody,,10,0.05
405747,1,Agri Land,,9652,28.2
405747,2,Agri Land,,9350,27.32
405747,3,Agri Land,,882,2.58
405747,4,Agri Land,,9876,28.85
405747,5,Agri Land,,536,1.57
405747,6,Agri Land,,611,1.78
405747,81,Settlement,,2873,8.39
405747,83,River,,204,0.6
405747,112,Waterbody,,238,0.69
405747,113,,,7,0.02
405760,1,Agri Land,,2264,19.89
405760,2,Agri Land,,53,0.47
405760,3,Agri Land,,1017,8.94
405760,4,Agri Land,,989,8.69
405760,5,Agri Land,,95,0.83
405760,6,Agri Land,,332,2.92
405760,7,Agri Land,,1498,13.16
405760,8,Agri Land,,522,4.59
405760,9,Agri Land,,1960,17.22
405760,10,Agri Land,,232,2.04
405760,81,Settlement,,1322,11.61
405760,83,River,,227,2
405760,86,,,52,0.46
405760,101,,,544,4.78
405760,112,Waterbody,,209,1.84
405760,113,,,19,0.17
405760,119,,,46,0.4
405787,1,Agri Land,,5945,22.63
405787,2,Agri Land,,1718,6.54
405787,3,Agri Land,,3465,13.19
405787,4,Agri Land,,1073,4.09
405787,5,Agri Land,,1563,5.95
405787,6,Agri Land,,3715,14.14
405787,7,Agri Land,,773,2.94
405787,8,Agri Land,,1913,7.28
405787,9,Agri Land,,475,1.81
405787,81,Settlement,,4431,16.87
405787,83,River,,266,1.01
405787,86,,,88,0.33
405787,112,Waterbody,,233,0.89
405787,113,,,105,0.4
405787,119,,,507,1.93
406528,1,Agri Land,,2940,9.62
406528,2,Agri Land,,1067,3.49
406528,3,Agri Land,,4472,14.63
406528,4,Agri Land,,3238,10.59
406528,5,Agri Land,,3740,12.23
406528,6,Agri Land,,1286,4.21
406528,7,Agri Land,,1421,4.65
406528,8,Agri Land,,2912,9.52
406528,79,,,1,0
406528,80,,,5,0.02
406528,81,Settlement,,7851,25.68
406528,83,River,,1233,4.03
406528,86,,,168,0.55
406528,113,,,239,0.78
406552,1,Agri Land,,2400,8.17
406552,2,Agri Land,,3618,12.32
406552,3,Agri Land,,1530,5.21
406552,4,Agri Land,,3435,11.7
406552,5,Agri Land,,5679,19.34
406552,6,Agri Land,,954,3.25
406552,7,Agri Land,,2382,8.11
406552,8,Agri Land,,946,3.22
406552,81,Settlement,,6199,21.11
406552,83,River,,1765,6.01
406552,84,,,195,0.66
406552,99,,,43,0.15
406552,112,Waterbody,,218,0.74
406552,113,,,2,0.01
406576,1,Agri Land,,311,0.8
406576,2,Agri Land,,5797,14.82
406576,3,Agri Land,,1277,3.26
406576,4,Agri Land,,3593,9.18
406576,5,Agri Land,,5122,13.09
406576,6,Agri Land,,4436,11.34
406576,7,Agri Land,,2042,5.22
406576,8,Agri Land,,4309,11.01
406576,81,Settlement,,11429,29.21
406576,83,River,,764,1.95
406576,112,Waterbody,,26,0.07
406576,113,,,21,0.05
408704,1,Agri Land,,362,0.96
408704,2,Agri Land,,454,1.2
408704,3,Agri Land,,4020,10.63
408704,4,Agri Land,,12762,33.75
408704,5,Agri Land,,2250,5.95
408704,6,Agri Land,,4188,11.08
408704,7,Agri Land,,2401,6.35
408704,8,Agri Land,,247,0.65
408704,81,Settlement,,6780,17.93
408704,83,River,,4071,10.77
408704,84,,,275,0.73
408725,1,Agri Land,,2820,16.24
408725,2,Agri Land,,272,1.57
408725,3,Agri Land,,621,3.58
408725,4,Agri Land,,1776,10.23
408725,5,Agri Land,,7698,44.33
408725,6,Agri Land,,838,4.83
408725,7,Agri Land,,755,4.35
408725,81,Settlement,,2043,11.76
408725,83,River,,533,3.07
408725,113,,,8,0.05
408743,1,Agri Land,,1178,5.05
408743,2,Agri Land,,8322,35.66
408743,3,Agri Land,,1635,7.01
408743,4,Agri Land,,4031,17.27
408743,5,Agri Land,,1329,5.7
408743,6,Agri Land,,52,0.22
408743,81,Settlement,,6200,26.56
408743,83,River,,451,1.93
408743,112,Waterbody,,94,0.4
408743,113,,,46,0.2
408747,1,Agri Land,,1352,4.1
408747,2,Agri Land,,791,2.4
408747,3,Agri Land,,1539,4.66
408747,4,Agri Land,,605,1.83
408747,5,Agri Land,,6031,18.28
408747,6,Agri Land,,4498,13.63
408747,7,Agri Land,,8084,24.5
408747,8,Agri Land,,3051,9.25
408747,81,Settlement,,5760,17.46
408747,83,River,,1248,3.78
408747,112,Waterbody,,19,0.06
408747,113,,,18,0.06
408782,1,Agri Land,,10051,25.18
408782,2,Agri Land,,7547,18.9
408782,3,Agri Land,,3322,8.32
408782,4,Agri Land,,1800,4.51
408782,5,Agri Land,,3956,9.91
408782,6,Agri Land,,3857,9.66
408782,7,Agri Land,,2253,5.64
408782,81,Settlement,,6675,16.72
408782,83,River,,398,1
408782,112,Waterbody,,65,0.16
408790,1,Agri Land,,1806,5.33
408790,2,Agri Land,,2538,7.48
408790,3,Agri Land,,2350,6.93
408790,4,Agri Land,,648,1.91
408790,5,Agri Land,,334,0.99
408790,6,Agri Land,,337,0.99
408790,7,Agri Land,,2163,6.38
408790,8,Agri Land,,1578,4.65
408790,9,Agri Land,,518,1.53
408790,10,Agri Land,,14235,41.97
408790,81,Settlement,,6707,19.77
408790,83,River,,637,1.88
408790,112,Waterbody,,60,0.18
408790,113,,,4,0.01
408786,1,Agri Land,,2335,1.11
408786,2,Agri Land,,9017,4.28
408786,3,Agri Land,,10606,5.03
408786,4,Agri Land,,1789,0.85
408786,5,Agri Land,,1640,0.78
408786,6,Agri Land,,3708,1.76
408786,7,Agri Land,,3316,1.57
408786,81,Settlement,,8053,3.82
408786,83,River,,6010,2.85
408786,85,Forest,,163932,77.76
408786,112,Waterbody,,394,0.19
408786,113,,,17,0.01
453915,1,Agri Land,,934,3.51
453915,2,Agri Land,,327,1.23
453915,3,Agri Land,,404,1.52
453915,4,Agri Land,,160,0.6
453915,5,Agri Land,,1832,6.88
453915,6,Agri Land,,9202,34.55
453915,7,Agri Land,,1169,4.39
453915,8,Agri Land,,8111,30.45
453915,81,Settlement,,1898,7.13
453915,83,River,,2497,9.38
453915,112,Waterbody,,99,0.37
453929,1,Agri Land,,1303,3.83
453929,2,Agri Land,,2097,6.16
453929,3,Agri Land,,1546,4.55
453929,4,Agri Land,,1203,3.53
453929,5,Agri Land,,974,2.86
453929,6,Agri Land,,6762,19.88
453929,7,Agri Land,,790,2.32
453929,8,Agri Land,,8491,24.96
453929,81,Settlement,,4821,14.17
453929,83,River,,2499,7.34
453929,84,,,3479,10.23
453929,86,,,38,0.11
453929,112,Waterbody,,3,0.01
453929,113,,,13,0.04
453961,1,Agri Land,,579,2.22
453961,2,Agri Land,,505,1.94
453961,3,Agri Land,,3952,15.19
453961,4,Agri Land,,3931,15.11
453961,5,Agri Land,,1049,4.03
453961,6,Agri Land,,2261,8.69
453961,7,Agri Land,,1892,7.27
453961,8,Agri Land,,937,3.6
453961,9,Agri Land,,4921,18.91
453961,10,Agri Land,,804,3.09
453961,11,,,1736,6.67
453961,81,Settlement,,2526,9.71
453961,83,River,,329,1.26
453961,112,Waterbody,,573,2.2
453961,113,,,31,0.12
453936,1,Agri Land,,1293,2.6
453936,2,Agri Land,,2222,4.47
453936,3,Agri Land,,635,1.28
453936,4,Agri Land,,871,1.75
453936,5,Agri Land,,807,1.62
453936,6,Agri Land,,10192,20.49
453936,7,Agri Land,,3504,7.04
453936,8,Agri Land,,5751,11.56
453936,9,Agri Land,,2634,5.29
453936,10,Agri Land,,1031,2.07
453936,11,,,4622,9.29
453936,12,,,2557,5.14
453936,81,Settlement,,11870,23.86
453936,83,River,,505,1.01
453936,84,,,234,0.47
453936,86,,,110,0.22
453936,112,Waterbody,,345,0.69
453936,113,,,121,0.24
453936,119,,,448,0.9
453985,1,Agri Land,,5859,22.52
453985,2,Agri Land,,4509,17.33
453985,3,Agri Land,,532,2.05
453985,4,Agri Land,,617,2.37
453985,5,Agri Land,,564,2.17
453985,6,Agri Land,,174,0.67
453985,7,Agri Land,,6064,23.3
453985,8,Agri Land,,2879,11.07
453985,81,Settlement,,2994,11.51
453985,83,River,,1575,6.06
453985,105,,,46,0.18
453985,112,Waterbody,,201,0.77
453985,113,,,5,0.02
456113,1,Agri Land,,898,2.01
456113,2,Agri Land,,4570,10.23
456113,3,Agri Land,,1968,4.41
456113,4,Agri Land,,2889,6.47
456113,5,Agri Land,,2647,5.93
456113,6,Agri Land,,2353,5.27
456113,7,Agri Land,,3983,8.92
456113,8,Agri Land,,2947,6.6
456113,9,Agri Land,,2943,6.59
456113,10,Agri Land,,3327,7.45
456113,11,,,1063,2.38
456113,12,,,1179,2.64
456113,13,,,2003,4.49
456113,81,Settlement,,6704,15.01
456113,83,River,,158,0.35
456113,85,Forest,,1001,2.24
456113,86,,,50,0.11
456113,105,,,1226,2.75
456113,109,,,189,0.42
456113,112,Waterbody,,94,0.21
456113,113,,,18,0.04
456113,119,,,2438,5.46
456116,1,Agri Land,,209,0.81
456116,2,Agri Land,,8340,32.39
456116,3,Agri Land,,5733,22.26
456116,4,Agri Land,,3253,12.63
456116,5,Agri Land,,462,1.79
456116,6,Agri Land,,2299,8.93
456116,7,Agri Land,,2082,8.08
456116,8,Agri Land,,1792,6.96
456116,9,Agri Land,,435,1.69
456116,81,Settlement,,896,3.48
456116,83,River,,204,0.79
456116,112,Waterbody,,48,0.19
456120,1,Agri Land,,3606,9.1
456120,2,Agri Land,,4878,12.31
456120,3,Agri Land,,1962,4.95
456120,4,Agri Land,,5386,13.59
456120,5,Agri Land,,7095,17.9
456120,6,Agri Land,,11587,29.23
456120,7,Agri Land,,1606,4.05
456120,8,Agri Land,,364,0.92
456120,81,Settlement,,2648,6.68
456120,83,River,,213,0.54
456120,112,Waterbody,,296,0.75
456123,1,Agri Land,,543,1.92
456123,2,Agri Land,,1368,4.85
456123,3,Agri Land,,6528,23.12
456123,4,Agri Land,,8312,29.44
456123,5,Agri Land,,2908,10.3
456123,6,Agri Land,,1228,4.35
456123,7,Agri Land,,205,0.73
456123,8,Agri Land,,504,1.79
456123,9,Agri Land,,1016,3.6
456123,10,Agri Land,,557,1.97
456123,11,,,788,2.79
456123,12,,,412,1.46
456123,81,Settlement,,3583,12.69
456123,83,River,,154,0.55
456123,112,Waterbody,,121,0.43
456123,113,,,3,0.01
456122,1,Agri Land,,683,1.72
456122,2,Agri Land,,2084,5.25
456122,3,Agri Land,,1802,4.53
456122,4,Agri Land,,2353,5.92
456122,5,Agri Land,,571,1.44
456122,6,Agri Land,,5030,12.66
456122,7,Agri Land,,7434,18.71
456122,8,Agri Land,,832,2.09
456122,9,Agri Land,,1173,2.95
456122,10,Agri Land,,1952,4.91
456122,11,,,1902,4.79
456122,12,,,1880,4.73
456122,81,Settlement,,10289,25.9
456122,83,River,,821,2.07
456122,86,,,139,0.35
456122,113,,,780,1.96
456122,118,,,7,0.02
456131,1,Agri Land,,584,2.09
456131,2,Agri Land,,2696,9.64
456131,3,Agri Land,,11497,41.11
456131,4,Agri Land,,1916,6.85
456131,5,Agri Land,,5229,18.7
456131,6,Agri Land,,1231,4.4
456131,7,Agri Land,,527,1.89
456131,8,Agri Land,,676,2.42
456131,9,Agri Land,,392,1.4
456131,10,Agri Land,,450,1.61
456131,81,Settlement,,2431,8.69
456131,83,River,,305,1.09
456131,112,Waterbody,,30,0.11
456152,1,Agri Land,,1674,4.39
456152,2,Agri Land,,2576,6.75
456152,3,Agri Land,,9079,23.81
456152,4,Agri Land,,4444,11.65
456152,5,Agri Land,,3089,8.1
456152,6,Agri Land,,1646,4.32
456152,7,Agri Land,,1079,2.83
456152,8,Agri Land,,228,0.6
456152,9,Agri Land,,245,0.64
456152,10,Agri Land,,155,0.41
456152,11,,,3774,9.9
456152,12,,,3411,8.94
456152,13,,,1183,3.1
456152,81,Settlement,,4385,11.5
456152,83,River,,1086,2.85
456152,112,Waterbody,,79,0.21
456152,113,,,7,0.02
456172,1,Agri Land,,894,2.74
456172,2,Agri Land,,13374,40.98
456172,3,Agri Land,,2109,6.46
456172,4,Agri Land,,2918,8.94
456172,5,Agri Land,,2333,7.15
456172,6,Agri Land,,312,0.96
456172,7,Agri Land,,842,2.58
456172,8,Agri Land,,267,0.82
456172,80,,,11,0.03
456172,81,Settlement,,8714,26.7
456172,83,River,,133,0.41
456172,86,,,57,0.18
456172,112,Waterbody,,296,0.91
456172,113,,,80,0.25
456172,119,,,296,0.91
456165,1,Agri Land,,2313,7.38
456165,2,Agri Land,,259,0.83
456165,3,Agri Land,,1111,3.54
456165,4,Agri Land,,176,0.56
456165,5,Agri Land,,128,0.41
456165,6,Agri Land,,1994,6.36
456165,7,Agri Land,,6969,22.23
456165,8,Agri Land,,11440,36.5
456165,9,Agri Land,,2450,7.81
456165,10,Agri Land,,737,2.35
456165,81,Settlement,,3591,11.45
456165,82,,,180,0.57
456181,1,Agri Land,,1970,6.91
456181,2,Agri Land,,3383,11.86
456181,3,Agri Land,,6161,21.6
456181,4,Agri Land,,3701,12.97
456181,5,Agri Land,,3099,10.86
456181,6,Agri Land,,5935,20.81
456181,7,Agri Land,,105,0.37
456181,81,Settlement,,3233,11.34
456181,83,River,,598,2.1
456181,112,Waterbody,,336,1.18
456188,1,Agri Land,,1069,3.81
456188,2,Agri Land,,12771,45.49
456188,3,Agri Land,,3424,12.2
456188,4,Agri Land,,4507,16.05
456188,5,Agri Land,,1686,6.01
456188,6,Agri Land,,428,1.52
456188,81,Settlement,,3650,13
456188,83,River,,256,0.91
456188,112,Waterbody,,281,1
456188,113,,,4,0.01
457204,1,Agri Land,,2979,15.65
457204,2,Agri Land,,3115,16.37
457204,3,Agri Land,,3276,17.21
457204,4,Agri Land,,1067,5.61
457204,5,Agri Land,,1733,9.11
457204,6,Agri Land,,673,3.54
457204,7,Agri Land,,1296,6.81
457204,8,Agri Land,,711,3.74
457204,81,Settlement,,3169,16.65
457204,83,River,,279,1.47
457204,112,Waterbody,,373,1.96
457204,113,,,359,1.89
457209,1,Agri Land,,1453,6.55
457209,2,Agri Land,,1618,7.29
457209,3,Agri Land,,1069,4.82
457209,4,Agri Land,,7524,33.92
457209,5,Agri Land,,1864,8.41
457209,6,Agri Land,,1382,6.23
457209,7,Agri Land,,2537,11.44
457209,8,Agri Land,,681,3.07
457209,9,Agri Land,,1116,5.03
457209,81,Settlement,,2444,11.02
457209,83,River,,144,0.65
457209,112,Waterbody,,346,1.56
457209,113,,,0,0
456194,1,Agri Land,,1121,3.33
456194,2,Agri Land,,190,0.57
456194,3,Agri Land,,467,1.39
456194,4,Agri Land,,940,2.79
456194,5,Agri Land,,1121,3.33
456194,6,Agri Land,,4542,13.5
456194,7,Agri Land,,13631,40.51
456194,8,Agri Land,,4152,12.34
456194,9,Agri Land,,1895,5.63
456194,10,Agri Land,,818,2.43
456194,11,,,930,2.76
456194,81,Settlement,,3238,9.62
456194,83,River,,428,1.27
456194,112,Waterbody,,170,0.5
456194,113,,,6,0.02
457218,1,Agri Land,,630,2.26
457218,2,Agri Land,,538,1.93
457218,3,Agri Land,,3918,14.07
457218,4,Agri Land,,2546,9.15
457218,5,Agri Land,,2287,8.22
457218,6,Agri Land,,3778,13.57
457218,7,Agri Land,,2477,8.9
457218,8,Agri Land,,1431,5.14
457218,9,Agri Land,,1594,5.73
457218,10,Agri Land,,938,3.37
457218,11,,,183,0.66
457218,12,,,139,0.5
457218,80,,,23,0.08
457218,81,Settlement,,6208,22.3
457218,83,River,,754,2.71
457218,84,,,277,0.99
457218,86,,,4,0.02
457218,112,Waterbody,,43,0.15
457218,113,,,5,0.02
457218,114,,,68,0.24
457247,1,Agri Land,,15491,50.03
457247,2,Agri Land,,5434,17.55
457247,3,Agri Land,,474,1.53
457247,4,Agri Land,,1100,3.55
457247,5,Agri Land,,2206,7.13
457247,6,Agri Land,,524,1.69
457247,7,Agri Land,,356,1.15
457247,8,Agri Land,,1764,5.7
457247,81,Settlement,,2892,9.34
457247,83,River,,187,0.6
457247,112,Waterbody,,5,0.01
457247,113,,,529,1.71
457240,1,Agri Land,,503,1.3
457240,2,Agri Land,,12428,32.16
457240,3,Agri Land,,6919,17.9
457240,4,Agri Land,,3105,8.03
457240,5,Agri Land,,1649,4.27
457240,6,Agri Land,,433,1.12
457240,7,Agri Land,,3073,7.95
457240,8,Agri Land,,4902,12.68
457240,81,Settlement,,5314,13.75
457240,82,,,107,0.28
457240,83,River,,216,0.56
457256,1,Agri Land,,2085,9.14
457256,2,Agri Land,,2028,8.89
457256,3,Agri Land,,2700,11.83
457256,4,Agri Land,,1279,5.61
457256,5,Agri Land,,3250,14.24
457256,6,Agri Land,,8169,35.8
457256,7,Agri Land,,348,1.53
457256,81,Settlement,,1859,8.15
457256,83,River,,498,2.18
457256,86,,,22,0.1
457256,112,Waterbody,,329,1.44
457256,113,,,31,0.14
457256,119,,,14,0.06
457256,199,,,206,0.9
457238,1,Agri Land,,1355,4.6
457238,2,Agri Land,,2700,9.17
457238,3,Agri Land,,19339,65.67
457238,4,Agri Land,,2181,7.41
457238,81,Settlement,,766,2.6
457238,83,River,,1687,5.73
457238,85,Forest,,113,0.38
457238,112,Waterbody,,1299,4.41
457238,113,,,5,0.02
457238,119,,,3,0.01
457263,1,Agri Land,,1085,4.5
457263,2,Agri Land,,1829,7.59
457263,3,Agri Land,,2534,10.51
457263,4,Agri Land,,2192,9.09
457263,5,Agri Land,,1292,5.36
457263,6,Agri Land,,3658,15.17
457263,7,Agri Land,,9063,37.59
457263,8,Agri Land,,268,1.11
457263,81,Settlement,,1466,6.08
457263,83,River,,529,2.2
457263,112,Waterbody,,171,0.71
457263,113,,,22,0.09
457283,1,Agri Land,,13151,42.11
457283,2,Agri Land,,2231,7.14
457283,3,Agri Land,,3770,12.07
457283,4,Agri Land,,3381,10.83
457283,5,Agri Land,,307,0.98
457283,6,Agri Land,,314,1.01
457283,7,Agri Land,,49,0.16
457283,8,Agri Land,,538,1.72
457283,9,Agri Land,,2183,6.99
457283,81,Settlement,,4210,13.48
457283,83,River,,341,1.09
457283,112,Waterbody,,754,2.41
457283,113,,,1,0
457274,1,Agri Land,,977,2.94
457274,2,Agri Land,,395,1.19
457274,3,Agri Land,,601,1.8
457274,4,Agri Land,,4232,12.72
457274,5,Agri Land,,1633,4.91
457274,6,Agri Land,,9659,29.03
457274,7,Agri Land,,3594,10.8
457274,8,Agri Land,,227,0.68
457274,80,,,197,0.59
457274,81,Settlement,,9779,29.39
457274,83,River,,671,2.02
457274,84,,,15,0.04
457274,86,,,28,0.09
457274,112,Waterbody,,791,2.38
457274,113,,,65,0.19
457274,119,,,408,1.23
458937,1,Agri Land,,464,2.29
458937,2,Agri Land,,2243,11.08
458937,3,Agri Land,,1302,6.43
458937,4,Agri Land,,413,2.04
458937,5,Agri Land,,286,1.41
458937,6,Agri Land,,1592,7.87
458937,7,Agri Land,,2751,13.59
458937,8,Agri Land,,3823,18.89
458937,9,Agri Land,,1041,5.15
458937,10,Agri Land,,1763,8.71
458937,11,,,884,4.37
458937,12,,,1917,9.47
458937,13,,,1133,5.6
458937,81,Settlement,,482,2.38
458937,83,River,,67,0.33
458937,112,Waterbody,,75,0.37
458937,113,,,3,0.02
458967,1,Agri Land,,312,1.86
458967,2,Agri Land,,4754,28.45
458967,3,Agri Land,,3241,19.39
458967,4,Agri Land,,898,5.37
458967,5,Agri Land,,3925,23.48
458967,6,Agri Land,,660,3.95
458967,7,Agri Land,,743,4.45
458967,8,Agri Land,,176,1.05
458967,9,Agri Land,,606,3.63
458967,81,Settlement,,732,4.38
458967,83,River,,155,0.93
458967,112,Waterbody,,512,3.06
458988,1,Agri Land,,10621,31.33
458988,2,Agri Land,,6094,17.98
458988,3,Agri Land,,3168,9.34
458988,4,Agri Land,,1791,5.28
458988,5,Agri Land,,1289,3.8
458988,6,Agri Land,,3857,11.38
458988,7,Agri Land,,1745,5.15
458988,8,Agri Land,,1845,5.44
458988,9,Agri Land,,812,2.4
458988,81,Settlement,,2029,5.99
458988,83,River,,248,0.73
458988,112,Waterbody,,396,1.17
458988,113,,,5,0.02
458970,1,Agri Land,,1736,5.22
458970,2,Agri Land,,146,0.44
458970,3,Agri Land,,457,1.38
458970,4,Agri Land,,1396,4.2
458970,5,Agri Land,,8848,26.62
458970,6,Agri Land,,8937,26.88
458970,7,Agri Land,,4964,14.93
458970,8,Agri Land,,1381,4.15
458970,9,Agri Land,,2095,6.3
458970,10,Agri Land,,1945,5.85
458970,81,Settlement,,973,2.93
458970,83,River,,283,0.85
458970,112,Waterbody,,63,0.19
458970,113,,,21,0.06
501006,1,Agri Land,,9173,53.85
501006,2,Agri Land,,1788,10.5
501006,3,Agri Land,,797,4.68
501006,4,Agri Land,,731,4.29
501006,5,Agri Land,,1682,9.88
501006,6,Agri Land,,83,0.48
501006,7,Agri Land,,237,1.39
501006,8,Agri Land,,31,0.18
501006,81,Settlement,,2176,12.77
501006,112,Waterbody,,160,0.94
501006,113,,,178,1.04
501020,1,Agri Land,,543,3.05
501020,2,Agri Land,,1505,8.46
501020,3,Agri Land,,2528,14.2
501020,4,Agri Land,,1224,6.88
501020,5,Agri Land,,986,5.54
501020,6,Agri Land,,2409,13.54
501020,7,Agri Land,,2074,11.65
501020,8,Agri Land,,372,2.09
501020,9,Agri Land,,407,2.29
501020,81,Settlement,,5245,29.47
501020,112,Waterbody,,459,2.58
501020,113,,,45,0.25
501027,1,Agri Land,,7101,28.22
501027,2,Agri Land,,724,2.88
501027,3,Agri Land,,3043,12.1
501027,4,Agri Land,,463,1.84
501027,5,Agri Land,,174,0.69
501027,6,Agri Land,,6122,24.33
501027,7,Agri Land,,738,2.94
501027,8,Agri Land,,622,2.47
501027,9,Agri Land,,116,0.46
501027,10,Agri Land,,397,1.58
501027,81,Settlement,,4099,16.29
501027,83,River,,1300,5.17
501027,112,Waterbody,,228,0.91
501027,113,,,32,0.13
501040,1,Agri Land,,271,1.11
501040,2,Agri Land,,3891,15.96
501040,3,Agri Land,,1522,6.24
501040,4,Agri Land,,1096,4.5
501040,5,Agri Land,,7032,28.84
501040,6,Agri Land,,3240,13.29
501040,7,Agri Land,,3181,13.04
501040,81,Settlement,,3655,14.99
501040,83,River,,40,0.16
501040,112,Waterbody,,441,1.81
501040,113,,,16,0.07
501085,1,Agri Land,,1068,4.83
501085,2,Agri Land,,1455,6.58
501085,3,Agri Land,,5642,25.51
501085,4,Agri Land,,1612,7.29
501085,5,Agri Land,,889,4.02
501085,6,Agri Land,,1937,8.76
501085,7,Agri Land,,1550,7.01
501085,8,Agri Land,,719,3.25
501085,9,Agri Land,,749,3.38
501085,81,Settlement,,5818,26.3
501085,83,River,,14,0.07
501085,112,Waterbody,,22,0.1
501085,113,,,163,0.74
501085,120,,,480,2.17
501081,1,Agri Land,,652,1.51
501081,2,Agri Land,,497,1.15
501081,3,Agri Land,,1541,3.56
501081,4,Agri Land,,1794,4.15
501081,5,Agri Land,,697,1.61
501081,6,Agri Land,,1721,3.98
501081,7,Agri Land,,1184,2.74
501081,8,Agri Land,,11662,26.95
501081,9,Agri Land,,4755,10.99
501081,81,Settlement,,2711,6.27
501081,83,River,,10822,25.01
501081,84,,,5109,11.81
501081,112,Waterbody,,113,0.26
501081,113,,,8,0.02
501067,1,Agri Land,,3199,11.77
501067,2,Agri Land,,388,1.43
501067,3,Agri Land,,9269,34.12
501067,4,Agri Land,,6565,24.16
501067,5,Agri Land,,1367,5.03
501067,6,Agri Land,,1079,3.97
501067,7,Agri Land,,112,0.41
501067,81,Settlement,,4917,18.1
501067,113,,,273,1.01
501033,1,Agri Land,,11888,73.05
501033,2,Agri Land,,1803,11.08
501033,3,Agri Land,,126,0.78
501033,4,Agri Land,,464,2.85
501033,81,Settlement,,1924,11.83
501033,113,,,68,0.42
501054,1,Agri Land,,1540,6.4
501054,2,Agri Land,,784,3.26
501054,3,Agri Land,,8529,35.46
501054,4,Agri Land,,9279,38.58
501054,5,Agri Land,,419,1.74
501054,6,Agri Land,,578,2.4
501054,81,Settlement,,2791,11.6
501054,113,,,134,0.56
501088,1,Agri Land,,981,3.3
501088,2,Agri Land,,1653,5.56
501088,3,Agri Land,,3033,10.21
501088,4,Agri Land,,2375,8
501088,5,Agri Land,,6615,22.27
501088,6,Agri Land,,928,3.13
501088,7,Agri Land,,602,2.03
501088,8,Agri Land,,2974,10.01
501088,9,Agri Land,,5776,19.45
501088,10,Agri Land,,1388,4.68
501088,81,Settlement,,2937,9.89
501088,83,River,,254,0.86
501088,112,Waterbody,,84,0.28
501088,113,,,99,0.33
501094,1,Agri Land,,6799,21.54
501094,2,Agri Land,,2064,6.54
501094,3,Agri Land,,2509,7.95
501094,4,Agri Land,,592,1.88
501094,5,Agri Land,,209,0.66
501094,6,Agri Land,,6982,22.12
501094,7,Agri Land,,3817,12.1
501094,8,Agri Land,,2626,8.32
501094,9,Agri Land,,256,0.81
501094,81,Settlement,,5146,16.31
501094,83,River,,222,0.7
501094,103,,,158,0.5
501094,112,Waterbody,,104,0.33
501094,113,,,75,0.24
501094,133,,,1,0
501095,1,Agri Land,,1858,11.59
501095,2,Agri Land,,253,1.58
501095,3,Agri Land,,3152,19.66
501095,4,Agri Land,,594,3.71
501095,5,Agri Land,,2442,15.23
501095,6,Agri Land,,1090,6.8
501095,7,Agri Land,,723,4.51
501095,8,Agri Land,,1895,11.82
501095,9,Agri Land,,488,3.04
501095,10,Agri Land,,682,4.25
501095,81,Settlement,,1893,11.8
501095,83,River,,723,4.51
501095,112,Waterbody,,200,1.25
501095,113,,,38,0.24
507018,1,Agri Land,,647,5.24
507018,2,Agri Land,,333,2.7
507018,3,Agri Land,,215,1.74
507018,4,Agri Land,,1218,9.86
507018,5,Agri Land,,3463,28.04
507018,6,Agri Land,,2171,17.57
507018,7,Agri Land,,177,1.43
507018,81,Settlement,,1185,9.59
507018,83,River,,110,0.89
507018,86,,,57,0.46
507018,101,,,2151,17.41
507018,112,Waterbody,,418,3.38
507018,113,,,24,0.2
507018,119,,,183,1.48
507066,1,Agri Land,,636,1.45
507066,2,Agri Land,,4790,10.94
507066,3,Agri Land,,1116,2.55
507066,4,Agri Land,,855,1.95
507066,5,Agri Land,,1435,3.28
507066,6,Agri Land,,1764,4.03
507066,7,Agri Land,,10948,25
507066,8,Agri Land,,1329,3.03
507066,9,Agri Land,,1695,3.87
507066,10,Agri Land,,3431,7.84
507066,81,Settlement,,4928,11.25
507066,83,River,,3330,7.61
507066,84,,,4017,9.17
507066,97,,,21,0.05
507066,101,,,3036,6.93
507066,112,Waterbody,,266,0.61
507066,113,,,141,0.32
507066,999,,,51,0.12
507056,1,Agri Land,,2083,7.35
507056,2,Agri Land,,8019,28.28
507056,3,Agri Land,,5868,20.7
507056,4,Agri Land,,875,3.09
507056,5,Agri Land,,4984,17.58
507056,6,Agri Land,,567,2
507056,7,Agri Land,,416,1.47
507056,8,Agri Land,,1163,4.1
507056,81,Settlement,,3382,11.93
507056,83,River,,110,0.39
507056,86,,,28,0.1
507056,101,,,211,0.74
507056,112,Waterbody,,128,0.45
507056,113,,,520,1.84
507037,1,Agri Land,,240,0.75
507037,2,Agri Land,,9341,29.29
507037,3,Agri Land,,901,2.83
507037,4,Agri Land,,2705,8.48
507037,5,Agri Land,,548,1.72
507037,6,Agri Land,,805,2.52
507037,7,Agri Land,,3824,11.99
507037,8,Agri Land,,2725,8.54
507037,9,Agri Land,,1887,5.92
507037,10,Agri Land,,2216,6.95
507037,11,,,2557,8.02
507037,81,Settlement,,3033,9.51
507037,83,River,,579,1.82
507037,112,Waterbody,,403,1.26
507037,113,,,129,0.41
503813,1,Agri Land,,6075,43.2
503813,2,Agri Land,,1250,8.89
503813,3,Agri Land,,1907,13.56
503813,4,Agri Land,,276,1.96
503813,5,Agri Land,,2000,14.22
503813,6,Agri Land,,455,3.23
503813,7,Agri Land,,88,0.62
503813,81,Settlement,,1800,12.8
503813,83,River,,65,0.46
503813,90,,,9,0.06
503813,112,Waterbody,,66,0.47
503813,113,,,73,0.52
507088,1,Agri Land,,6767,12.86
507088,2,Agri Land,,9365,17.8
507088,3,Agri Land,,2155,4.1
507088,4,Agri Land,,3554,6.76
507088,5,Agri Land,,8932,16.98
507088,6,Agri Land,,6098,11.59
507088,7,Agri Land,,2893,5.5
507088,8,Agri Land,,3358,6.38
507088,81,Settlement,,6576,12.5
507088,83,River,,2156,4.1
507088,84,,,294,0.56
507088,112,Waterbody,,69,0.13
507088,113,,,391,0.74
503858,1,Agri Land,,2667,16.07
503858,2,Agri Land,,2403,14.48
503858,3,Agri Land,,9237,55.66
503858,4,Agri Land,,360,2.17
503858,81,Settlement,,1863,11.23
503858,113,,,64,0.39
503847,1,Agri Land,,1472,6.23
503847,2,Agri Land,,1420,6.01
503847,3,Agri Land,,4456,18.86
503847,4,Agri Land,,314,1.33
503847,5,Agri Land,,689,2.92
503847,6,Agri Land,,8393,35.52
503847,7,Agri Land,,3820,16.17
503847,8,Agri Land,,737,3.12
503847,81,Settlement,,2205,9.33
503847,83,River,,108,0.46
503847,113,,,14,0.06
503861,1,Agri Land,,8555,59.7
503861,2,Agri Land,,1349,9.42
503861,3,Agri Land,,1033,7.21
503861,4,Agri Land,,810,5.65
503861,5,Agri Land,,344,2.4
503861,81,Settlement,,2028,14.16
503861,83,River,,89,0.62
503861,113,,,121,0.84
506406,1,Agri Land,,3293,15.52
506406,2,Agri Land,,43,0.2
506406,3,Agri Land,,553,2.6
506406,4,Agri Land,,1540,7.25
506406,5,Agri Land,,7112,33.51
506406,6,Agri Land,,2753,12.97
506406,7,Agri Land,,2266,10.68
506406,78,,,8,0.04
506406,81,Settlement,,3233,15.23
506406,83,River,,266,1.25
506406,112,Waterbody,,57,0.27
506406,113,,,102,0.48
503874,1,Agri Land,,843,3
503874,2,Agri Land,,12406,44.17
503874,3,Agri Land,,1789,6.37
503874,4,Agri Land,,962,3.43
503874,5,Agri Land,,4176,14.87
503874,6,Agri Land,,2120,7.55
503874,7,Agri Land,,665,2.37
503874,8,Agri Land,,222,0.79
503874,81,Settlement,,4589,16.34
503874,83,River,,151,0.54
503874,112,Waterbody,,5,0.02
503874,113,,,160,0.57
506403,1,Agri Land,,360,1.37
506403,2,Agri Land,,1405,5.36
506403,3,Agri Land,,4133,15.78
506403,4,Agri Land,,5298,20.22
506403,5,Agri Land,,2489,9.5
506403,6,Agri Land,,1098,4.19
506403,7,Agri Land,,2010,7.67
506403,8,Agri Land,,1811,6.92
506403,9,Agri Land,,343,1.31
506403,10,Agri Land,,204,0.78
506403,11,,,48,0.18
506403,12,,,320,1.22
506403,13,,,1929,7.36
506403,81,Settlement,,4153,15.85
506403,83,River,,522,1.99
506403,86,,,20,0.08
506403,113,,,55,0.21
506428,1,Agri Land,,14936,49.53
506428,2,Agri Land,,3152,10.45
506428,3,Agri Land,,1568,5.2
506428,4,Agri Land,,4163,13.8
506428,5,Agri Land,,696,2.31
506428,6,Agri Land,,382,1.27
506428,7,Agri Land,,561,1.86
506428,8,Agri Land,,200,0.66
506428,81,Settlement,,3892,12.91
506428,83,River,,241,0.8
506428,85,Forest,,163,0.54
506428,113,,,202,0.67
506450,1,Agri Land,,19235,48.82
506450,2,Agri Land,,5396,13.7
506450,3,Agri Land,,491,1.25
506450,4,Agri Land,,1143,2.9
506450,5,Agri Land,,4151,10.54
506450,6,Agri Land,,1912,4.85
506450,7,Agri Land,,551,1.4
506450,8,Agri Land,,1342,3.41
506450,9,Agri Land,,125,0.32
506450,10,Agri Land,,538,1.37
506450,11,,,448,1.14
506450,81,Settlement,,3510,8.91
506450,83,River,,160,0.41
506450,112,Waterbody,,174,0.44
506450,113,,,222,0.56
506447,1,Agri Land,,3377,8.16
506447,2,Agri Land,,1307,3.16
506447,3,Agri Land,,5623,13.59
506447,4,Agri Land,,10972,26.52
506447,5,Agri Land,,1831,4.42
506447,6,Agri Land,,84,0.2
506447,7,Agri Land,,522,1.26
506447,8,Agri Land,,1450,3.5
506447,9,Agri Land,,3091,7.47
506447,81,Settlement,,9366,22.63
506447,83,River,,696,1.68
506447,86,,,118,0.28
506447,112,Waterbody,,1797,4.34
506447,113,,,1147,2.77
506447,118,,,0,0
506460,1,Agri Land,,588,2.14
506460,2,Agri Land,,264,0.96
506460,3,Agri Land,,653,2.37
506460,4,Agri Land,,2129,7.74
506460,5,Agri Land,,8047,29.27
506460,6,Agri Land,,3693,13.43
506460,7,Agri Land,,3215,11.69
506460,8,Agri Land,,5308,19.31
506460,81,Settlement,,3291,11.97
506460,83,River,,196,0.71
506460,112,Waterbody,,60,0.22
506460,113,,,52,0.19
506469,1,Agri Land,,15904,35.3
506469,2,Agri Land,,7856,17.44
506469,3,Agri Land,,5356,11.89
506469,4,Agri Land,,814,1.81
506469,5,Agri Land,,6496,14.42
506469,6,Agri Land,,1162,2.58
506469,7,Agri Land,,304,0.67
506469,81,Settlement,,6550,14.54
506469,83,River,,371,0.82
506469,113,,,243,0.54
506475,1,Agri Land,,19309,50.96
506475,2,Agri Land,,8769,23.14
506475,3,Agri Land,,1826,4.82
506475,4,Agri Land,,87,0.23
506475,5,Agri Land,,2128,5.62
506475,6,Agri Land,,266,0.7
506475,7,Agri Land,,1242,3.28
506475,8,Agri Land,,441,1.16
506475,9,Agri Land,,260,0.69
506475,10,Agri Land,,172,0.45
506475,81,Settlement,,2960,7.81
506475,83,River,,235,0.62
506475,112,Waterbody,,13,0.04
506475,113,,,182,0.48
506479,1,Agri Land,,5630,21.77
506479,2,Agri Land,,3943,15.25
506479,3,Agri Land,,5072,19.61
506479,4,Agri Land,,216,0.83
506479,5,Agri Land,,2955,11.43
506479,6,Agri Land,,47,0.18
506479,7,Agri Land,,626,2.42
506479,8,Agri Land,,4350,16.82
506479,81,Settlement,,2680,10.36
506479,112,Waterbody,,20,0.08
506479,113,,,126,0.49
506479,115,,,197,0.76
506485,1,Agri Land,,856,3.47
506485,2,Agri Land,,6916,28.07
506485,3,Agri Land,,3557,14.43
506485,4,Agri Land,,2608,10.58
506485,5,Agri Land,,114,0.46
506485,6,Agri Land,,591,2.4
506485,7,Agri Land,,125,0.51
506485,8,Agri Land,,810,3.29
506485,9,Agri Land,,345,1.4
506485,10,Agri Land,,500,2.03
506485,11,,,643,2.61
506485,12,,,1230,4.99
506485,13,,,2573,10.44
506485,14,,,1165,4.73
506485,81,Settlement,,1997,8.11
506485,83,River,,201,0.81
506485,112,Waterbody,,220,0.89
506485,113,,,194,0.79
506486,1,Agri Land,,8578,35.06
506486,2,Agri Land,,4956,20.26
506486,3,Agri Land,,1657,6.77
506486,4,Agri Land,,2156,8.81
506486,5,Agri Land,,726,2.97
506486,6,Agri Land,,2874,11.75
506486,81,Settlement,,2686,10.98
506486,83,River,,148,0.61
506486,112,Waterbody,,576,2.35
506486,113,,,108,0.44
506909,1,Agri Land,,6021,43.33
506909,2,Agri Land,,1448,10.42
506909,3,Agri Land,,2531,18.22
506909,4,Agri Land,,1441,10.37
506909,5,Agri Land,,117,0.84
506909,81,Settlement,,2104,15.14
506909,83,River,,223,1.6
506909,113,,,11,0.08
506915,1,Agri Land,,4205,13.85
506915,2,Agri Land,,5756,18.95
506915,3,Agri Land,,284,0.93
506915,4,Agri Land,,3669,12.08
506915,5,Agri Land,,6608,21.76
506915,6,Agri Land,,191,0.63
506915,7,Agri Land,,5882,19.37
506915,81,Settlement,,3546,11.68
506915,83,River,,38,0.12
506915,112,Waterbody,,172,0.57
506915,113,,,15,0.05
506941,1,Agri Land,,972,4.87
506941,2,Agri Land,,3697,18.52
506941,3,Agri Land,,5815,29.12
506941,4,Agri Land,,840,4.21
506941,5,Agri Land,,31,0.15
506941,6,Agri Land,,711,3.56
506941,81,Settlement,,4500,22.54
506941,83,River,,193,0.97
506941,86,,,64,0.32
506941,112,Waterbody,,2579,12.92
506941,113,,,566,2.83
506955,1,Agri Land,,1803,10.31
506955,2,Agri Land,,406,2.32
506955,3,Agri Land,,4492,25.68
506955,4,Agri Land,,379,2.17
506955,5,Agri Land,,510,2.92
506955,6,Agri Land,,2970,16.98
506955,7,Agri Land,,3082,17.62
506955,81,Settlement,,3374,19.29
506955,83,River,,318,1.82
506955,112,Waterbody,,91,0.52
506955,113,,,66,0.38
506963,1,Agri Land,,5825,25.39
506963,2,Agri Land,,148,0.65
506963,3,Agri Land,,86,0.37
506963,4,Agri Land,,581,2.53
506963,5,Agri Land,,5777,25.18
506963,6,Agri Land,,1240,5.41
506963,81,Settlement,,8483,36.97
506963,83,River,,181,0.79
506963,86,,,163,0.71
506963,112,Waterbody,,180,0.78
506963,113,,,278,1.21
506991,1,Agri Land,,4740,8.95
506991,2,Agri Land,,2558,4.83
506991,3,Agri Land,,5898,11.14
506991,4,Agri Land,,7108,13.43
506991,5,Agri Land,,878,1.66
506991,6,Agri Land,,451,0.85
506991,7,Agri Land,,2442,4.61
506991,8,Agri Land,,1158,2.19
506991,9,Agri Land,,9449,17.85
506991,10,Agri Land,,6871,12.98
506991,11,,,1537,2.9
506991,12,,,1695,3.2
506991,13,,,4612,8.71
506991,81,Settlement,,2617,4.94
506991,83,River,,331,0.63
506991,112,Waterbody,,191,0.36
506991,113,,,406,0.77
506944,1,Agri Land,,10198,31.11
506944,2,Agri Land,,6545,19.96
506944,3,Agri Land,,4749,14.49
506944,4,Agri Land,,2381,7.26
506944,5,Agri Land,,2149,6.56
506944,81,Settlement,,4612,14.07
506944,83,River,,2134,6.51
506944,113,,,17,0.05
507605,1,Agri Land,,5799,32
507605,2,Agri Land,,462,2.55
507605,3,Agri Land,,2321,12.81
507605,4,Agri Land,,4333,23.91
507605,5,Agri Land,,1772,9.78
507605,6,Agri Land,,1038,5.73
507605,81,Settlement,,2037,11.24
507605,82,,,2,0.01
507605,83,River,,67,0.37
507605,112,Waterbody,,264,1.46
507605,113,,,29,0.16
507616,1,Agri Land,,1549,5.78
507616,2,Agri Land,,185,0.69
507616,3,Agri Land,,1512,5.64
507616,4,Agri Land,,813,3.03
507616,5,Agri Land,,2788,10.4
507616,6,Agri Land,,915,3.41
507616,7,Agri Land,,1106,4.13
507616,8,Agri Land,,1163,4.34
507616,9,Agri Land,,2738,10.21
507616,10,Agri Land,,1477,5.51
507616,11,,,4187,15.62
507616,81,Settlement,,2027,7.56
507616,83,River,,6057,22.6
507616,112,Waterbody,,285,1.06
507619,1,Agri Land,,1029,7.58
507619,2,Agri Land,,387,2.85
507619,3,Agri Land,,2877,21.18
507619,4,Agri Land,,1940,14.29
507619,5,Agri Land,,1335,9.83
507619,6,Agri Land,,1823,13.42
507619,7,Agri Land,,1344,9.9
507619,81,Settlement,,2498,18.39
507619,83,River,,229,1.69
507619,86,,,32,0.24
507619,112,Waterbody,,87,0.64
507619,113,,,0,0
507622,1,Agri Land,,5080,17.15
507622,2,Agri Land,,5503,18.58
507622,3,Agri Land,,6638,22.41
507622,4,Agri Land,,4281,14.46
507622,5,Agri Land,,211,0.71
507622,6,Agri Land,,1388,4.69
507622,7,Agri Land,,1766,5.96
507622,81,Settlement,,4298,14.51
507622,83,River,,171,0.58
507622,112,Waterbody,,230,0.78
507622,113,,,51,0.17
507633,1,Agri Land,,660,4.74
507633,2,Agri Land,,595,4.28
507633,3,Agri Land,,678,4.87
507633,4,Agri Land,,5369,38.57
507633,5,Agri Land,,3070,22.05
507633,6,Agri Land,,65,0.47
507633,7,Agri Land,,1413,10.15
507633,81,Settlement,,1421,10.2
507633,83,River,,613,4.41
507633,112,Waterbody,,36,0.26
507633,113,,,1,0.01
507639,1,Agri Land,,2455,9.43
507639,2,Agri Land,,429,1.65
507639,3,Agri Land,,9205,35.34
507639,4,Agri Land,,1292,4.96
507639,5,Agri Land,,2765,10.62
507639,6,Agri Land,,1190,4.57
507639,7,Agri Land,,1145,4.4
507639,81,Settlement,,5856,22.48
507639,83,River,,1261,4.84
507639,112,Waterbody,,34,0.13
507639,113,,,386,1.48
507639,119,,,27,0.11
507655,1,Agri Land,,3507,8.12
507655,2,Agri Land,,280,0.65
507655,3,Agri Land,,12761,29.54
507655,4,Agri Land,,4224,9.78
507655,5,Agri Land,,1051,2.43
507655,6,Agri Land,,6301,14.58
507655,7,Agri Land,,1285,2.97
507655,8,Agri Land,,393,0.91
507655,9,Agri Land,,1629,3.77
507655,10,Agri Land,,5378,12.45
507655,81,Settlement,,4515,10.45
507655,83,River,,1577,3.65
507655,112,Waterbody,,296,0.68
507655,113,,,8,0.02
507672,1,Agri Land,,9743,29.48
507672,2,Agri Land,,2697,8.16
507672,3,Agri Land,,7085,21.44
507672,4,Agri Land,,3913,11.84
507672,5,Agri Land,,3742,11.32
507672,6,Agri Land,,1421,4.3
507672,81,Settlement,,3425,10.36
507672,83,River,,737,2.23
507672,112,Waterbody,,276,0.84
507672,113,,,11,0.03
507683,1,Agri Land,,6282,18.85
507683,2,Agri Land,,1492,4.48
507683,3,Agri Land,,414,1.24
507683,4,Agri Land,,20,0.06
507683,5,Agri Land,,6718,20.15
507683,6,Agri Land,,42,0.13
507683,7,Agri Land,,3740,11.22
507683,8,Agri Land,,17,0.05
507683,9,Agri Land,,5495,16.49
507683,10,Agri Land,,3065,9.19
507683,81,Settlement,,3771,11.31
507683,83,River,,2012,6.04
507683,112,Waterbody,,243,0.73
507683,113,,,24,0.07
508110,1,Agri Land,,2381,12.84
508110,2,Agri Land,,862,4.65
508110,3,Agri Land,,832,4.49
508110,4,Agri Land,,2785,15.01
508110,81,Settlement,,4073,21.96
508110,83,River,,2250,12.13
508110,84,,,790,4.26
508110,86,,,1,0.01
508110,101,,,4371,23.57
508110,113,,,76,0.41
508110,119,,,126,0.68
508112,1,Agri Land,,2214,6.05
508112,2,Agri Land,,8411,22.99
508112,3,Agri Land,,2605,7.12
508112,4,Agri Land,,10202,27.88
508112,5,Agri Land,,1940,5.3
508112,6,Agri Land,,2395,6.55
508112,7,Agri Land,,468,1.28
508112,8,Agri Land,,1023,2.8
508112,81,Settlement,,6468,17.68
508112,83,River,,538,1.47
508112,112,Waterbody,,241,0.66
508112,113,,,85,0.23
508131,1,Agri Land,,1370,6.89
508131,2,Agri Land,,6557,32.96
508131,3,Agri Land,,2170,10.91
508131,4,Agri Land,,4375,21.99
508131,5,Agri Land,,1508,7.58
508131,81,Settlement,,2790,14.03
508131,83,River,,304,1.53
508131,113,,,817,4.11
508125,1,Agri Land,,1621,9.28
508125,2,Agri Land,,6669,38.17
508125,3,Agri Land,,3831,21.93
508125,4,Agri Land,,218,1.25
508125,5,Agri Land,,1019,5.83
508125,6,Agri Land,,242,1.38
508125,7,Agri Land,,675,3.86
508125,81,Settlement,,2355,13.48
508125,82,,,21,0.12
508125,83,River,,821,4.7
508182,1,Agri Land,,7805,39.82
508182,2,Agri Land,,1121,5.72
508182,3,Agri Land,,973,4.96
508182,4,Agri Land,,332,1.7
508182,5,Agri Land,,376,1.92
508182,6,Agri Land,,90,0.46
508182,7,Agri Land,,2626,13.4
508182,8,Agri Land,,1224,6.25
508182,9,Agri Land,,684,3.49
508182,81,Settlement,,4182,21.34
508182,83,River,,69,0.35
508182,112,Waterbody,,104,0.53
508182,113,,,13,0.07
508172,1,Agri Land,,556,1.82
508172,2,Agri Land,,5297,17.38
508172,3,Agri Land,,6994,22.95
508172,4,Agri Land,,2454,8.05
508172,5,Agri Land,,887,2.91
508172,6,Agri Land,,3072,10.08
508172,7,Agri Land,,2485,8.15
508172,8,Agri Land,,3259,10.69
508172,81,Settlement,,2013,6.61
508172,83,River,,3142,10.31
508172,112,Waterbody,,255,0.84
508172,113,,,59,0.19
508134,1,Agri Land,,2474,5.04
508134,2,Agri Land,,19187,39.07
508134,3,Agri Land,,2757,5.61
508134,4,Agri Land,,4357,8.87
508134,5,Agri Land,,2611,5.32
508134,6,Agri Land,,2885,5.87
508134,7,Agri Land,,995,2.03
508134,8,Agri Land,,2374,4.83
508134,9,Agri Land,,662,1.35
508134,10,Agri Land,,3600,7.33
508134,11,,,2358,4.8
508134,81,Settlement,,3201,6.52
508134,83,River,,1330,2.71
508134,84,,,189,0.39
508134,112,Waterbody,,17,0.03
508134,113,,,116,0.24
508153,1,Agri Land,,585,3.61
508153,2,Agri Land,,410,2.53
508153,3,Agri Land,,2970,18.31
508153,4,Agri Land,,488,3.01
508153,5,Agri Land,,5477,33.77
508153,6,Agri Land,,491,3.03
508153,7,Agri Land,,224,1.38
508153,8,Agri Land,,524,3.23
508153,81,Settlement,,3774,23.27
508153,83,River,,180,1.11
508153,86,,,43,0.26
508153,112,Waterbody,,127,0.78
508153,113,,,926,5.71
508194,1,Agri Land,,9797,33.1
508194,2,Agri Land,,8983,30.35
508194,3,Agri Land,,950,3.21
508194,4,Agri Land,,2223,7.51
508194,5,Agri Land,,469,1.59
508194,6,Agri Land,,738,2.49
508194,7,Agri Land,,817,2.76
508194,8,Agri Land,,1527,5.16
508194,81,Settlement,,3562,12.03
508194,83,River,,201,0.68
508194,112,Waterbody,,145,0.49
508194,113,,,185,0.62
508844,1,Agri Land,,2218,24.33
508844,2,Agri Land,,817,8.96
508844,3,Agri Land,,1149,12.61
508844,4,Agri Land,,1473,16.16
508844,5,Agri Land,,510,5.6
508844,6,Agri Land,,270,2.96
508844,81,Settlement,,2609,28.62
508844,83,River,,48,0.53
508844,86,,,1,0.01
508844,113,,,21,0.23
508811,1,Agri Land,,1769,10.73
508811,2,Agri Land,,1513,9.18
508811,3,Agri Land,,905,5.49
508811,4,Agri Land,,539,3.27
508811,5,Agri Land,,735,4.46
508811,6,Agri Land,,435,2.64
508811,7,Agri Land,,450,2.73
508811,8,Agri Land,,2408,14.61
508811,80,,,484,2.93
508811,81,Settlement,,4808,29.17
508811,83,River,,1045,6.34
508811,84,,,1161,7.04
508811,86,,,3,0.02
508811,112,Waterbody,,82,0.5
508811,113,,,147,0.89
508811,118,,,1,0
508827,1,Agri Land,,1009,3.97
508827,2,Agri Land,,804,3.16
508827,3,Agri Land,,368,1.45
508827,4,Agri Land,,3533,13.91
508827,5,Agri Land,,4040,15.9
508827,6,Agri Land,,2,0.01
508827,81,Settlement,,2108,8.3
508827,83,River,,6481,25.51
508827,84,,,7017,27.62
508827,112,Waterbody,,26,0.1
508827,113,,,1,0
508827,119,,,21,0.08
508850,1,Agri Land,,1117,2.96
508850,2,Agri Land,,605,1.6
508850,3,Agri Land,,1661,4.4
508850,4,Agri Land,,2330,6.18
508850,5,Agri Land,,756,2
508850,6,Agri Land,,211,0.56
508850,7,Agri Land,,6226,16.5
508850,8,Agri Land,,9527,25.25
508850,81,Settlement,,3947,10.46
508850,83,River,,6415,17.01
508850,84,,,4854,12.87
508850,112,Waterbody,,75,0.2
508861,1,Agri Land,,1804,6.82
508861,2,Agri Land,,2122,8.02
508861,3,Agri Land,,11747,44.39
508861,4,Agri Land,,797,3.01
508861,5,Agri Land,,794,3
508861,6,Agri Land,,3953,14.94
508861,7,Agri Land,,782,2.95
508861,81,Settlement,,3775,14.26
508861,83,River,,425,1.61
508861,112,Waterbody,,112,0.42
508861,113,,,154,0.58
508878,1,Agri Land,,6677,20.58
508878,2,Agri Land,,1111,3.42
508878,3,Agri Land,,2743,8.45
508878,4,Agri Land,,2361,7.28
508878,5,Agri Land,,696,2.15
508878,6,Agri Land,,330,1.02
508878,7,Agri Land,,4400,13.56
508878,8,Agri Land,,6257,19.28
508878,81,Settlement,,3450,10.63
508878,83,River,,4342,13.38
508878,112,Waterbody,,77,0.24
508878,113,,,10,0.03
508889,1,Agri Land,,1277,4.26
508889,2,Agri Land,,4494,14.98
508889,3,Agri Land,,4953,16.51
508889,4,Agri Land,,3785,12.62
508889,5,Agri Land,,5504,18.35
508889,6,Agri Land,,566,1.89
508889,7,Agri Land,,2430,8.1
508889,8,Agri Land,,1477,4.93
508889,9,Agri Land,,361,1.2
508889,10,Agri Land,,982,3.28
508889,81,Settlement,,3655,12.19
508889,83,River,,42,0.14
508889,113,,,465,1.55
508867,1,Agri Land,,7932,24.42
508867,2,Agri Land,,7218,22.22
508867,3,Agri Land,,1909,5.88
508867,4,Agri Land,,3901,12.01
508867,5,Agri Land,,794,2.44
508867,81,Settlement,,6221,19.15
508867,83,River,,2407,7.41
508867,84,,,2045,6.3
508867,86,,,35,0.11
508867,112,Waterbody,,13,0.04
508867,113,,,4,0.01
552710,1,Agri Land,,1074,5.01
552710,2,Agri Land,,2475,11.54
552710,3,Agri Land,,10960,51.09
552710,4,Agri Land,,169,0.79
552710,5,Agri Land,,113,0.53
552710,6,Agri Land,,2772,12.92
552710,7,Agri Land,,489,2.28
552710,8,Agri Land,,1431,6.67
552710,9,Agri Land,,151,0.7
552710,81,Settlement,,1277,5.95
552710,85,Forest,,342,1.59
552710,112,Waterbody,,23,0.11
552710,113,,,176,0.82
552717,1,Agri Land,,112,0.32
552717,2,Agri Land,,2257,6.43
552717,3,Agri Land,,5579,15.88
552717,4,Agri Land,,12438,35.41
552717,5,Agri Land,,1120,3.19
552717,6,Agri Land,,6527,18.58
552717,7,Agri Land,,1463,4.16
552717,81,Settlement,,4538,12.92
552717,83,River,,363,1.03
552717,85,Forest,,519,1.48
552717,86,,,39,0.11
552717,112,Waterbody,,77,0.22
552717,113,,,96,0.27
508894,1,Agri Land,,11037,26.6
508894,2,Agri Land,,5043,12.15
508894,3,Agri Land,,6904,16.64
508894,4,Agri Land,,4475,10.79
508894,5,Agri Land,,1214,2.92
508894,6,Agri Land,,345,0.83
508894,7,Agri Land,,315,0.76
508894,8,Agri Land,,555,1.34
508894,81,Settlement,,10200,24.58
508894,83,River,,944,2.28
508894,86,,,146,0.35
508894,112,Waterbody,,24,0.06
508894,113,,,288,0.69
552730,1,Agri Land,,2099,6.67
552730,2,Agri Land,,4614,14.67
552730,3,Agri Land,,788,2.51
552730,4,Agri Land,,4492,14.29
552730,5,Agri Land,,9947,31.63
552730,6,Agri Land,,1154,3.67
552730,7,Agri Land,,2858,9.09
552730,80,,,70,0.22
552730,81,Settlement,,4527,14.4
552730,83,River,,376,1.2
552730,84,,,185,0.59
552730,113,,,232,0.74
552730,115,,,101,0.32
552712,1,Agri Land,,1336,3.23
552712,2,Agri Land,,7906,19.11
552712,3,Agri Land,,8788,21.25
552712,4,Agri Land,,4611,11.15
552712,5,Agri Land,,4796,11.6
552712,6,Agri Land,,5905,14.28
552712,7,Agri Land,,995,2.41
552712,8,Agri Land,,130,0.32
552712,9,Agri Land,,264,0.64
552712,81,Settlement,,4718,11.41
552712,83,River,,820,1.98
552712,84,,,416,1.01
552712,85,Forest,,439,1.06
552712,113,,,116,0.28
552712,115,,,122,0.3
552764,1,Agri Land,,5224,14.6
552764,2,Agri Land,,12074,33.74
552764,3,Agri Land,,7032,19.65
552764,4,Agri Land,,3599,10.05
552764,5,Agri Land,,1192,3.33
552764,6,Agri Land,,1018,2.85
552764,81,Settlement,,5021,14.03
552764,83,River,,336,0.94
552764,101,,,67,0.19
552764,113,,,227,0.63
552738,1,Agri Land,,167,0.72
552738,2,Agri Land,,1907,8.18
552738,3,Agri Land,,11384,48.87
552738,4,Agri Land,,451,1.94
552738,5,Agri Land,,3734,16.03
552738,6,Agri Land,,556,2.38
552738,7,Agri Land,,911,3.91
552738,8,Agri Land,,1062,4.56
552738,81,Settlement,,2373,10.19
552738,83,River,,112,0.48
552738,85,Forest,,44,0.19
552738,86,,,47,0.2
552738,105,,,76,0.32
552738,112,Waterbody,,14,0.06
552738,113,,,354,1.52
552738,119,,,103,0.44
552721,1,Agri Land,,411,1.83
552721,2,Agri Land,,1386,6.19
552721,3,Agri Land,,556,2.48
552721,4,Agri Land,,9957,44.45
552721,5,Agri Land,,1229,5.49
552721,6,Agri Land,,5802,25.9
552721,7,Agri Land,,1542,6.88
552721,81,Settlement,,1258,5.61
552721,83,River,,135,0.6
552721,113,,,123,0.55
552743,1,Agri Land,,3579,23.52
552743,2,Agri Land,,848,5.57
552743,3,Agri Land,,5861,38.51
552743,4,Agri Land,,1556,10.22
552743,5,Agri Land,,581,3.81
552743,6,Agri Land,,821,5.39
552743,7,Agri Land,,505,3.32
552743,81,Settlement,,1170,7.69
552743,83,River,,175,1.15
552743,113,,,125,0.82
552747,1,Agri Land,,930,9.23
552747,2,Agri Land,,6766,67.13
552747,3,Agri Land,,129,1.28
552747,4,Agri Land,,730,7.24
552747,5,Agri Land,,200,1.98
552747,6,Agri Land,,124,1.23
552747,7,Agri Land,,49,0.49
552747,81,Settlement,,1070,10.62
552747,112,Waterbody,,9,0.09
552747,113,,,73,0.72
552756,1,Agri Land,,3086,15.04
552756,2,Agri Land,,925,4.51
552756,3,Agri Land,,6863,33.46
552756,4,Agri Land,,600,2.92
552756,5,Agri Land,,2746,13.39
552756,6,Agri Land,,3320,16.19
552756,7,Agri Land,,263,1.28
552756,81,Settlement,,2454,11.97
552756,83,River,,112,0.54
552756,113,,,141,0.69
552760,1,Agri Land,,1624,9.01
552760,2,Agri Land,,10563,58.58
552760,3,Agri Land,,1169,6.48
552760,4,Agri Land,,1973,10.94
552760,5,Agri Land,,11,0.06
552760,81,Settlement,,1950,10.81
552760,83,River,,254,1.41
552760,84,,,238,1.32
552760,113,,,32,0.18
552760,115,,,219,1.21
553224,1,Agri Land,,7957,24.33
553224,2,Agri Land,,2421,7.4
553224,3,Agri Land,,386,1.18
553224,4,Agri Land,,9825,30.04
553224,5,Agri Land,,782,2.39
553224,6,Agri Land,,2500,7.64
553224,7,Agri Land,,1035,3.16
553224,8,Agri Land,,2919,8.92
553224,81,Settlement,,2765,8.45
553224,83,River,,2036,6.22
553224,89,,,53,0.16
553224,112,Waterbody,,24,0.07
553224,113,,,5,0.02
553221,1,Agri Land,,1798,5.79
553221,2,Agri Land,,1900,6.12
553221,3,Agri Land,,1814,5.84
553221,4,Agri Land,,2561,8.25
553221,5,Agri Land,,5910,19.03
553221,81,Settlement,,3192,10.28
553221,83,River,,4130,13.3
553221,84,,,9717,31.29
553221,86,,,15,0.05
553221,112,Waterbody,,15,0.05
553221,113,,,3,0.01
552769,1,Agri Land,,6417,20.14
552769,2,Agri Land,,2176,6.83
552769,3,Agri Land,,1852,5.81
552769,4,Agri Land,,8561,26.87
552769,5,Agri Land,,666,2.09
552769,6,Agri Land,,185,0.58
552769,7,Agri Land,,4509,14.15
552769,8,Agri Land,,1750,5.49
552769,9,Agri Land,,1029,3.23
552769,10,Agri Land,,1519,4.77
552769,11,,,111,0.35
552769,81,Settlement,,1989,6.24
552769,83,River,,95,0.3
552769,85,Forest,,668,2.1
552769,112,Waterbody,,277,0.87
552769,113,,,59,0.19
552777,1,Agri Land,,3571,9.02
552777,2,Agri Land,,11378,28.75
552777,3,Agri Land,,2652,6.7
552777,4,Agri Land,,1115,2.82
552777,5,Agri Land,,1414,3.57
552777,6,Agri Land,,5378,13.59
552777,7,Agri Land,,1498,3.78
552777,8,Agri Land,,3079,7.78
552777,9,Agri Land,,465,1.17
552777,80,,,123,0.31
552777,81,Settlement,,7062,17.84
552777,83,River,,237,0.6
552777,86,,,170,0.43
552777,112,Waterbody,,348,0.88
552777,113,,,718,1.81
552777,114,,,137,0.35
552777,115,,,70,0.18
552777,119,,,41,0.1
552777,120,,,125,0.32
553267,1,Agri Land,,1020,5.49
553267,2,Agri Land,,4084,22.01
553267,3,Agri Land,,1545,8.33
553267,4,Agri Land,,3236,17.44
553267,5,Agri Land,,3390,18.27
553267,6,Agri Land,,532,2.87
553267,7,Agri Land,,883,4.76
553267,8,Agri Land,,81,0.44
553267,9,Agri Land,,829,4.47
553267,81,Settlement,,2726,14.69
553267,83,River,,43,0.23
553267,112,Waterbody,,152,0.82
553267,113,,,35,0.19
553282,1,Agri Land,,1615,7.07
553282,2,Agri Land,,751,3.29
553282,3,Agri Land,,125,0.55
553282,4,Agri Land,,1512,6.62
553282,5,Agri Land,,6751,29.55
553282,6,Agri Land,,5215,22.82
553282,7,Agri Land,,1957,8.56
553282,8,Agri Land,,1005,4.4
553282,9,Agri Land,,1110,4.86
553282,10,Agri Land,,420,1.84
553282,81,Settlement,,1962,8.59
553282,83,River,,231,1.01
553282,112,Waterbody,,170,0.75
553282,113,,,24,0.11
553230,1,Agri Land,,3172,6.87
553230,2,Agri Land,,934,2.02
553230,3,Agri Land,,8171,17.7
553230,4,Agri Land,,992,2.15
553230,5,Agri Land,,6835,14.81
553230,6,Agri Land,,3890,8.43
553230,7,Agri Land,,5501,11.92
553230,8,Agri Land,,3125,6.77
553230,9,Agri Land,,812,1.76
553230,10,Agri Land,,1304,2.82
553230,11,,,933,2.02
553230,12,,,944,2.05
553230,81,Settlement,,7980,17.29
553230,83,River,,555,1.2
553230,86,,,123,0.27
553230,112,Waterbody,,139,0.3
553230,113,,,691,1.5
553230,119,,,59,0.13
554908,1,Agri Land,,2020,17.68
554908,2,Agri Land,,1158,10.14
554908,3,Agri Land,,2513,21.99
554908,4,Agri Land,,1982,17.35
554908,81,Settlement,,1125,9.85
554908,83,River,,2594,22.7
554908,112,Waterbody,,25,0.22
554908,113,,,9,0.08
553291,1,Agri Land,,575,1.41
553291,2,Agri Land,,2888,7.09
553291,3,Agri Land,,8500,20.88
553291,4,Agri Land,,8412,20.66
553291,5,Agri Land,,723,1.78
553291,6,Agri Land,,1776,4.36
553291,7,Agri Land,,1334,3.28
553291,8,Agri Land,,367,0.9
553291,9,Agri Land,,1124,2.76
553291,10,Agri Land,,812,1.99
553291,11,,,2148,5.28
553291,12,,,1105,2.71
553291,13,,,743,1.82
553291,14,,,1746,4.29
553291,15,,,2227,5.47
553291,81,Settlement,,1978,4.86
553291,82,,,4,0.01
553291,83,River,,4125,10.13
553291,112,Waterbody,,125,0.31
553291,113,,,2,0
553288,1,Agri Land,,446,1.91
553288,2,Agri Land,,790,3.38
553288,3,Agri Land,,559,2.39
553288,4,Agri Land,,5541,23.73
553288,5,Agri Land,,1913,8.2
553288,6,Agri Land,,2376,10.18
553288,7,Agri Land,,513,2.2
553288,8,Agri Land,,87,0.37
553288,9,Agri Land,,1321,5.66
553288,10,Agri Land,,981,4.2
553288,81,Settlement,,4151,17.78
553288,83,River,,2056,8.81
553288,84,,,2237,9.58
553288,86,,,44,0.19
553288,112,Waterbody,,222,0.95
553288,113,,,45,0.19
553288,119,,,65,0.28
554906,1,Agri Land,,1108,4.81
554906,2,Agri Land,,1613,7
554906,3,Agri Land,,1745,7.58
554906,4,Agri Land,,1615,7.01
554906,5,Agri Land,,4264,18.51
554906,6,Agri Land,,449,1.95
554906,7,Agri Land,,1293,5.61
554906,8,Agri Land,,2205,9.57
554906,80,,,94,0.41
554906,81,Settlement,,6407,27.82
554906,83,River,,832,3.61
554906,84,,,803,3.49
554906,86,,,40,0.17
554906,112,Waterbody,,180,0.78
554906,113,,,81,0.35
554906,118,,,3,0.01
554906,119,,,300,1.3
554909,1,Agri Land,,1003,4.12
554909,2,Agri Land,,198,0.81
554909,3,Agri Land,,280,1.15
554909,4,Agri Land,,537,2.21
554909,5,Agri Land,,259,1.06
554909,6,Agri Land,,507,2.08
554909,7,Agri Land,,65,0.27
554909,8,Agri Land,,3235,13.29
554909,9,Agri Land,,3348,13.75
554909,81,Settlement,,2260,9.28
554909,83,River,,4542,18.65
554909,84,,,7920,32.53
554909,86,,,17,0.07
554909,112,Waterbody,,117,0.48
554909,113,,,60,0.25
554909,115,,,1,0
554909,118,,,1,0
554952,1,Agri Land,,1672,6.1
554952,2,Agri Land,,1321,4.82
554952,3,Agri Land,,2779,10.14
554952,4,Agri Land,,2045,7.46
554952,5,Agri Land,,392,1.43
554952,6,Agri Land,,344,1.25
554952,7,Agri Land,,208,0.76
554952,8,Agri Land,,965,3.52
554952,9,Agri Land,,731,2.67
554952,10,Agri Land,,1282,4.68
554952,11,,,463,1.69
554952,12,,,779,2.84
554952,13,,,1361,4.97
554952,14,,,1761,6.43
554952,15,,,3277,11.96
554952,16,,,1964,7.17
554952,81,Settlement,,2405,8.78
554952,83,River,,3402,12.42
554952,112,Waterbody,,240,0.88
554952,113,,,3,0.01
554918,1,Agri Land,,3522,21.9
554918,2,Agri Land,,3022,18.79
554918,3,Agri Land,,1849,11.49
554918,4,Agri Land,,975,6.06
554918,5,Agri Land,,960,5.97
554918,6,Agri Land,,1113,6.92
554918,7,Agri Land,,430,2.68
554918,8,Agri Land,,1575,9.79
554918,81,Settlement,,1386,8.62
554918,82,,,225,1.4
554918,83,River,,1026,6.38
554961,1,Agri Land,,9185,22.07
554961,2,Agri Land,,1732,4.16
554961,3,Agri Land,,3478,8.36
554961,4,Agri Land,,3310,7.95
554961,5,Agri Land,,287,0.69
554961,6,Agri Land,,2412,5.79
554961,7,Agri Land,,6046,14.53
554961,8,Agri Land,,4018,9.65
554961,81,Settlement,,8072,19.39
554961,83,River,,2508,6.02
554961,84,,,82,0.2
554961,86,,,73,0.18
554961,112,Waterbody,,393,0.94
554961,113,,,26,0.06
554977,1,Agri Land,,531,3.25
554977,2,Agri Land,,3521,21.58
554977,3,Agri Land,,3740,22.92
554977,4,Agri Land,,3537,21.68
554977,5,Agri Land,,720,4.41
554977,6,Agri Land,,978,5.99
554977,7,Agri Land,,697,4.27
554977,81,Settlement,,1844,11.3
554977,82,,,240,1.47
554977,83,River,,509,3.12
554979,1,Agri Land,,50,0.25
554979,2,Agri Land,,3017,15.07
554979,3,Agri Land,,1397,6.98
554979,4,Agri Land,,1318,6.58
554979,5,Agri Land,,95,0.48
554979,6,Agri Land,,2577,12.87
554979,7,Agri Land,,1780,8.89
554979,8,Agri Land,,751,3.75
554979,9,Agri Land,,701,3.5
554979,10,Agri Land,,624,3.12
554979,80,,,31,0.15
554979,81,Settlement,,5042,25.18
554979,83,River,,1115,5.57
554979,84,,,1397,6.98
554979,86,,,48,0.24
554979,112,Waterbody,,51,0.25
554979,113,,,22,0.11
554979,119,,,7,0.03
554994,1,Agri Land,,17,0.04
554994,2,Agri Land,,4388,9.44
554994,3,Agri Land,,1559,3.35
554994,4,Agri Land,,307,0.66
554994,5,Agri Land,,298,0.64
554994,6,Agri Land,,330,0.71
554994,7,Agri Land,,1325,2.85
554994,8,Agri Land,,5690,12.24
554994,9,Agri Land,,1034,2.22
554994,10,Agri Land,,259,0.56
554994,11,,,2018,4.34
554994,12,,,904,1.94
554994,13,,,6765,14.55
554994,81,Settlement,,7641,16.44
554994,83,River,,6912,14.87
554994,84,,,6684,14.38
554994,86,,,94,0.2
554994,112,Waterbody,,98,0.21
554994,113,,,120,0.26
554994,119,,,44,0.1
555202,1,Agri Land,,791,4.18
555202,2,Agri Land,,3224,17.04
555202,3,Agri Land,,2924,15.45
555202,4,Agri Land,,651,3.44
555202,5,Agri Land,,226,1.19
555202,6,Agri Land,,3444,18.2
555202,7,Agri Land,,208,1.1
555202,8,Agri Land,,1873,9.9
555202,9,Agri Land,,258,1.36
555202,10,Agri Land,,716,3.79
555202,81,Settlement,,3781,19.98
555202,83,River,,315,1.66
555202,84,,,420,2.22
555202,86,,,53,0.28
555202,112,Waterbody,,15,0.08
555202,113,,,10,0.05
555202,115,,,3,0.01
555202,119,,,8,0.04
555233,1,Agri Land,,3572,12.49
555233,2,Agri Land,,4083,14.27
555233,3,Agri Land,,387,1.35
555233,4,Agri Land,,1178,4.12
555233,5,Agri Land,,781,2.73
555233,6,Agri Land,,2604,9.1
555233,7,Agri Land,,727,2.54
555233,8,Agri Land,,2548,8.91
555233,9,Agri Land,,521,1.82
555233,10,Agri Land,,605,2.12
555233,11,,,53,0.19
555233,12,,,6292,21.99
555233,13,,,1658,5.79
555233,81,Settlement,,2151,7.52
555233,82,,,1,0.01
555233,83,River,,1420,4.96
555233,85,Forest,,29,0.1
555239,1,Agri Land,,798,3.36
555239,2,Agri Land,,1819,7.66
555239,3,Agri Land,,2592,10.91
555239,4,Agri Land,,1162,4.89
555239,5,Agri Land,,275,1.16
555239,6,Agri Land,,1573,6.62
555239,7,Agri Land,,5790,24.37
555239,8,Agri Land,,315,1.32
555239,9,Agri Land,,405,1.7
555239,10,Agri Land,,3540,14.9
555239,81,Settlement,,4247,17.88
555239,83,River,,285,1.2
555239,84,,,553,2.33
555239,112,Waterbody,,341,1.44
555239,113,,,61,0.26
555255,1,Agri Land,,7582,28.78
555255,2,Agri Land,,2489,9.45
555255,3,Agri Land,,685,2.6
555255,4,Agri Land,,2359,8.96
555255,5,Agri Land,,3613,13.72
555255,6,Agri Land,,686,2.6
555255,7,Agri Land,,3130,11.88
555255,8,Agri Land,,2077,7.89
555255,81,Settlement,,2675,10.15
555255,83,River,,861,3.27
555255,91,,,79,0.3
555255,112,Waterbody,,69,0.26
555255,113,,,37,0.14
555270,1,Agri Land,,1696,6.65
555270,2,Agri Land,,651,2.55
555270,3,Agri Land,,701,2.75
555270,4,Agri Land,,1113,4.36
555270,5,Agri Land,,905,3.55
555270,6,Agri Land,,5825,22.83
555270,7,Agri Land,,1769,6.94
555270,8,Agri Land,,4974,19.5
555270,9,Agri Land,,4371,17.13
555270,10,Agri Land,,720,2.82
555270,11,,,897,3.52
555270,81,Settlement,,1565,6.13
555270,83,River,,317,1.24
555270,112,Waterbody,,5,0.02
555270,113,,,2,0.01
557336,1,Agri Land,,1281,4.16
557336,2,Agri Land,,3727,12.1
557336,3,Agri Land,,6804,22.08
557336,4,Agri Land,,1070,3.47
557336,5,Agri Land,,4410,14.31
557336,6,Agri Land,,4162,13.51
557336,7,Agri Land,,1949,6.33
557336,8,Agri Land,,241,0.78
557336,9,Agri Land,,1649,5.35
557336,10,Agri Land,,178,0.58
557336,81,Settlement,,4115,13.36
557336,83,River,,675,2.19
557336,84,,,470,1.53
557336,112,Waterbody,,55,0.18
557336,113,,,24,0.08
557315,1,Agri Land,,509,2.02
557315,2,Agri Land,,1383,5.49
557315,3,Agri Land,,787,3.12
557315,4,Agri Land,,6820,27.09
557315,5,Agri Land,,1754,6.97
557315,6,Agri Land,,1395,5.54
557315,7,Agri Land,,812,3.22
557315,8,Agri Land,,1359,5.4
557315,9,Agri Land,,2642,10.49
557315,10,Agri Land,,156,0.62
557315,11,,,319,1.27
557315,12,,,46,0.18
557315,80,,,120,0.48
557315,81,Settlement,,6659,26.45
557315,83,River,,26,0.1
557315,84,,,61,0.24
557315,86,,,16,0.06
557315,112,Waterbody,,32,0.13
557315,113,,,212,0.84
557315,115,,,51,0.2
557315,118,,,2,0.01
557315,119,,,16,0.06
557345,1,Agri Land,,1441,6.92
557345,2,Agri Land,,257,1.23
557345,3,Agri Land,,5347,25.66
557345,4,Agri Land,,1474,7.07
557345,5,Agri Land,,2564,12.31
557345,6,Agri Land,,4442,21.32
557345,7,Agri Land,,163,0.78
557345,81,Settlement,,4424,21.23
557345,83,River,,449,2.16
557345,84,,,165,0.79
557345,86,,,7,0.03
557345,112,Waterbody,,63,0.3
557345,113,,,26,0.12
557345,119,,,15,0.07
557312,1,Agri Land,,6091,18.28
557312,2,Agri Land,,4717,14.15
557312,3,Agri Land,,748,2.24
557312,4,Agri Land,,2576,7.73
557312,5,Agri Land,,1580,4.74
557312,6,Agri Land,,3349,10.05
557312,7,Agri Land,,123,0.37
557312,8,Agri Land,,1837,5.51
557312,9,Agri Land,,1931,5.79
557312,80,,,95,0.28
557312,81,Settlement,,7430,22.29
557312,83,River,,1581,4.74
557312,84,,,1225,3.68
557312,112,Waterbody,,44,0.13
557312,113,,,1,0
557364,1,Agri Land,,6336,17.04
557364,2,Agri Land,,8188,22.03
557364,3,Agri Land,,1685,4.53
557364,4,Agri Land,,7695,20.7
557364,5,Agri Land,,7003,18.84
557364,6,Agri Land,,125,0.34
557364,7,Agri Land,,1032,2.78
557364,8,Agri Land,,481,1.29
557364,81,Settlement,,4220,11.35
557364,83,River,,154,0.41
557364,105,,,130,0.35
557364,108,,,40,0.11
557364,112,Waterbody,,39,0.11
557364,113,,,45,0.12
557385,1,Agri Land,,34,0.28
557385,2,Agri Land,,353,2.91
557385,3,Agri Land,,1780,14.65
557385,4,Agri Land,,3918,32.25
557385,5,Agri Land,,263,2.17
557385,6,Agri Land,,3095,25.47
557385,7,Agri Land,,985,8.1
557385,8,Agri Land,,59,0.49
557385,81,Settlement,,1522,12.53
557385,112,Waterbody,,119,0.98
557385,113,,,22,0.18
557725,1,Agri Land,,9252,29.1
557725,2,Agri Land,,5036,15.84
557725,3,Agri Land,,1476,4.64
557725,4,Agri Land,,1990,6.26
557725,5,Agri Land,,7785,24.49
557725,6,Agri Land,,621,1.95
557725,7,Agri Land,,920,2.89
557725,81,Settlement,,3606,11.34
557725,83,River,,512,1.61
557725,84,,,387,1.22
557725,85,Forest,,105,0.33
557725,113,,,100,0.31
557704,1,Agri Land,,414,1.97
557704,2,Agri Land,,9626,45.68
557704,3,Agri Land,,8622,40.92
557704,4,Agri Land,,196,0.93
557704,81,Settlement,,2104,9.99
557704,83,River,,50,0.24
557704,113,,,58,0.28
557734,1,Agri Land,,3826,12.6
557734,2,Agri Land,,12331,40.61
557734,3,Agri Land,,3282,10.81
557734,4,Agri Land,,1254,4.13
557734,5,Agri Land,,1492,4.91
557734,6,Agri Land,,142,0.47
557734,81,Settlement,,6590,21.7
557734,83,River,,667,2.2
557734,84,,,581,1.91
557734,85,Forest,,71,0.23
557734,86,,,71,0.23
557734,112,Waterbody,,9,0.03
557734,113,,,52,0.17
557790,1,Agri Land,,156,0.82
557790,2,Agri Land,,6053,31.97
557790,3,Agri Land,,1642,8.67
557790,4,Agri Land,,454,2.4
557790,5,Agri Land,,4422,23.35
557790,6,Agri Land,,1688,8.91
557790,7,Agri Land,,448,2.36
557790,8,Agri Land,,1402,7.41
557790,9,Agri Land,,854,4.51
557790,10,Agri Land,,401,2.12
557790,81,Settlement,,1064,5.62
557790,83,River,,339,1.79
557790,113,,,13,0.07
558503,1,Agri Land,,4225,14.01
558503,2,Agri Land,,2597,8.61
558503,3,Agri Land,,2862,9.49
558503,4,Agri Land,,376,1.25
558503,5,Agri Land,,4093,13.57
558503,6,Agri Land,,5905,19.58
558503,7,Agri Land,,454,1.5
558503,8,Agri Land,,2155,7.15
558503,9,Agri Land,,3881,12.87
558503,10,Agri Land,,1038,3.44
558503,11,,,182,0.6
558503,12,,,416,1.38
558503,81,Settlement,,1409,4.67
558503,83,River,,338,1.12
558503,112,Waterbody,,132,0.44
558503,113,,,97,0.32
557773,1,Agri Land,,517,1.48
557773,2,Agri Land,,19010,54.42
557773,3,Agri Land,,2887,8.27
557773,4,Agri Land,,2640,7.56
557773,5,Agri Land,,1861,5.33
557773,6,Agri Land,,1285,3.68
557773,81,Settlement,,6041,17.29
557773,83,River,,369,1.06
557773,84,,,234,0.67
557773,113,,,90,0.26
558527,1,Agri Land,,760,3.1
558527,2,Agri Land,,2536,10.35
558527,3,Agri Land,,3201,13.06
558527,4,Agri Land,,437,1.78
558527,5,Agri Land,,5474,22.33
558527,6,Agri Land,,326,1.33
558527,7,Agri Land,,161,0.66
558527,8,Agri Land,,7920,32.31
558527,81,Settlement,,2691,10.98
558527,83,River,,477,1.94
558527,84,,,51,0.21
558527,112,Waterbody,,293,1.19
558527,113,,,189,0.77
558542,1,Agri Land,,315,2.12
558542,2,Agri Land,,749,5.06
558542,3,Agri Land,,1245,8.41
558542,4,Agri Land,,1812,12.23
558542,5,Agri Land,,1152,7.78
558542,6,Agri Land,,444,2.99
558542,7,Agri Land,,3467,23.4
558542,8,Agri Land,,169,1.14
558542,9,Agri Land,,2702,18.25
558542,10,Agri Land,,707,4.78
558542,81,Settlement,,1262,8.52
558542,83,River,,636,4.29
558542,112,Waterbody,,130,0.87
558542,113,,,22,0.15
558573,1,Agri Land,,4145,15.63
558573,2,Agri Land,,3658,13.8
558573,3,Agri Land,,7514,28.34
558573,4,Agri Land,,396,1.49
558573,5,Agri Land,,1021,3.85
558573,6,Agri Land,,604,2.28
558573,81,Settlement,,8949,33.75
558573,83,River,,85,0.32
558573,84,,,41,0.15
558573,86,,,71,0.27
558573,112,Waterbody,,16,0.06
558573,113,,,17,0.06
558558,1,Agri Land,,5897,11.39
558558,2,Agri Land,,5420,10.47
558558,3,Agri Land,,756,1.46
558558,4,Agri Land,,17546,33.9
558558,5,Agri Land,,12225,23.62
558558,6,Agri Land,,429,0.83
558558,7,Agri Land,,300,0.58
558558,81,Settlement,,7063,13.65
558558,83,River,,339,0.65
558558,109,,,137,0.26
558558,112,Waterbody,,708,1.37
558558,113,,,941,1.82
558550,2,Agri Land,,292,1.41
558550,3,Agri Land,,3903,18.88
558550,4,Agri Land,,1993,9.64
558550,5,Agri Land,,2958,14.31
558550,6,Agri Land,,3285,15.89
558550,7,Agri Land,,30,0.14
558550,8,Agri Land,,211,1.02
558550,81,Settlement,,7342,35.51
558550,109,,,12,0.06
558550,112,Waterbody,,298,1.44
558550,113,,,350,1.69
558549,1,Agri Land,,431,3.17
558549,2,Agri Land,,1948,14.32
558549,3,Agri Land,,752,5.52
558549,4,Agri Land,,1612,11.85
558549,5,Agri Land,,840,6.17
558549,6,Agri Land,,4618,33.94
558549,7,Agri Land,,9,0.06
558549,8,Agri Land,,444,3.26
558549,80,,,51,0.38
558549,81,Settlement,,2710,19.91
558549,112,Waterbody,,35,0.26
558549,113,,,158,1.16
558592,1,Agri Land,,367,2.84
558592,2,Agri Land,,1774,13.73
558592,3,Agri Land,,901,6.97
558592,4,Agri Land,,2248,17.41
558592,5,Agri Land,,328,2.54
558592,6,Agri Land,,534,4.14
558592,7,Agri Land,,243,1.88
558592,8,Agri Land,,1665,12.89
558592,9,Agri Land,,1752,13.56
558592,10,Agri Land,,1884,14.59
558592,11,,,231,1.79
558592,12,,,144,1.11
558592,81,Settlement,,650,5.03
558592,83,River,,166,1.28
558592,112,Waterbody,,8,0.06
558592,113,,,21,0.16
558576,1,Agri Land,,4144,10.07
558576,2,Agri Land,,4373,10.63
558576,3,Agri Land,,1523,3.7
558576,4,Agri Land,,6926,16.83
558576,5,Agri Land,,73,0.18
558576,6,Agri Land,,1270,3.09
558576,7,Agri Land,,1084,2.63
558576,8,Agri Land,,7528,18.29
558576,9,Agri Land,,2446,5.94
558576,10,Agri Land,,1366,3.32
558576,11,,,4340,10.55
558576,12,,,1419,3.45
558576,13,,,913,2.22
558576,81,Settlement,,3115,7.57
558576,83,River,,126,0.31
558576,112,Waterbody,,448,1.09
558576,113,,,56,0.14
559408,1,Agri Land,,11188,39.87
559408,2,Agri Land,,913,3.25
559408,3,Agri Land,,3986,14.21
559408,4,Agri Land,,5616,20.02
559408,5,Agri Land,,2265,8.07
559408,6,Agri Land,,992,3.53
559408,81,Settlement,,2665,9.5
559408,82,,,91,0.33
559408,83,River,,341,1.22
559451,1,Agri Land,,7285,36.4
559451,2,Agri Land,,824,4.12
559451,3,Agri Land,,1471,7.35
559451,4,Agri Land,,6925,34.61
559451,5,Agri Land,,1124,5.62
559451,6,Agri Land,,1436,7.18
559451,81,Settlement,,728,3.64
559451,83,River,,127,0.63
559451,113,,,92,0.46
559486,1,Agri Land,,11518,39.59
559486,2,Agri Land,,4971,17.09
559486,3,Agri Land,,3390,11.65
559486,4,Agri Land,,3171,10.9
559486,5,Agri Land,,843,2.9
559486,6,Agri Land,,1780,6.12
559486,7,Agri Land,,1177,4.04
559486,81,Settlement,,1928,6.63
559486,83,River,,128,0.44
559486,104,,,26,0.09
559486,113,,,132,0.45
559486,115,,,26,0.09
559482,1,Agri Land,,1690,4.77
559482,2,Agri Land,,15404,43.52
559482,3,Agri Land,,1556,4.39
559482,4,Agri Land,,8599,24.29
559482,5,Agri Land,,1653,4.67
559482,6,Agri Land,,1160,3.28
559482,81,Settlement,,4338,12.26
559482,83,River,,352,1
559482,84,,,231,0.65
559482,85,Forest,,198,0.56
559482,90,,,21,0.06
559482,104,,,7,0.02
559482,112,Waterbody,,21,0.06
559482,113,,,142,0.4
559482,115,,,23,0.07
603602,1,Agri Land,,1932,10.41
603602,2,Agri Land,,3984,21.47
603602,3,Agri Land,,2810,15.14
603602,4,Agri Land,,181,0.97
603602,5,Agri Land,,2259,12.17
603602,6,Agri Land,,5159,27.8
603602,80,,,151,0.81
603602,81,Settlement,,1125,6.06
603602,83,River,,700,3.77
603602,86,,,3,0.02
603602,112,Waterbody,,236,1.27
603602,113,,,16,0.09
603602,118,,,3,0.02
603605,1,Agri Land,,8120,30.89
603605,2,Agri Land,,541,2.06
603605,3,Agri Land,,4244,16.15
603605,4,Agri Land,,1112,4.23
603605,5,Agri Land,,380,1.45
603605,6,Agri Land,,2258,8.59
603605,7,Agri Land,,3274,12.45
603605,8,Agri Land,,2195,8.35
603605,81,Settlement,,4075,15.5
603605,83,River,,46,0.17
603605,112,Waterbody,,20,0.08
603605,113,,,23,0.09
603611,1,Agri Land,,190,0.37
603611,2,Agri Land,,6406,12.62
603611,3,Agri Land,,10815,21.31
603611,4,Agri Land,,3650,7.19
603611,5,Agri Land,,11000,21.67
603611,6,Agri Land,,1887,3.72
603611,7,Agri Land,,3049,6.01
603611,8,Agri Land,,8269,16.29
603611,9,Agri Land,,759,1.49
603611,81,Settlement,,2592,5.11
603611,83,River,,967,1.91
603611,86,,,7,0.01
603611,112,Waterbody,,889,1.75
603611,113,,,199,0.39
603611,119,,,78,0.15
603626,1,Agri Land,,26760,53.12
603626,2,Agri Land,,409,0.81
603626,3,Agri Land,,732,1.45
603626,4,Agri Land,,6531,12.97
603626,5,Agri Land,,8144,16.17
603626,81,Settlement,,7276,14.44
603626,83,River,,447,0.89
603626,86,,,64,0.13
603626,112,Waterbody,,9,0.02
559494,1,Agri Land,,10981,16.14
559494,2,Agri Land,,5925,8.71
559494,3,Agri Land,,6770,9.95
559494,4,Agri Land,,1817,2.67
559494,5,Agri Land,,13749,20.21
559494,6,Agri Land,,2737,4.02
559494,7,Agri Land,,2815,4.14
559494,8,Agri Land,,10651,15.66
559494,9,Agri Land,,4044,5.94
559494,10,Agri Land,,1102,1.62
559494,11,,,380,0.56
559494,81,Settlement,,6317,9.29
559494,83,River,,334,0.49
559494,112,Waterbody,,81,0.12
559494,113,,,326,0.48
603644,1,Agri Land,,2849,15.2
603644,2,Agri Land,,323,1.72
603644,3,Agri Land,,2936,15.67
603644,4,Agri Land,,2332,12.44
603644,5,Agri Land,,5155,27.51
603644,6,Agri Land,,2483,13.25
603644,81,Settlement,,2221,11.85
603644,83,River,,338,1.81
603644,112,Waterbody,,87,0.46
603644,113,,,15,0.08
603668,1,Agri Land,,442,2.31
603668,2,Agri Land,,5158,27.01
603668,3,Agri Land,,1925,10.08
603668,4,Agri Land,,826,4.32
603668,5,Agri Land,,4705,24.64
603668,6,Agri Land,,2931,15.35
603668,81,Settlement,,1845,9.66
603668,83,River,,854,4.47
603668,86,,,8,0.04
603668,112,Waterbody,,225,1.18
603668,113,,,80,0.42
603668,119,,,94,0.49
603671,1,Agri Land,,1642,5.85
603671,2,Agri Land,,444,1.58
603671,3,Agri Land,,6350,22.64
603671,4,Agri Land,,1564,5.58
603671,5,Agri Land,,465,1.66
603671,6,Agri Land,,670,2.39
603671,7,Agri Land,,4037,14.39
603671,8,Agri Land,,4946,17.63
603671,9,Agri Land,,2153,7.68
603671,81,Settlement,,5115,18.23
603671,83,River,,224,0.8
603671,84,,,14,0.05
603671,85,Forest,,216,0.77
603671,86,,,19,0.07
603671,109,,,13,0.05
603671,113,,,64,0.23
603671,119,,,118,0.42
603687,1,Agri Land,,116,2.37
603687,2,Agri Land,,1517,31.02
603687,3,Agri Land,,374,7.64
603687,4,Agri Land,,335,6.84
603687,5,Agri Land,,1075,21.97
603687,81,Settlement,,1429,29.2
603687,83,River,,37,0.76
603687,86,,,7,0.15
603687,113,,,3,0.05
603677,1,Agri Land,,1417,3.24
603677,2,Agri Land,,710,1.62
603677,3,Agri Land,,1620,3.7
603677,4,Agri Land,,967,2.21
603677,5,Agri Land,,9656,22.05
603677,6,Agri Land,,5980,13.66
603677,7,Agri Land,,11403,26.04
603677,8,Agri Land,,4584,10.47
603677,81,Settlement,,6586,15.04
603677,83,River,,467,1.07
603677,112,Waterbody,,251,0.57
603677,113,,,149,0.34
605835,1,Agri Land,,6026,22.07
605835,2,Agri Land,,7225,26.46
605835,3,Agri Land,,2326,8.52
605835,4,Agri Land,,3374,12.36
605835,5,Agri Land,,1154,4.23
605835,6,Agri Land,,3064,11.22
605835,81,Settlement,,3304,12.1
605835,83,River,,148,0.54
605835,112,Waterbody,,680,2.49
605814,1,Agri Land,,16156,41.99
605814,2,Agri Land,,5143,13.37
605814,3,Agri Land,,560,1.46
605814,4,Agri Land,,4233,11
605814,5,Agri Land,,692,1.8
605814,6,Agri Land,,3230,8.4
605814,7,Agri Land,,1801,4.68
605814,8,Agri Land,,1223,3.18
605814,81,Settlement,,3064,7.96
605814,83,River,,155,0.4
605814,112,Waterbody,,2218,5.76
605856,1,Agri Land,,9121,21.8
605856,2,Agri Land,,6715,16.05
605856,3,Agri Land,,4170,9.97
605856,4,Agri Land,,7282,17.4
605856,5,Agri Land,,2352,5.62
605856,6,Agri Land,,2804,6.7
605856,7,Agri Land,,1331,3.18
605856,8,Agri Land,,187,0.45
605856,80,,,4,0.01
605856,81,Settlement,,7423,17.74
605856,83,River,,208,0.5
605856,84,,,73,0.17
605856,86,,,38,0.09
605856,112,Waterbody,,125,0.3
605856,113,,,11,0.03
605865,1,Agri Land,,778,1.6
605865,2,Agri Land,,7162,14.76
605865,3,Agri Land,,2021,4.16
605865,4,Agri Land,,161,0.33
605865,5,Agri Land,,1952,4.02
605865,6,Agri Land,,1971,4.06
605865,7,Agri Land,,6478,13.35
605865,8,Agri Land,,5895,12.15
605865,9,Agri Land,,1505,3.1
605865,10,Agri Land,,3275,6.75
605865,81,Settlement,,10225,21.07
605865,83,River,,480,0.99
605865,85,Forest,,5550,11.44
605865,86,,,56,0.11
605865,109,,,113,0.23
605865,112,Waterbody,,849,1.75
605865,113,,,32,0.07
605865,119,,,33,0.07
605874,1,Agri Land,,1975,5.73
605874,2,Agri Land,,642,1.86
605874,3,Agri Land,,1530,4.44
605874,4,Agri Land,,11411,33.08
605874,5,Agri Land,,6900,20.01
605874,6,Agri Land,,539,1.56
605874,7,Agri Land,,5268,15.27
605874,8,Agri Land,,1028,2.98
605874,81,Settlement,,4523,13.11
605874,83,River,,429,1.24
605874,112,Waterbody,,231,0.67
605874,113,,,17,0.05
605880,1,Agri Land,,5895,17.35
605880,2,Agri Land,,5590,16.46
605880,3,Agri Land,,2092,6.16
605880,4,Agri Land,,379,1.12
605880,5,Agri Land,,2685,7.9
605880,6,Agri Land,,4310,12.69
605880,7,Agri Land,,4055,11.94
605880,8,Agri Land,,3622,10.66
605880,81,Settlement,,4610,13.57
605880,83,River,,348,1.02
605880,112,Waterbody,,343,1.01
605880,113,,,38,0.11
609018,1,Agri Land,,5971,34.16
609018,2,Agri Land,,1280,7.33
609018,3,Agri Land,,681,3.9
609018,4,Agri Land,,872,4.99
609018,5,Agri Land,,4071,23.3
609018,80,,,103,0.59
609018,81,Settlement,,3538,20.24
609018,83,River,,505,2.89
609018,84,,,92,0.52
609018,112,Waterbody,,303,1.74
609018,113,,,17,0.1
609018,119,,,43,0.24
609023,1,Agri Land,,382,0.89
609023,2,Agri Land,,2512,5.82
609023,3,Agri Land,,758,1.76
609023,4,Agri Land,,853,1.98
609023,5,Agri Land,,1757,4.07
609023,6,Agri Land,,4898,11.35
609023,7,Agri Land,,12555,29.09
609023,8,Agri Land,,10064,23.32
609023,9,Agri Land,,5005,11.6
609023,81,Settlement,,3129,7.25
609023,83,River,,617,1.43
609023,112,Waterbody,,631,1.46
605883,1,Agri Land,,14480,33.6
605883,2,Agri Land,,5787,13.43
605883,3,Agri Land,,558,1.29
605883,4,Agri Land,,4220,9.79
605883,5,Agri Land,,7873,18.27
605883,6,Agri Land,,1545,3.58
605883,7,Agri Land,,3816,8.85
605883,8,Agri Land,,1372,3.18
605883,81,Settlement,,3006,6.97
605883,83,River,,58,0.13
605883,112,Waterbody,,372,0.86
605883,113,,,14,0.03
609032,1,Agri Land,,702,2.55
609032,2,Agri Land,,5195,18.88
609032,3,Agri Land,,3767,13.69
609032,4,Agri Land,,11532,41.9
609032,5,Agri Land,,3079,11.19
609032,80,,,27,0.1
609032,81,Settlement,,1484,5.39
609032,83,River,,998,3.63
609032,84,,,0,0
609032,86,,,9,0.03
609032,109,,,33,0.12
609032,112,Waterbody,,589,2.14
609032,113,,,106,0.38
609032,118,,,1,0
609033,1,Agri Land,,507,1.77
609033,2,Agri Land,,6699,23.4
609033,3,Agri Land,,268,0.94
609033,4,Agri Land,,6507,22.73
609033,5,Agri Land,,3572,12.48
609033,6,Agri Land,,4960,17.33
609033,7,Agri Land,,944,3.3
609033,8,Agri Land,,3243,11.33
609033,81,Settlement,,1370,4.79
609033,82,,,27,0.09
609033,83,River,,530,1.85
609047,1,Agri Land,,3915,10.63
609047,2,Agri Land,,5010,13.6
609047,3,Agri Land,,9033,24.53
609047,4,Agri Land,,10927,29.67
609047,5,Agri Land,,4083,11.09
609047,81,Settlement,,2684,7.29
609047,83,River,,829,2.25
609047,112,Waterbody,,348,0.95
609047,113,,,2,0
609050,1,Agri Land,,580,1.74
609050,2,Agri Land,,2180,6.53
609050,3,Agri Land,,2701,8.09
609050,4,Agri Land,,6083,18.22
609050,5,Agri Land,,9139,27.37
609050,6,Agri Land,,9567,28.66
609050,81,Settlement,,579,1.73
609050,83,River,,1007,3.02
609050,112,Waterbody,,1549,4.64
609027,1,Agri Land,,3349,10.88
609027,2,Agri Land,,3015,9.8
609027,3,Agri Land,,9685,31.47
609027,4,Agri Land,,10771,35
609027,81,Settlement,,2014,6.54
609027,83,River,,1038,3.37
609027,112,Waterbody,,858,2.79
609027,113,,,42,0.14
609063,1,Agri Land,,1743,7.67
609063,2,Agri Land,,2311,10.17
609063,3,Agri Land,,2994,13.18
609063,4,Agri Land,,1520,6.69
609063,6,Agri Land,,2365,10.41
609063,7,Agri Land,,2845,12.53
609063,8,Agri Land,,3103,13.66
609063,9,Agri Land,,1976,8.7
609063,80,,,40,0.18
609063,81,Settlement,,1159,5.1
609063,83,River,,595,2.62
609063,84,,,61,0.27
609063,112,Waterbody,,1884,8.29
609063,113,,,118,0.52
609086,1,Agri Land,,2004,7.77
609086,2,Agri Land,,15965,61.88
609086,3,Agri Land,,4217,16.34
609086,4,Agri Land,,1341,5.2
609086,81,Settlement,,316,1.22
609086,83,River,,1182,4.58
609086,112,Waterbody,,774,3
609089,1,Agri Land,,500,1.73
609089,2,Agri Land,,3641,12.6
609089,3,Agri Land,,542,1.88
609089,4,Agri Land,,1362,4.72
609089,5,Agri Land,,6230,21.56
609089,6,Agri Land,,2456,8.5
609089,7,Agri Land,,8201,28.39
609089,81,Settlement,,3856,13.35
609089,83,River,,967,3.35
609089,112,Waterbody,,1115,3.86
609089,113,,,21,0.07
609092,1,Agri Land,,99,0.31
609092,2,Agri Land,,1769,5.61
609092,3,Agri Land,,2938,9.32
609092,4,Agri Land,,812,2.58
609092,5,Agri Land,,172,0.55
609092,6,Agri Land,,3864,12.26
609092,7,Agri Land,,4691,14.88
609092,8,Agri Land,,6014,19.08
609092,9,Agri Land,,3749,11.89
609092,10,Agri Land,,2765,8.77
609092,81,Settlement,,2915,9.24
609092,83,River,,1003,3.18
609092,84,,,619,1.96
609092,112,Waterbody,,80,0.25
609092,113,,,39,0.12
609108,1,Agri Land,,924,5.42
609108,2,Agri Land,,825,4.84
609108,3,Agri Land,,3549,20.81
609108,4,Agri Land,,2616,15.34
609108,5,Agri Land,,5559,32.6
609108,6,Agri Land,,609,3.57
609108,81,Settlement,,1816,10.65
609108,83,River,,238,1.39
609108,112,Waterbody,,897,5.26
609108,113,,,19,0.11
609117,1,Agri Land,,274,1.11
609117,2,Agri Land,,994,4.02
609117,3,Agri Land,,879,3.56
609117,4,Agri Land,,1033,4.18
609117,5,Agri Land,,5369,21.72
609117,6,Agri Land,,4045,16.36
609117,7,Agri Land,,3937,15.93
609117,8,Agri Land,,2035,8.23
609117,9,Agri Land,,591,2.39
609117,81,Settlement,,4421,17.88
609117,83,River,,582,2.36
609117,112,Waterbody,,548,2.22
609117,113,,,10,0.04
609135,1,Agri Land,,1293,11.51
609135,2,Agri Land,,1681,14.96
609135,3,Agri Land,,735,6.54
609135,4,Agri Land,,786,7
609135,5,Agri Land,,1188,10.58
609135,6,Agri Land,,1368,12.18
609135,7,Agri Land,,1011,9
609135,8,Agri Land,,1381,12.29
609135,9,Agri Land,,249,2.22
609135,81,Settlement,,1120,9.97
609135,83,River,,265,2.36
609135,112,Waterbody,,155,1.38
609135,113,,,1,0.01
609131,1,Agri Land,,54,0.29
609131,2,Agri Land,,328,1.74
609131,3,Agri Land,,353,1.87
609131,4,Agri Land,,2838,15.04
609131,5,Agri Land,,2541,13.47
609131,6,Agri Land,,3214,17.04
609131,7,Agri Land,,3149,16.69
609131,8,Agri Land,,2803,14.86
609131,81,Settlement,,3274,17.35
609131,83,River,,236,1.25
609131,112,Waterbody,,73,0.39
609131,113,,,3,0.01
609138,1,Agri Land,,532,1.92
609138,2,Agri Land,,1770,6.39
609138,3,Agri Land,,649,2.34
609138,4,Agri Land,,700,2.53
609138,5,Agri Land,,759,2.74
609138,6,Agri Land,,4177,15.08
609138,7,Agri Land,,3462,12.5
609138,8,Agri Land,,3250,11.73
609138,9,Agri Land,,3669,13.25
609138,81,Settlement,,7408,26.74
609138,83,River,,771,2.78
609138,112,Waterbody,,537,1.94
609138,113,,,19,0.07
609127,1,Agri Land,,319,1.22
609127,2,Agri Land,,2343,8.94
609127,3,Agri Land,,417,1.59
609127,4,Agri Land,,1941,7.41
609127,5,Agri Land,,1234,4.71
609127,6,Agri Land,,579,2.21
609127,7,Agri Land,,649,2.48
609127,8,Agri Land,,2506,9.57
609127,9,Agri Land,,1515,5.78
609127,10,Agri Land,,6246,23.84
609127,81,Settlement,,2779,10.61
609127,83,River,,621,2.37
609127,84,,,153,0.58
609127,85,Forest,,70,0.27
609127,86,,,19,0.07
609127,112,Waterbody,,3794,14.48
609127,113,,,48,0.18
609127,119,,,116,0.44
609127,500,,,849,3.24
609141,1,Agri Land,,1764,3.63
609141,2,Agri Land,,2573,5.3
609141,3,Agri Land,,4452,9.17
609141,4,Agri Land,,810,1.67
609141,5,Agri Land,,245,0.5
609141,6,Agri Land,,326,0.67
609141,7,Agri Land,,12781,26.33
609141,8,Agri Land,,8958,18.46
609141,9,Agri Land,,10060,20.73
609141,10,Agri Land,,849,1.75
609141,81,Settlement,,3746,7.72
609141,83,River,,1422,2.93
609141,112,Waterbody,,526,1.08
609141,113,,,21,0.04
609153,1,Agri Land,,3402,12.53
609153,2,Agri Land,,390,1.44
609153,3,Agri Land,,4432,16.33
609153,4,Agri Land,,7813,28.79
609153,5,Agri Land,,3153,11.62
609153,6,Agri Land,,2674,9.85
609153,7,Agri Land,,2897,10.68
609153,81,Settlement,,2003,7.38
609153,83,River,,353,1.3
609153,112,Waterbody,,16,0.06
609153,113,,,8,0.03
609159,1,Agri Land,,2571,6.4
609159,2,Agri Land,,990,2.47
609159,3,Agri Land,,1273,3.17
609159,4,Agri Land,,5828,14.52
609159,5,Agri Land,,4837,12.05
609159,6,Agri Land,,8734,21.75
609159,7,Agri Land,,4409,10.98
609159,8,Agri Land,,5466,13.61
609159,81,Settlement,,4219,10.51
609159,83,River,,1059,2.64
609159,112,Waterbody,,753,1.87
609159,113,,,13,0.03
609162,1,Agri Land,,1586,5.42
609162,2,Agri Land,,4546,15.54
609162,3,Agri Land,,933,3.19
609162,4,Agri Land,,2762,9.44
609162,5,Agri Land,,356,1.22
609162,6,Agri Land,,421,1.44
609162,7,Agri Land,,1356,4.64
609162,8,Agri Land,,2300,7.86
609162,9,Agri Land,,5101,17.44
609162,10,Agri Land,,6007,20.54
609162,81,Settlement,,3126,10.69
609162,83,River,,696,2.38
609162,112,Waterbody,,55,0.19
609162,113,,,6,0.02
609160,1,Agri Land,,1317,6.05
609160,2,Agri Land,,4280,19.67
609160,3,Agri Land,,4257,19.57
609160,4,Agri Land,,2912,13.38
609160,5,Agri Land,,4653,21.39
609160,6,Agri Land,,146,0.67
609160,81,Settlement,,3855,17.72
609160,83,River,,114,0.53
609160,112,Waterbody,,222,1.02
609194,1,Agri Land,,594,2.25
609194,2,Agri Land,,413,1.56
609194,3,Agri Land,,16225,61.33
609194,4,Agri Land,,1600,6.05
609194,5,Agri Land,,2698,10.2
609194,6,Agri Land,,374,1.41
609194,81,Settlement,,3591,13.57
609194,83,River,,782,2.96
609194,112,Waterbody,,162,0.61
609194,113,,,14,0.05
